rank,sn,cihui,pinyin,ref_hanzi,ref_pinyin,pos,definition,example,definition_en
85008,1,笛膜,dí mó,,,名,贴在紧临吹孔的孔上的竹膜或苇膜，吹笛时可振动发声,笛膜破了需要更换｜吹笛前先贴好笛膜,bamboo membrane
85014,1,橡皮糖,xiàng pí táng,,,名,质地类似橡皮的糖果,孩子爱吃橡皮糖｜橡皮糖很有嚼劲,gummy candy
85016,1,照面儿,zhào miàn er,,,名,短暂的碰面,打了个照面儿,brief encounter
85016,2,照面儿,zhào miàn er,,,动,露面,他三天没照面儿了。,to show up
85019,1,赶趟儿,gǎn tàng er,,,动,赶得上；来得及,我来得太晚了，还赶趟儿吗?,to be in time
85021,1,凉白开,liáng bái kāi,,,名,凉了的白开水,运动后喝杯凉白开｜凉白开最解渴,cooled boiled water
85022,1,揭疮疤,jiē chuāng bā,,,,比喻揭露别人的短处或痛处,不要总揭疮疤｜他爱揭疮疤伤人,to expose someone's sore spot
85023,1,亲家公,qìng jia gōng,,,名,对儿子的岳丈或女儿的公公的称呼,亲家公来做客｜亲家公很健谈,son's father-in-law or daughter's father-in-law
85027,1,花池子,huā chí zi,,,名,中间种植花草、四周围有矮栏的地方,花池子开满月季｜修剪花池子,flower bed
85039,1,削肩,xuē jiān,,,名,【溜肩膀】明显向下倾斜的两肩,她天生是削肩｜削肩穿旗袍好看,sloping shoulders
85048,1,赶活儿,gǎn huó er,,,动,赶工,我正忙着赶活儿呢!,to rush work
85055,1,棺材瓤子,guān cai ráng zi,,,,咒骂或戏称年老或体弱多病的人,老棺材瓤子还逞能｜别理那棺材瓤子,old or sick person (derogatory)
85076,1,欣慕,xīn mù,,,动,喜爱而仰慕,欣慕之情,to admire
85093,1,焦煳,jiāo hú,,,形,又焦又煳,一股焦煳味儿,scorched
85101,1,深耕细作,shēn gēng xì zuò,,,,深耕土地，进行细致的田间管理,深耕细作产量高｜坚持深耕细作,deep plowing and careful cultivation
85105,1,大天白日,dà tiān bái rì,,,,白天（含强调意）,大天白日说梦话,broad daylight
85117,1,指甲盖儿,zhǐ jia gài er,,,名,指甲,指甲盖儿裂了｜涂红指甲盖儿,fingernail
85123,1,采景,cǎi jǐng,,,动,选取景物（多用于摄影、摄像）,摄影师外出采景｜为电影采景,to scout locations
85161,1,爽然若失,shuǎng rán ruò shī,,,,神情茫然，若有所失。形容心里不踏实，总好像缺了什么似的,他爽然若失站着｜消息让他爽然若失,dispirited and lost
85169,1,烂糊,làn hu,,,形,很烂（多指食物）,大米粥熬得挺烂糊的。,mushy
85170,1,打钩,dǎ gōu,,,动,在文字材料上画“√”，用来表示正确或认可,他答的每道题，老师都打钩了｜请在您选中项目的左侧“□”内打钩。,to checkmark
85173,1,云遮雾障,yún zhē wù zhàng,,,,云雾弥漫，遮蔽使看不清楚,山顶云遮雾障｜云遮雾障看不清,shrouded in mist
85174,1,悲咽,bēi yè,,,动,悲伤哽咽,阵阵悲咽,to sob with grief
85175,1,销账,xiāo zhàng,,,动,把了结的账目从账上注销,这笔账可以销账｜财务正在销账,to write off an account
85176,1,贼星,zéi xīng,,,名,【流星】星际空间的固体块和尘粒闯入地球大气层时，同大气摩擦燃烧形成的飞速划过天空的光迹。俗称贼星。,夜空中划过贼星｜贼星一闪即逝,meteor
85182,1,蜜供,mì gòng,,,名,本指供奉神、佛、祖宗等的用浓糖浆浸渍的面食，后成为一种糕点,蜜供是传统糕点｜上供用蜜供,candied pastry offering
85192,1,浑话,hún huà,,,名,无理的话；无聊的话,少说浑话｜浑话惹人厌,nonsense
85203,1,炊饼,chuī bǐng,,,名,蒸饼（多见于近代汉语）,武大郎卖炊饼｜炊饼热乎乎,steamed cake
85242,1,申讨,shēn tǎo,,,动,公开揭露和谴责,申讨侵略者的罪行。,to denounce
85256,1,哑场,yǎ chǎng,,,动,开会时没人发言或中断发言,会议突然哑场了｜讨论时出现哑场,awkward silence in a meeting
85256,2,哑场,yǎ chǎng,,,动,戏剧表演中突然中断一切声响,舞台突然哑场｜哑场三秒钟,sudden silence in a performance
85279,1,绵绸,mián chóu,,,名,用绢纺中的下脚料为原料纺织成的平纹绸，表面不光滑，厚实柔韧，可作衣料等,绵绸做夏装｜绵绸很舒适,fabric from waste silk
85280,1,凋败,diāo bài,,,动,凋敝；凋零,百草凋败｜家业凋败,withered
85289,1,抓髻,zhuā ji,,,名,梳在头顶两旁的发髻,梳着抓髻｜抓髻俏皮可爱,bun hairstyle
85309,1,愚陋,yú lòu,,,形,愚昧浅陋,愚陋之论,ignorant and shallow
85315,1,顶账,dǐng zhàng,,,动,抵债,用货物顶账｜顶账抵债,to pay a debt in kind
85331,1,退亲,tuì qīn,,,动,退婚,两家决定退亲｜退亲不容易,to break off an engagement
85349,1,镇尺,zhèn chǐ,,,名,直尺形的镇纸,镇尺压纸张｜玉镇尺很重,paperweight ruler
85350,1,冰硬,bīng yìng,,,形,形容物体像冰一样又凉又硬,柿子冻得冰硬｜桥上的栏杆摸上去冰硬冰硬的。,ice-cold and hard
85370,1,贵恙,guì yàng,,,名,敬词，用于称对方的病,贵恙如何?,your illness (polite)
85374,1,阿嚏,ā tì,,,拟声,模拟打喷嚏的声音,阿嚏！感冒了｜连续打阿嚏,achoo
85375,1,歇伏,xiē fú,,,动,伏天歇工休息,趁歇伏走亲戚,to take a summer break
85388,1,推见,tuī jiàn,,,动,从一个方面推想到其他方面,从这篇文章的深刻、严谨，可以推见作者下了很大的工夫。,to infer
85421,1,盲打,máng dǎ,,,动,指打字者只看原稿不看键盘打字,他学会盲打｜盲打速度很快,touch typing
85428,1,悲楚,bēi chǔ,,,形,悲伤凄楚,想到亡人，无限悲楚。,sorrowful
85438,1,公子王孙,gōng zǐ wáng sūn,,,,指贵族、官绅的子弟,公子王孙游春｜尽是公子王孙,children of nobility
85454,1,劝让,quàn ràng,,,动,用劝说来请人做（某事）,无论谁劝让，开车前他决不喝酒。,to persuade someone to do something
85472,1,簸荡,bǒ dàng,,,动,上下颠簸，左右摇荡,船在海上航行，比在江河中簸荡得厉害。,to toss and sway
85484,1,欢慰,huān wèi,,,形,喜悦欣慰,欢慰的心情难以用言语表达。,happy and relieved
85488,1,网绳,wǎng shéng,,,名,用来拉网的绳索,拉紧网绳｜网绳结实,net rope
85489,1,壁钟,bì zhōng,,,名,挂钟,壁钟敲三下｜墙上挂壁钟,wall clock
85491,1,望风捕影,wàng fēng bǔ yǐng,,,,捕风捉影,望风捕影不可信｜别望风捕影,to chase shadows
85497,1,哩哩啦啦,lī li lā lā,,,形,形容零散或断断续续的样子,这雨哩哩啦啦的，真烦人。,scattered and intermittent
85499,1,电磨,diàn mò,,,名,利用电能驱动的、用来碾碎粮食的器具,电磨磨豆浆｜新买电磨,electric mill
85501,1,谐剧,xié jù,,,名,一种幽默滑稽的戏剧样式，流行于四川。演出时由一名演员扮演特定的人物，跟实际不存在的对象“对话”，表现一定的故事情节。语言风趣诙谐,谐剧很有趣｜看四川谐剧,Sichuan comic theater
85525,1,安如泰山,ān rú tài shān,,,,稳如泰山,公司安如泰山｜地位安如泰山,as stable as Mount Tai
85540,1,一连气儿,yī lián qì er,,,副,接连不断地,一连气儿说了很多话｜一连气儿地从书包里拿出很多东西。,in rapid succession
85543,1,网巾,wǎng jīn,,,名,用丝线等结成的网状头巾,戴网巾束发｜古代用网巾,hairnet
85574,1,一差二错,yī chā èr cuò,,,,意外的差错或变故（多指可能发生的）,如果有个一差二错，我就没法儿交代了｜不知怎么一差二错，把事情搞到这个地步。,possible mishap
85613,1,馋鬼,chán guǐ,,,名,指嘴馋好（hào）吃的人,馋鬼偷吃｜真是个馋鬼,glutton
85652,1,釜底游鱼,fǔ dǐ yóu yú,,,,锅中游动着的鱼。比喻处在绝境中的人,他如釜底游鱼｜釜底游鱼难逃,fish in a pot
85678,1,乔扮,qiáo bàn,,,动,乔装打扮,乔扮成商人｜巧妙乔扮,to disguise oneself
85681,1,弃甲曳兵,qì jiǎ yè bīng,,,,丢掉铠甲，拖着兵器。形容打败仗惊慌逃跑的样子,敌军弃甲曳兵｜弃甲曳兵而逃,to flee in defeat
85721,1,鹬蚌相争，渔翁得利,yù bàng xi āng zhēng yú wēng dé lì,,,,《战国策·燕策二》中说：蚌张开壳晒太阳，鹬去啄它的肉，被蚌壳夹住了嘴，双方相持不下，最后都被渔人捉住。比喻双方相争，让第三者从中得到好处,鹬蚌相争，渔翁得利,"When the snipe and clam grapple, the fisherman profits"
85723,1,老来俏,lǎo lái qiào,,,名,指年老而喜欢打扮的人,奶奶是老来俏｜老来俏爱打扮,elderly person who dresses fashionably
85741,1,葡萄灰,pú táo huī,,,形,形容颜色浅灰中透着微红,天空葡萄灰色｜葡萄灰大衣,pale reddish-gray
85745,1,草头王,cǎo tóu wáng,,,名,旧指草寇头领,自称草头王｜山中草头王,bandit chief
85748,1,保鲜袋,bǎo xiān dài,,,名,用来包装食品以保持新鲜的特制塑料袋,用保鲜袋装菜｜保鲜袋密封,freshness preservation bag
85764,1,遮阳镜,zhē yáng jìng,,,名,一种太阳镜，一般颜色较深,戴遮阳镜防晒｜遮阳镜很酷,sunglasses
85777,1,将军肚,jiāng jūn dù,,,名,指男子因发胖而挺起的肚子（含谐谑意）,他挺着将军肚｜将军肚明显,potbelly
85791,1,份儿饭,fèn er fàn,,,名,由一定的主食和副食搭配成一份儿，论份儿出售的饭菜。,买份儿饭实惠｜份儿饭省事,set meal
85795,1,对比色,duì bǐ sè,,,名,指色相性质相反、光度明暗差别悬殊的颜色。如白与黑、红与绿、深红与浅红等。每组双方互为补色，互相衬托,红绿是对比色｜用对比色突出,contrasting colors
85828,1,鞋拔子,xié bá zi,,,名,帮助穿鞋的用具。鞋较紧不易穿上时，将鞋拔子直插在鞋后跟的帮内，顺着脚后跟往上提，便可将鞋子穿上,用鞋拔子穿鞋｜鞋拔子方便,shoehorn
85831,1,打蔫儿,dǎ niān er,,,动,植物枝叶萎缩下垂,久旱无雨，树叶都打蔫儿了。,to wilt
85831,2,打蔫儿,dǎ niān er,,,动,比喻情绪低落，精神不振,小伙子别打蔫儿，吸取教训接着干。,to become listless
85834,1,送信儿,sòng xìn er,,,动,传递消息,有了新情况，要及时给我送信儿。,to deliver a message
85843,1,吃劳保,chī láo bǎo,,,,职工因病或工伤长期不能工作而按规定享受劳动保险待遇，领取劳保金,他长期吃劳保｜因病吃劳保,to live on worker's compensation
85850,1,吃不来,chī bu lái,,,动,吃不惯；不爱吃,这个菜我吃不来，太辣。,to not be fond of a certain food
85859,1,烟嘴儿,yān zuǐ er,,,名,吸纸烟用的短管,叼着烟嘴儿｜烟嘴儿很精致,cigarette holder
85859,2,烟嘴儿,yān zuǐ er,,,名,烟袋上端嘴衔的部分,烟袋配玉烟嘴儿｜烟嘴儿裂了,mouthpiece of a pipe
85861,1,肉片儿,ròu piàn er,,,名,切成片状的肉,炒肉片儿香｜切薄肉片儿,sliced meat
85862,1,花点子,huā diǎn zi,,,名,华而不实的主意；也贬称狡猾的计谋,都是他乱出花点子，把事情搞砸了。,tricky idea
85865,1,耳报神,ěr bào shén,,,名,比喻好（hào）私下传递消息的人,不知他们有哪路的耳报神，消息这么灵通。,informer
85879,1,坐地分赃,zuò dì fēn zāng,,,,指盗贼就地瓜分赃物；也指匪首、窝主不直接作案而分得赃物,坐地分赃被抓｜匪首坐地分赃,to share spoils without participating
85880,1,书归正传,shū guī zhèng zhuàn,,,,言归正传,书归正传说正题｜咱们书归正传,to return to the subject
85884,1,剜肉补疮,wān ròu bǔ chuāng,,,,唐·聂夷中《咏田家》：“二月卖新丝，五月粜新谷。医得眼前疮，剜却心头肉。”后用“剜肉补疮”比喻用有害的手段来救急，而不顾后果。（也说剜肉医疮。）,剜肉补疮不可取｜别剜肉补疮,to resort to a stopgap at the cost of long-term interests
85945,1,盘根问底,pán gēn wèn dǐ,,,,刨根问底,他爱盘根问底｜盘根问底调查,to get to the bottom of something
86001,1,催索,cuī suǒ,,,动,催着要,建筑公司催索欠款。,to press for payment
86006,1,内愧,nèi kuì,,,形,内心惭愧,未能对父母尽孝，深感内愧。,ashamed
86008,1,酒刺,jiǔ cì,,,名,痤疮,脸上长酒刺｜酒刺影响容貌,acne
86019,1,晾台,liàng tái,,,名,楼顶上可晒衣物或乘凉的平台,晾台晒被子｜在晾台乘凉,sun deck
86041,1,规谏,guī jiàn,,,动,以忠言劝诫,大臣规谏皇帝｜直言规谏,to admonish
86042,1,冥钞,míng chāo,,,名,迷信用品，烧给死者的钱币状纸片,烧冥钞祭祖｜买叠冥钞,spirit money
86045,1,海寇,hǎi kòu,,,名,海盗,海寇劫商船｜剿灭海寇,pirate
86048,1,淘神,táo shén,,,动,耗费精神,干这活儿很淘神,to tax one's mind
86062,1,承允,chéng yǔn,,,动,许诺；应允,满口承允,to promise
86064,1,畏避,wèi bì,,,动,由于害怕而躲避,畏避风险｜畏避责任,to avoid out of fear
86084,1,训责,xùn zé,,,动,训斥责备,父亲训责儿子,to reprimand
86088,1,佐理,zuǒ lǐ,,,动,帮助处理,一应政务，均有师爷佐理。,to assist in managing
86110,1,余勇可贾,yú yǒng kě gǔ,,,,馀勇可贾,他余勇可贾｜余勇可贾再战,to have strength to spare
86123,1,敬挽,jìng wǎn,,,动,敬词，用于向死者表示哀悼,敬挽逝者｜花圈上写敬挽,respectfully mourn
86135,1,直撅撅,zhí juē juē,,,形,形容挺直的样子；也形容态度生硬,两撇直撅撅的黑胡子｜瞪着眼直撅撅地说了出来。,stiff and straight
86152,1,定滑轮,dìng huá lún,,,名,滑轮的一种。滑轮转动时轴心位置固定不变，作用是改变力的方向（跟“动滑轮”相区别）,定滑轮省力｜安装定滑轮,fixed pulley
86188,1,眼浅,yǎn qiǎn,,,形,目光短浅；见识低下,眼浅不识金镶玉｜他眼浅，错把凤凰当野鸡。,short-sighted
86211,1,暗泣,àn qì,,,动,暗地里哭泣,低头暗泣,weep in secret
86236,1,小人儿书,xiǎo rén er shū,,,名,具有完整故事情节，装订成册的连环画,看小人儿书｜收藏小人儿书,picture-story book
86270,1,拿腔作势,ná qiāng zuò shì,,,,装腔作势,拿腔作势讨厌｜别拿腔作势,strike a pose
86271,1,纵虎归山,zòng hǔ guī shān,,,,放虎归山；比喻放走坏人，留下后患,纵虎归山后患｜不可纵虎归山,release a tiger back to the mountains
86274,1,捡破烂儿,jiǎn pò làn er,,,,收取废旧物品以供再利用；比喻拾取别人不要的东西,捡破烂儿也是正当劳动｜办刊物一定要注意稿件质量，不要捡破烂儿。,collect scrap
86301,1,一唱百和,yī chàng bǎi hè,,,,一人歌唱，众人随声应和。形容跟着唱的人很多,一唱百和热闹｜歌声一唱百和,one sings and a hundred join in
86302,1,耍奸,shuǎ jiān,,,动,耍滑,干活别耍奸｜耍奸偷懒,act in a slick way
86355,1,缠手,chán shǒu,,,形,绕在手上；比喻难以摆脱,这事真缠手｜缠手难办,troublesome
86357,1,凶死,xiōng sǐ,,,动,被害或自杀而死,他凶死街头｜凶死现场,die a violent death
86375,1,月黑天,yuè hēi tiān,,,名,指没有月光的黑夜,月黑天赶路｜月黑天危险,moonless night
86376,1,钻劲儿,zuān jìn er,,,名,刻苦钻研的劲头儿,有钻劲儿学习｜缺乏钻劲儿,zeal for study
86382,1,奔头儿,bèn tou er,,,名,经过努力可望达到的目标,科学种地大有奔头儿。,prospect
86397,1,杏仁茶,xìng rén chá,,,名,北京地方小吃，杏仁去皮后与大米、糯米加水浸泡，磨浆，吃时兑水烧开，加入白糖、桂花等饮用,喝碗杏仁茶｜杏仁茶香甜,almond tea
86436,1,信赏必罚,xìn shǎng bì fá,,,,该赏的一定赏，该罚的一定罚，赏罚严明,信赏必罚严明｜做到信赏必罚,due rewards and punishments
86486,1,云片糕,yún piàn gāo,,,名,我国南方的一种传统糕点，用米粉加糖、核桃仁儿、桂花、芝麻等做成，切成长方形薄片。,云片糕松软｜吃片云片糕,cloud slice cake
86494,1,安如磐石,ān rú pán shí,,,,像磐石一样安稳。形容政权、地位等安全、稳固,人民政权安如磐石。,as stable as a rock
86519,1,先意承志,xiān yì chéng zhì,,,,原指不等父母说出来就能顺承他们的意愿去做。今多用来形容揣摩人意，奉承迎合,先意承志讨好｜善于先意承志,anticipate and fulfill wishes
86538,1,留后手,liú hòu shǒu,,,,为防万一，事先留有余地,指标不能定得太高，要给自己留后手。,leave room for maneuver
86552,1,果丹皮,guǒ dān pí,,,名,用干、鲜红果或制作红果脯、苹果脯等的下脚料制成的食品。皮状，味酸甜，助消化,果丹皮酸甜｜爱吃果丹皮,haw flakes
86555,1,单弦儿,dān xián er,,,名,一种曲艺，起源于清乾隆年间，流行于北方。最初一人操三弦自弹自唱，后发展为一人边唱边击八角鼓，另一人用三弦伴奏,听单弦儿｜单弦儿表演,danxianr (a form of musical storytelling)
86569,1,吃鸭蛋,chī yā dàn,,,,比喻考试或竞赛中得零分。因阿拉伯数字的“0”形如鸭蛋，故称,考试吃鸭蛋｜又吃鸭蛋,score a duck egg
86573,1,吃零嘴,chī líng zuǐ,,,,吃零食,爱吃零嘴｜吃零嘴坏牙,eat snacks
86575,1,挨边儿,āi biān er,,,形,形容接近道理和实际,越扯越不挨边儿,close to the truth
86575,2,挨边儿,āi biān er,,,动,靠近边缘,挨边儿走,keep to the edge
86575,3,挨边儿,āi biān er,,,动,接近（某数）,他80岁挨边儿了。,approach (a number)
86583,1,跑圆场,pǎo yuán chǎng,,,,戏曲演员表演时在舞台上快步绕行，象征长途行走,跑圆场基本功｜演员跑圆场,walk in a circle on stage
86584,1,叶韵,xié yùn,,,动,押韵；使音韵和谐,这两个字不叶韵,rhyme
86596,1,去污粉,qù wū fěn,,,名,具有除去污垢功能的粉末状洗涤用品,用去污粉刷碗｜去污粉好用,cleansing powder
86631,1,幸臣,xìng chén,,,名,旧指受帝王宠信的臣子（含贬义）,偏听幸臣，拒纳诤言。,favored minister
86635,1,湘方言,xiāng fāng yán,,,名,汉语七大方言之一，主要分布在湖南地区,湘方言难懂｜说湘方言,Xiang dialect
86673,1,保险灯,bǎo xiǎn dēng,,,名,带防风罩的手提煤油灯,提保险灯夜行｜保险灯防风雨,safety lamp
86679,1,拜官,bài guān,,,动,旧指授予官职,拜官封爵｜新科拜官,appoint to an official post
86685,1,打头炮,dǎ tóu pào,,,,打第一炮；多比喻开会时带头发言,没有人说，我就先来打头炮吧!,fire the first shot
86688,1,顶门杠,dǐng mén gàng,,,名,顶住大门的杠子；比喻阻碍事业发展的势力,顶门杠很粗｜改革遇顶门杠,door bar
86700,1,掌灶,zhǎng zào,,,动,掌勺儿,他掌灶三十年｜掌灶手艺高,be the chef
86737,1,窝里反,wō li fǎn,,,,窝里斗,公司窝里反｜避免窝里反,internal strife
86738,1,秕谷,bǐ gǔ,,,名,中空的或不饱满的稻谷或谷子,秕谷喂鸡｜筛出秕谷,blighted grain
86761,1,红模子,hóng mú zi,,,名,【描红】印有描红用的红色楷体大字或空心红字的纸,描红模子｜红模子练字,red copybook
86777,1,飞递,fēi dì,,,动,迅速递送,飞递紧急公文｜快马飞递,deliver swiftly
86783,1,惨毒,cǎn dú,,,形,凶残狠毒,惨毒的刑罚,cruel and vicious
86814,1,姘夫,pīn fū,,,名,姘居的男方,姘夫被抓｜姘夫逃跑了,paramour (male)
86815,1,催命鬼,cuī mìng guǐ,,,名,迷信指催促人死的鬼。常比喻恶霸、悍吏、庸医、债主等,债主像催命鬼｜催命鬼逼债,life-demanding ghost
86819,1,秽闻,huì wén,,,名,淫乱丑恶的名声,秽闻远扬｜传出秽闻,notorious for debauchery
86831,1,叫座儿,jiào zuò er,,,形,演出等吸引人，上座率很高,这出戏很叫座儿,box-office hit
86839,1,宫扇,gōng shàn,,,名,团扇。古代宫中多用，故称,执宫扇纳凉｜团扇叫宫扇,palace fan
86839,2,宫扇,gōng shàn,,,名,古时宫廷仪仗的一种，皇帝宝座后面交叉着的又叫障扇,皇帝仪仗用宫扇｜宫扇开道,imperial fan
86844,1,宽旷,kuān kuàng,,,形,宽阔空旷,宽旷的操场,spacious and empty
86866,1,玩儿票,wán er piào,,,动,比喻做非本职的工作,这几年，他突然玩儿票搞起了文艺创作。,do non-professional work
86866,2,玩儿票,wán er piào,,,动,票友参加戏曲表演,他爱玩儿票｜玩儿票过瘾,perform as an amateur
86884,1,彩牌楼,cǎi pái lou,,,名,用彩纸、彩绸、树枝、鲜花等装饰的牌楼。用于喜庆、纪念等活动,搭建彩牌楼｜彩牌楼喜庆,decorated archway
86902,1,俚歌,lǐ gē,,,名,民间通俗歌谣,这首俚歌在民间广为流传｜老人哼唱着古老的俚歌,folk song
86919,1,暗场,àn chǎng,,,名,戏剧中处理部分情节的一种特殊方式。这些情节不在舞台上表演，而由台词或音响效果等交代。也指这些不在舞台上表演的情节,话剧《雷雨》中的不少情节是由暗场处理的。,offstage action
86929,1,黜退,chù tuì,,,动,罢免；斥退,任用君子，黜退小人。,dismiss from office
86930,1,顾恋,gù liàn,,,动,挂念；眷恋,顾恋家乡的亲人,care for and long for
86945,1,碴口,chá kǒu,,,名,物体破损或断裂处,碴口很新，可见是刚刚折断的。,broken edge
86965,1,背篼,bēi dōu,,,名,背（bēi）在背（bèi）上装东西的篼子，多用竹、籐、柳条等编制而成,他背着背篼上山采药｜背篼里装满了新鲜竹笋,back basket
86967,1,荡除,dàng chú,,,动,清除,荡除陈规陋习,eliminate
87009,1,闹戏,nào xì,,,名,指以丑角为主角的戏曲。多用滑稽有趣的人物和引人发笑的情节，来讽刺某些社会现象,这出闹戏逗得观众哈哈大笑｜闹戏用幽默讽刺社会现象,farce
87013,1,扮酷,bàn kù,,,动,装扮出很时髦的样子（酷：英语cool音译）,年轻人喜欢扮酷吸引目光｜他戴着墨镜扮酷,dress cool
87020,1,蓄志,xù zhì,,,动,怀有某种志向或志愿,蓄志改革,harbor an ambition
87020,2,蓄志,xù zhì,,,名,怀有的某种志向或志愿,蓄志高远,cherished ambition
87028,1,铆劲儿,mǎo jìn er,,,动,鼓足力气，猛然使出来,大家一铆劲儿就把洞口撬开了,make a sudden effort
87029,1,后尾儿,hòu yǐ er,,,名,末尾；后面,个子矮的排在后尾儿。,rear end
87030,1,轻悠悠,qīng yōu yōu,,,形,形容轻轻飘动的样子,小船在水面上轻悠悠地漂荡。,gently floating
87030,2,轻悠悠,qīng yōu yōu,,,形,（声音）轻柔悠扬,夜风中飘来轻悠悠的琴声。,soft and melodious
87032,1,是非窝,shì fēi wō,,,名,经常产生口舌、纠纷的地方,那个酒吧是个是非窝｜她远离是非窝,hotbed of disputes
87059,1,连脚裤,lián jiǎo kù,,,名,婴儿穿的一种裤子，裤筒下端缝合成袜状以包住脚,宝宝穿着连脚裤很暖和｜连脚裤适合婴儿穿,footed pants
87091,1,呈阅,chéng yuè,,,动,恭敬地送给尊长审阅,这份文件需要呈阅领导｜他把报告呈阅上级,submit for review
87097,1,规诫,guī jiè,,,动,规劝告诫,婉言规诫,admonish
87114,1,秃瓢儿,tū piáo er,,,名,头发脱光或剃光的头（含谐谑意）,他剃了个秃瓢儿｜夏天秃瓢儿很凉快,bald head
87117,1,画帖,huà tiè,,,名,学习绘画时供临摹用的范本,这本画帖是学画必备｜他临摹画帖进步很快,painting copybook
87120,1,撩逗,liáo dòu,,,动,引逗；挑逗,孩子们互相撩逗着，嬉戏着。,tease
87130,1,筒裤,tǒng kù,,,名,裤腿从上到下肥瘦大致相同、形状像筒的裤子,她穿着筒裤很时尚｜筒裤适合各种体型,straight-leg pants
87132,1,铺衬,pū chen,,,名,指做袼褙、打补丁用的旧布块儿,这些铺衬可以用来打补丁｜她用铺衬做鞋底,cloth for patching
87132,2,铺衬,pū chèn,,,动,铺垫衬托,有了次要人物的铺衬，主人公的形象更加突出。,serve as a foil
87150,1,抵账,dǐ zhàng,,,动,抵债,他用房子抵账｜货物被用来抵账,pay a debt in kind
87176,1,悔约,huǐ yuē,,,动,对已签订的条约或作出的承诺表示反悔，要求取消,他后悔签合同想要悔约｜单方面悔约要赔偿,break a promise
87182,1,椰蓉,yē róng,,,名,用晾干的椰子肉制成的粉状物，可用来做糕点糖果等的配料,椰蓉月饼,coconut filling
87188,1,箬笠,ruò lì,,,名,用箬竹的篾、叶编成的帽子,青箬笠，绿蓑衣,bamboo hat
87238,1,戏侮,xì wǔ,,,动,戏弄欺侮,他不该戏侮同学｜戏侮他人是不道德的,mock and insult
87288,1,伤耗,shāng hao,,,动,损伤消耗,鸡蛋在运输过程中伤耗太大｜减少伤耗,damage and consume
87290,1,捕拿,bǔ ná,,,动,捉拿,捕拿凶犯,arrest
87299,1,补假,bǔ jià,,,动,该休假时因工作需要而未休假，过后补给假日,周末你去值班，过两天给你补假。,compensatory leave
87299,2,补假,bǔ jià,,,动,补办正式请假手续,走得太急，回来再补假。,retroactively ask for leave
87303,1,髻子,jì zi,,,名,髻,头发往上拢着，绾了个髻子。,hair bun
87306,1,息肩,xī jiān,,,动,歇肩；借指卸去负担或责任,奋斗终生，未曾息肩。,lay down the burden
87311,1,邪财,xié cái,,,名,横财；不义之财,发邪财,ill-gotten wealth
87353,1,佃客,diàn kè,,,名,佃户,佃客向地主交租｜这些佃客生活困苦,tenant farmer
87367,1,贬职,biǎn zhí,,,动,降职,他因失误被贬职｜贬职后他更加努力,demote
87370,1,谗害,chán hài,,,动,用诽谤离间的话陷害人,谗害好人｜岳飞遭秦桧谗害,slander and harm
87392,1,奶腥,nǎi xīng,,,名,奶汁的腥味儿,牛奶有股奶腥味｜婴儿身上带着奶腥,smell of milk
87398,1,奶糕,nǎi gāo,,,名,米粉加一定分量的豆粉、奶粉、糖、钙和维生素等制成的婴儿食品,给宝宝喂奶糕｜奶糕营养很丰富,infant rice cereal
87414,1,献旗,xiàn qí,,,动,为表示敬意或感谢而向某人或某单位送锦旗,群众向英雄献旗｜他们献旗表示感谢,present a banner
87417,1,缺嘴,quē zuǐ,,,名,唇裂，一种先天畸形,这个孩子天生缺嘴｜缺嘴可以通过手术矫正,harelip
87417,2,缺嘴,quē zuǐ,,,动,指饮食在较长时间里得不到满足,伙食不好，孩子缺嘴得厉害。,suffer from lack of food
87422,1,陈请,chén qǐng,,,动,（下级对上级、个人对组织）述说情况、理由并提出请求,陈请批准,state and request
87425,1,险峭,xiǎn qiào,,,形,险峻陡峭,华山险峭庐山秀,precipitous
87440,1,吆呼,yāo hu,,,动,呼唤；大声嚷,奶奶在吆呼我呢｜午休时间，你瞎吆呼什么!,to call out; to shout
87447,1,汗脚,hàn jiǎo,,,名,出汗较多的脚,汗脚需要勤换袜子｜他是汗脚很烦恼,sweaty feet
87452,1,夷灭,yí miè,,,动,杀掉；消灭,夷灭九族,to exterminate; to wipe out
87477,1,床帷,chuáng wéi,,,名,床帐,床帷遮挡了光线｜她拉开床帷起床,bed curtain
87477,2,床帷,chuáng wéi,,,名,借指夫妇之间的性生活或男女私情,床帷之事不宜外传｜他们床帷不谐,conjugal relations; sexual intimacy
87486,1,刁横,diāo hèng,,,形,奸猾蛮横,这个人态度刁横｜刁横的人不受欢迎,cunning and unreasonable
87498,1,笨活儿,bèn huó er,,,名,粗活儿；笨重费力的活儿,这些笨活儿需要体力｜他不怕干笨活儿,heavy manual labor
87507,1,爽目,shuǎng mù,,,形,悦目,这幅画看起来很爽目｜新装修的房间很爽目,pleasing to the eye
87535,1,婉顺,wǎn shùn,,,形,柔和温顺（多形容女性）,她生性婉顺,gentle and obedient (usually describing women)
87565,1,骑马找马,qí mǎ zhǎo mǎ,,,,比喻东西本在自己身边，却到处去找；也比喻已有工作岗位，又去寻找更称心的工作,他骑马找马真可笑｜找工作别骑马找马,to look for a horse while riding one; to hold one job while seeking another
87624,1,没家没业,méi jiā méi yè,,,形,形容没有独立成家或没有家产,他没家没业很自由｜没家没业四处漂泊,having neither family nor property
87645,1,暴戾恣睢,bào lì zì suī,,,形,形容凶恶残暴，胡作非为,暴戾恣睢的统治者｜他暴戾恣睢欺压百姓,ruthless and tyrannical
87657,1,自我作古,zì wǒ zuò gǔ,,,,指不因袭前人，自己创始（作古：成为古人）,他自我作古开创先河｜艺术需要自我作古,to create something new without following tradition
87662,1,追奔逐北,zhuī bēn zhú běi,,,,追亡逐北,军队追奔逐北大获全胜｜他们追奔逐北扩大战果,to pursue a routed enemy
87667,1,穴居野处,xué jū yě chǔ,,,,居住在洞穴或山林荒野里；一般指远古人类的生活状态,古人穴居野处｜原始人穴居野处,to dwell in caves and the wilderness (primitive lifestyle)
87687,1,羞人答答,xiū rén dā dā,,,形,使人羞答答的,她羞人答答地低下头｜这话说得羞人答答,shy; bashful
87713,1,见危授命,jiàn wēi shòu mìng,,,,临危授命,他见危授命挺身而出｜见危授命是英雄本色,to sacrifice one's life in a crisis
87733,1,怪诞不经,guài dàn bù jīng,,,,荒诞不经,这个故事怪诞不经｜他的想法怪诞不经,fantastic and absurd
87740,1,打光棍儿,dǎ guāng gùn er,,,,指成年男子没有妻子，过单身生活,他至今还在打光棍儿｜打光棍儿也很自在,to remain a bachelor; to live as a single man
87751,1,生编硬造,shēng biān yìng zào,,,,凭空编造,这个理由生编硬造｜不要生编硬造事实,to fabricate without basis
87757,1,不蔓不枝,bù màn bù zhī,,,,原指莲茎挺直，不蔓生，也不分枝。后比喻说话或写文章不拖泥带水，不节外生枝,他的文章不蔓不枝｜说话要不蔓不枝,neither spreading nor branching; concise and to the point
87784,1,穿连裆裤,chuān lián dāng kù,,,,比喻两人互相勾结，串通一气,他们穿连裆裤骗人｜这两人穿连裆裤,to be in collusion; to gang up
87788,1,呜噜呜噜,wū lū wū lū,,,拟声,模拟说话含混不清的声音,呜噜呜噜半天，也不知道他说的是什么。,(onomatopoeia) mumbling; indistinct speech sounds
87801,1,吹灯拔蜡,chuī dēng bá là,,,,比喻人死亡或事情失败（含谐谑意）,谁都有吹灯拔蜡的那一天。,to kick the bucket; to fail (humorous)
87822,1,粗手笨脚,cū shǒu bèn jiǎo,,,形,形容手脚笨拙,他粗手笨脚打碎碗｜粗手笨脚学不会,clumsy; awkward
87843,1,好天儿,hǎo tiān er,,,名,无风无雨的晴天,挑个好天儿，咱们去郊游吧。,fine day; clear weather
87852,1,锅贴儿,guō tiē er,,,名,在铛上加少量的油和水烙熟的形似饺子的带馅儿面食。,早餐吃了锅贴儿｜锅贴儿馅料很足,guotie (pan-fried dumpling)
87883,1,逗趣儿,dòu qù er,,,动,开玩笑；打趣,你别逗趣儿了，人家正着急着呢!,to joke; to banter
87885,1,顶牛儿,dǐng niú er,,,动,两头牛头部相顶；比喻人或事物之间发生冲突,有话好好说，别顶牛儿。,to lock horns; to conflict
87900,1,松塔儿,sōng tǎ er,,,名,松果。成熟后包片层层张开，略像宝塔，故称,松鼠在吃松塔儿｜地上落满松塔儿,pinecone
87918,1,派活儿,pài huó er,,,动,分配人干活儿,班长在派活儿｜派活儿要公平合理,to assign tasks
87930,1,夹板气,jiā bǎn qì,,,名,指所受到的来自对立双方的责难,夹板气不好受啊!,pressure from both sides
87934,1,摸黑儿,mō hēi er,,,动,在黑暗中摸索着（行动）,摸黑儿行军,to grope in the dark
87939,1,出份子,chū fèn zi,,,,送礼金给办红白事的人家并参加庆贺或吊唁,他出份子参加婚礼｜出份子是传统习俗,to contribute money for a wedding or funeral gift
87939,2,出份子,chū fèn zi,,,,集资送礼时，每人按一定份额出钱,小王结婚，全科的人出份子送给他一幅油画。,to pool money for a collective gift
87965,1,走账,zǒu zhàng,,,动,把财物收支记在账簿上,按照财务制度，这种开支不能走账。,to record accounts
87969,1,蟹青,xiè qīng,,,形,形容颜色像鲜蟹的壳那样灰而发青,这件衣服是蟹青色｜蟹青色很特别,greenish-grey (like crab shell)
87973,1,悼唁,dào yàn,,,动,悼念死者并对死者的家属表示慰问,亲友前来悼唁｜悼唁逝者表达哀思,to mourn and offer condolences
87997,1,仗胆,zhàng dǎn,,,动,壮胆,朋友来为他仗胆｜喝酒可以仗胆,to embolden; to boost courage
88004,1,挂累,guà lěi,,,动,心里牵挂,这件事总让他挂累着｜心里又多了一份挂累。,to worry about; to be concerned
88004,2,挂累,guà lěi,,,动,连累,不可挂累无辜,to implicate; to involve
88027,1,兽环,shòu huán,,,名,中式大门上的一种装置，造型为半立体兽头衔着环子，铜制或铁制，敲门或锁门时用,门上兽环很精美｜他敲响兽环,door knocker (animal-head design)
88079,1,滑头滑脑,huá tóu huá nǎo,,,形,形容人油滑、不诚恳,他滑头滑脑不可信｜滑头滑脑的人难交心,slippery; untrustworthy
88094,1,药捻子,yào niǎn zi,,,名,用来点燃火药、爆竹的导火线,点燃药捻子放炮｜药捻子冒着火花,fuse (for explosives)
88094,2,药捻子,yào niǎn zi,,,名,带药的纱布条或纸捻。外科治疗时放入伤口或疮口内，以助提脓、消炎等,医生用药捻子治疗｜药捻子帮助伤口愈合,medicated strip (for wounds)
88099,1,肉末儿,ròu mò er,,,名,细碎的肉,肉末儿炒菜很香｜用肉末儿做馅料,minced meat
88132,1,诈尸,zhà shī,,,动,指突然发出近乎疯狂的行为（骂人的话）,老实呆会儿吧，别在这儿诈尸了!,to act wildly (insult)
88132,2,诈尸,zhà shī,,,动,停放的尸体突然动起来。是由尚未完全死亡的局部神经痉挛所致,传说尸体会诈尸｜他吓得以为诈尸,corpse twitching (postmortem spasm)
88147,1,拖堂,tuō táng,,,动,拖延时间，没按时下课,王老师上课从不拖堂。,to hold class overtime
88170,1,抢嘴,qiǎng zuǐ,,,动,抢着说话（多指不该说话的时候）,大人说话时，小孩子不要抢嘴。,to interrupt; to speak out of turn
88170,2,抢嘴,qiǎng zuǐ,,,动,抢着吃,赶走抢嘴的鸡,to snatch food
88212,1,妙年,miào nián,,,名,美好的年华，指少壮之年,正值妙年｜青春妙年,youth; prime of life
88223,1,篾篓,miè lǒu,,,名,用竹篾编成的篓子,篾篓装着水果｜他用篾篓装鱼,bamboo basket
88232,1,园陵,yuán líng,,,名,有园林的皇家墓地,园陵气势宏伟｜参观皇家园陵,imperial cemetery with gardens
88239,1,掌鞭,zhǎng biān,,,名,某些地区指役使马、牛等牲畜的人,掌鞭赶着牛车｜老掌鞭经验丰富,carter; animal driver
88245,1,瘠瘦,jí shòu,,,形,瘦削,瘠瘦的身影｜瘠瘦的面颊,thin; emaciated
88245,2,瘠瘦,jí shòu,,,形,不肥沃,这里土地瘠瘦，干旱少雨。,barren; infertile
88269,1,弱不胜衣,ruò bù shèng yī,,,,身体弱得连衣服都承受不了。形容身体非常瘦弱。,她弱不胜衣很娇弱｜病后他弱不胜衣,too weak to bear the weight of clothes
88318,1,摇鹅毛扇,yáo é máo shàn,,,,旧小说、戏曲中军师一类人物常手持鹅毛扇。比喻在别人身边或幕后出谋划策。,他身边有个智囊团，为他摇鹅毛扇。,to wave a goose-feather fan; to mastermind from behind the scenes
88345,1,涸辙之鲋,hé zhé zhī fù,,,,在干涸的车辙里的鲫鱼。比喻处在困境中急需援救的人,他如涸辙之鲋急需帮助｜涸辙之鲋盼甘霖,a fish stranded in a dry rut; someone in desperate straits
88356,1,投井下石,tóu jǐng xià shí,,,,落井下石,不要对朋友投井下石｜投井下石真可耻,to hit someone when they're down
88385,1,小大人儿,xiǎo dà rén er,,,名,指言谈举止像大人一样的小孩儿,这孩子是个小大人儿｜小大人儿说话真逗,child acting like an adult
88390,1,豆角儿,dòu jiǎo er,,,名,可食用的嫩豆荚,炒豆角儿很好吃｜豆角儿很新鲜,green beans; bean pods
88391,1,豆瓣儿,dòu bàn er,,,名,豆粒去皮后分开的瓣,豆瓣儿做酱很香｜黄豆分成豆瓣儿,split bean
88405,1,围嘴儿,wéi zuǐ er,,,名,围在婴幼儿胸前以保持衣服清洁的布或塑料制品,宝宝戴着围嘴儿｜围嘴儿防止弄脏衣服,bib (for children)
88415,1,膨体纱,péng tǐ shā,,,名,用腈纶经特殊工艺纺成的纱线。蓬松、柔软，保暖性强,膨体纱毛衣很暖和｜膨体纱手感柔软,bulk yarn (acrylic fiber)
88431,1,兼听则明，偏信则暗,jiān tīng zé míng，piān xìn zé àn,,,,多方面听取意见，就能明辨是非；只听信一方面的话，就会是非不分,兼听则明，偏信则暗是重要原则｜领导者要记住兼听则明，偏信则暗,Listen to both sides and you will be enlightened; heed only one side and you will be benighted
88433,1,本主儿,běn zhǔ er,,,名,当事人,让本主儿谈谈事件的原委。,person concerned; party involved
88433,2,本主儿,běn zhǔ er,,,名,东西的原主,失物各归本主儿｜汽车本主儿已同意转让。,original owner
88442,1,蛤蟆镜,há ma jìng,,,名,一种镜片宽大的太阳镜。略像蛤蟆眼，故称,他戴着蛤蟆镜很酷｜蛤蟆镜是时尚单品,aviator sunglasses
88451,1,身条儿,shēn tiáo er,,,名,身材,她身条儿很匀称｜跳舞要有好身条儿,figure; physique
88452,1,下本儿,xià běn er,,,动,投入人力、物力、财力等,做生意不下本儿可不行。,to invest capital; to put in resources
88467,1,派力司,pài lì sī,,,名,英语[palace]音译。用羊毛织成的平纹毛织品，隐约可见纵横交错的线条，轻薄挺括，适宜做夏令服装。,派力司西装很挺括｜派力司适合夏天穿,palace (light wool fabric)
88508,1,散摊子,sàn tān zi,,,,散伙,那家联合诊所早就散摊子了。（也说散摊儿。）,to disband; to break up
88561,1,水舀子,shuǐ yǎo zi,,,名,舀水的用具,用水舀子舀水｜水舀子很实用,water dipper
88593,1,肘腋之患,zhǒu yè zhī huàn,,,,比喻发生在身边的祸患,要防范肘腋之患｜肘腋之患最危险,trouble brewing close at hand
88612,1,鹊巢鸠占,què cháo jiū zhàn,,,,喜鹊搭的窝被斑鸠抢占。比喻家园、位子、领地等被别人强占,这是鹊巢鸠占的行为｜他鹊巢鸠占很无耻,the magpie's nest is occupied by the turtledove; to take what belongs to others
88654,1,高跟儿鞋,gāo gēn er xié,,,名,后跟很高的女鞋,她穿着高跟儿鞋｜高跟儿鞋很漂亮,high-heeled shoes
88672,1,下毛毛雨,xià máo mao yǔ,,,,落蒙蒙细雨,外面下毛毛雨,to drizzle
88672,2,下毛毛雨,xià máo mao yǔ,,,,比喻进行轻微的批评；也比喻在开展某项工作前透露一点儿消息，让有关人员思想上有所准备,今天给大家下毛毛雨，后天再正式动员。,to criticize mildly; to drop a hint
88687,1,窝气,wō qì,,,动,窝火,他为此事很窝气｜窝气影响健康,to feel resentful
88776,1,锛子,bēn zi,,,名,削平木料用的工具。刃口跟柄呈“丁”字形，使用时向下向里用力,木匠用锛子刨木｜锛子是传统工具,adze (carpenter's tool)
88792,1,笃爱,dǔ ài,,,动,专一深切地爱,笃爱文学,to love deeply and devotedly
88795,1,佯言,yáng yán,,,动,诈言；说骗人的话,他佯言有病，其实是逃避开会。,to lie; to speak falsely
88821,1,条条杠杠,tiáo tiáo gàng gàng,,,名,指上级制定的有关规定和界限,遵守条条杠杠｜条条杠杠要明确,rules and regulations
88829,1,簸箩,bǒ luo,,,名,笸（pǒ）箩,簸箩里装着粮食｜用簸箩筛米,shallow basket
88965,1,斗箕,dǒu ji,,,名,指纹。圆形的指纹叫斗，簸箕形的叫箕，故称,每个人的斗箕都不同｜看斗箕识人,fingerprint (whorls and loops)
88973,1,焗油,jú yóu,,,动,一种染发护发方法。给头发涂上染发剂或护发膏，在特制的罩子里用蒸汽加热，使油质渗入头发，冷却后再用水冲洗干净，以起到护发美发作用,她去发廊焗油｜焗油让头发更亮,hair treatment with steam and oil
89009,1,索酬,suǒ chóu,,,动,索取报酬,按合同索酬,to demand payment
89020,1,刺溜,cī liū,,,拟声,模拟迅速滑动的声音,刺溜一下从旁边滑过去了。,(onomatopoeia) sound of slipping
89020,2,刺溜,cī liū,,,动,（脚底下）滑动,刺溜了个跟头,to slip; to slide
89042,1,睹物伤情,dǔ wù shāng qíng,,,,看到与死去或离去的人有关的东西而伤感动情,睹物伤情泪流满面｜睹物伤情思念故人,to be saddened by the sight of familiar objects
89122,1,不容置喙,bù róng zhì huì,,,,不允许别人插嘴说话，参与意见（喙：鸟兽的嘴，借指人嘴）,他不容置喙很专制｜领导不容置喙,to brook no intervention
89123,1,疾风劲草,jí fēng jìng cǎo,,,,“疾风知劲草”的缩略。在迅猛的大风中才看得出什么样的草最坚韧。比喻在艰苦危难中才能显出谁的意志最坚强,疾风劲草见真情｜他是疾风劲草,the force of the wind tests the strength of the grass; adversity reveals character
89170,1,癣疥之疾,xuǎn jiè zhī jí,,,,癣和疥这样的皮肤病；比喻无足轻重的小毛病,这只是癣疥之疾｜癣疥之疾无大碍,a trifling illness; minor problem
89248,1,炉瓦,lú wǎ,,,名,砌在炉内作为炉衬的瓦状物,炉瓦需要更换｜炉瓦保护炉膛,stove liner (tile)
89268,1,匡济,kuāng jì,,,动,救助,匡济天下是理想｜他立志匡济苍生,to rescue; to save
89273,1,盘货,pán huò,,,动,盘点货物,商店月底要盘货｜盘货很费时间,to take inventory
89281,1,汆子,cuān zi,,,名,用薄铁皮做的筒状烧水用具，可以从炉口插入火里，把水迅速烧开,用汆子烧水很快｜汆子是老式用具,water heater tube (inserted into fire)
89299,1,潜返,qián fǎn,,,动,秘密地回到原来的地方,他潜返回家乡｜潜返很危险,secretly return
89342,1,谗佞,chán nìng,,,名,惯于用谗言陷害人和用花言巧语讨好人的人,谗佞之徒,slanderers and flatterers
89351,1,翘企,qiáo qǐ,,,动,抬头踮脚。表示急切盼望,翘企已久,crane and stand on tiptoe
89352,1,骁悍,xiāo hàn,,,形,勇猛强悍,骁悍的战将,brave and fierce
89378,1,盖帘,gài lián,,,名,用高粱等的细秸秆连缀成的圆板状用具，用来放置食品或作缸、盆的盖子,用盖帘盖缸｜盖帘上放着饺子,lid mat
89426,1,剽掠,piāo lüè,,,动,抢劫；掠取,土匪剽掠村庄｜剽掠财物是犯罪,plunder
89429,1,衬领,chèn lǐng,,,名,衬在领子里的材料,这种衬衫的衬领是硬的。,lining material for collars
89429,2,衬领,chèn lǐng,,,名,扣或缝在衣领内侧的活领子,衬领可以拆洗｜白色衬领很干净,detachable collar lining
89568,1,包袱皮儿,bāo fu pí er,,,名,【包袱】包裹衣物等用的布,用包袱皮儿打包｜包袱皮儿很实用,cloth wrapper
89593,1,马路新闻,mǎ lù xīn wén,,,,指道听途说未经证实的消息,别相信那些马路新闻｜这不过是马路新闻,street news
89619,1,全始全终,quán shǐ quán zhōng,,,,善始善终,做事要全始全终｜全始全终很重要,perfect from beginning to end
89619,2,全始全终,quán shǐ quán zhōng,,,,（做事）从头坚持到尾，有始有终,他全始全终完成项目｜全始全终是美德,carry through to the end
89708,1,忙活,máng huó,,,动,忙着活儿,我正忙活儿呢，没时间聊天儿,busy working
89708,2,忙活,máng huó,,,名,需要赶快干的活儿,这是件忙活儿，今天一定得干完,urgent work
89717,1,冷丝丝,lěng sī sī,,,形,形容微有冷意,门开了一道缝儿，风吹到身上冷丝丝的。,slightly chilly
89724,1,死劲儿,sǐ jìn er,,,副,使出最大力量地；集中全部注意力地,死劲儿踢了他一脚｜死劲儿盯住他,with all one's strength
89724,2,死劲儿,sǐ jìn er,,,名,所能使出的最大力量,他拼死劲儿把落水者托出水面。,utmost strength
89728,1,脖梗儿,bó gěng er,,,名,脖子的后部,伏案时间长了脖梗儿发酸｜头发盖住了脖梗儿。,back of the neck
89735,1,棉猴儿,mián hóu er,,,名,一种衣领和风帽连在一起的棉大衣,冬天穿棉猴儿很暖和｜棉猴儿带帽子,hooded cotton coat
89736,1,闷头儿,mēn tóu er,,,副,不声不响地（做事）,闷头儿学习｜闷头儿干活儿,quietly (work)
89739,1,凡尔丁,fán ěr dīng,,,名,英语[valetin]音译。一种薄而挺括的单色平纹毛织品。,凡尔丁面料很挺括｜凡尔丁适合做西装,valetin
89748,1,倒插笔,dào chā bǐ,,,动,写字不按照正确的笔顺写,写字不要倒插笔｜倒插笔是坏习惯,incorrect stroke order
89748,2,倒插笔,dào chā bǐ,,,动,倒叙,这个故事用了倒插笔｜倒插笔增加悬念,flashback
89755,1,翻旧账,fān jiù zhàng,,,,比喻重提或追究过去不愉快的事,不要总是翻旧账｜翻旧账伤感情,bring up old grievances
89813,1,盘儿菜,pán er cài,,,名,经过初步加工调配按盘出售的菜肴，买回后即可直接烹炒,买盘儿菜很方便｜盘儿菜直接下锅,prepared dish
89866,1,遛早儿,liù zǎo er,,,动,早晨散步,爷爷每天遛早儿锻炼身体。｜清晨遛早儿对身体好。,morning walk
89933,1,瞎诌,xiā zhōu,,,动,没有根据地胡编乱说,哪有这样的事，纯粹是瞎诌。,fabricate nonsense
89938,1,陈账,chén zhàng,,,名,很久以前的债；老账,这些陈账早就该还清了。｜别再提那些陈账了。,old debt
89954,1,尧天舜日,yáo tiān shùn rì,,,,日子过得就像尧舜在位时一样。形容太平盛世，国泰民安,如今尧天舜日，百姓安居乐业。｜尧天舜日，国泰民安。,era of peace and prosperity
89964,1,耳软心活,ěr ruǎn xīn huó,,,形,形容容易轻信别人的话而改变主意,他耳软心活，容易被人说服。｜别太耳软心活，要有主见。,easily swayed
