hanzi,pinyin,definition_id,pinyin_id,definition_sn,definition_cn,definition_en,definition_img,ref_pinyin_id,pos
电视,diàn shì,553511,55351,1,"利用无线电波传送物体影像的装置。由发射台把实物的影像变成电能信号传播出去,电视机把收到的信号再变成影像映在荧光屏上。电视除了用在文化娱乐和教育方面外,也广泛地用在其他技术和军事方面。","television; TV; facility for transmitting visual images via radio wave. The launch pad transmits images in electric signals, which are converted back into images on the screen of a television set. Television is used extensively in military and other technologies, as well as for cultural, entertainment and educational purposes.",,,名词
东西,dōng xī,553721,55372,1,东边和西边。,east and west,,,名词
明天,míng tiān,558211,55821,1,今天的下一天。,tomorrow,,,名词
朋友,péng you,559111,55911,1,彼此有交情的人。,friend,,,名词
先生,xiān sheng,563311,56331,1,老师。,teacher,,,名词
先生,xiān sheng,563312,56331,2,对知识分子的称呼。,(of intellectuals) Mister (Mr.); gentleman; sir,,,名词
先生,xiān sheng,563314,56331,4,〈方dial.〉医生。,doctor,,,名词
星期,xīng qī,564111,56411,1,"中国古代历法把二十八宿按日、月、火、水、木、金、土的次序排列,七日一周,周而复始,称为‘七曜’;西洋历法中也有‘七日为一周’的说法,跟中国的‘七曜’暗合。后来根据国际习惯,把这样连续排列的七天作为工作学习等作息日期的计算单位,叫做星期。","week. In the ancient Chinese calendar, the 28 constellations are arranged in the order of the sun(日rì), the moon(月yuè), fire or the Mars(火huǒ), water or the Mercury(水shuǐ), wood or the Jupiter(木mù), metal or the Venus(金jīn) and earth or the Saturn(土tǔ) in a seven-day cycle dubbed ‘seven stars’, which coincides with the ‘seven-day week’ in the Western calendar. Thus the seven-day period becomes a measurement unit for work, study and rest according to the international practice, and it is called ‘week’.",,,名词
怎么样,zěn me yàng,565511,56551,1,怎样。,how about; what about,,,代词
弟弟,dì di,568311,56831,1,同父母(或只同父、只同母)而年纪比自己小的男子。,younger brother; younger half-brother,,,名词
哥哥,gē ge,569111,56911,1,同父母(或只同父、只同母)而年纪比自己大的男子。,elder brother (having the same parents or parent),,,名词
姐姐,jiě jie,570711,57071,1,同父母(或只同父、只同母)而年纪比自己大的女子。,elder sister; older girl or woman having the same parents or parent,,,名词
妹妹,mèi mei,573011,57301,1,同父母(或只同父、只同母)而年纪比自己小的女子。,younger sister of the same parent(s),,,名词
便宜,pián yi,573721,57372,1,价钱低。,cheap; at a bargain price,,,形容词
时间,shí jiān,574911,57491,1,"物质存在的一种客观形式,由过去、现在、将来构成的连绵不断的系统。是物质的运动、变化的持续性、顺序性的表现。","time; objective form in which matter exists, a continuous system composed of the past, present and future, which shows the nature of continuity and sequence in the movements and changes of matter",,,名词
运动,yùn dòng,579121,57912,1,"物体的位置不断变化的现象。通常指一个物体和其他物体之间相对位置的变化,说某物体运动常是对另一物体而言。","motion; movement; continuous change of location of an object, usu. referring to the change of location of a certain object in relation to others",,,名词
运动,yùn dòng,579122,57912,2,"指宇宙间所发生的一切变化和过程,从简单的位置变动到复杂的人类思维,都是物质运动的表现。","motion; movement; all changes and processes in the universe, from simple change in location to complex human thought processes",,,名词
阿姨,ā yí,580711,58071,1,〈方dial.〉母亲的姐妹。,aunt; mother's sister,,,名词
锻炼,duàn liàn,586911,58691,1,指锻造或冶炼。,forge; smelt; temper,,,动词
检查,jiǎn chá,591812,59181,2,翻检查考(书籍、文件等)。,"look over and study (books, documents, etc.)",,,动词
街道,jiē dào,592711,59271,1,旁边有房屋的比较宽阔的道路。,street,,,名词
太阳,tài yáng,601511,60151,1,银河系的恒星之一，是一炽热的气体球，体积是地球的130万倍，质量是地球的33.34万倍，表面温度约6000℃，内部温度约1500万℃，内部经常不断地进行原子核反应而产生大量的热能。太阳是太阳系的中心天体，距地球约1.5亿公里。地球和其他行星都围绕着它旋转并且从它得到光和热。,"sun; a fixed star in the Galaxy, a fiery gaseous ball 1.3 million times the size of the earth, with a mass 333,400 times that of the earth, a surface temperature of approximately 6,000℃ and an interior temperature of about 15 million ℃, releasing mammoth amounts of heat through constant nuclear reaction within it. The earth, approximately 150 million km. from the sun, revolves along with other planets around the sun, the centre of the solar system, and receives light and heat from it.",,,名词
文化,wén huà,603611,60361,1,"人类在社会历史发展过程中所创造的物质财富和精神财富的总和,特指精神财富,如文学、艺术、教育、科学等。","civilization; culture; sum total of the material wealth and cultural wealth created by man in the course of the historical development of society, cultural wealth in particular, such as literature, arts, education, and science, etc.",,,名词
文化,wén huà,603612,60361,2,"考古学用语,指同一个历史时期的不依分布地点为转移的遗迹、遗物的综合体。同样的工具、用具,同样的制造技术等,是同一种文化的特征,如仰韶文化、龙山文化。","(of archaeology) comprehensive body of sites and ruins left behind, which are independent of their locations, in a given historical period. Identical tools, implements and manufacturing skills, etc. are characteristics of the same culture, as the Yangshao culture and the Longshan culture.",,,名词
游戏,yóu xì,607411,60741,1,"娱乐活动,如捉迷藏、猜灯谜等。某些非正式比赛项目的体育活动如康乐球等也叫游戏。","recreation; game; entertainment activities, such as hide-and-seek and guessing riddles. Some non-competition sports, such as caroms, are also called 游戏yóuxì.",,,名词
成熟,chéng shú,614311,61431,1,"植物的果实等完全长成,泛指生物体发育到完备的阶段。",(of fruit) be ripe; (in a broad sense) (of creatures) mature; grow to maturity,,,形容词
肚子,dù zi,618621,61862,1,腹的通称。,belly; abdomen,,,名词
感觉,gǎn jué,622411,62241,1,"客观事物的个别特性在人脑中引起的反应,如苹果作用于我们的感官时,通过视觉可以感到它的颜色,通过味觉可以感到它的味道。感觉是最简单的心理过程,是形成各种复杂心理过程的基础。","sense; perception; sensation; mental process precipitated by physical stimulation, based on which various complex psychological processes ensue, e.g. when an apple acts on the sense organs, its colour can be seen and its fragrance smelt",,,名词
工具,gōng jù,623211,62321,1,"进行生产劳动时所使用的器具,如锯、刨、犁、锄。","tool, instrument, implements of production, e.g. saw, digger, plough, hoe, etc.",,,名词
关键,guān jiàn,624311,62431,1,门闩或功能类似门闩的东西。,door bolt; door bar,,,名词
广播,guǎng bō,624711,62471,1,"广播电台、电视台发射无线电波,播送节目。有线电播送节目也叫广播。",(of a radio or television station) transmit programmes by sending out radio waves; wired radio programmes; broadcast; be on the air,,,名词
基础,jī chǔ,628011,62801,1,建筑物的根脚。,foundation of a building,,,名词
交通,jiāo tōng,630612,63061,2,各种运输和邮电事业的总称。,"general term for transportation, postal and telecommunications services",,,名词
交通,jiāo tōng,630613,63061,3,抗日战争和解放战争时期指通信和联络工作。,(in the War of Resistance against Japan and the War of Liberation) communication; liaison,,,名词
交通,jiāo tōng,630614,63061,4,指交通员。,liaison man; underground messenger,,,名词
教育,jiào yù,631011,63101,1,"培养新生一代准备从事社会生活的整个过程,主要是指学校对儿童、少年、青年进行培养的过程。","education; schooling; education of the younger generation for future participation in social life, primarily referring to instruction given to children, teenagers and youths in educational institutions",,,名词
经济,jīng jì,632111,63211,1,经济学上指社会物质生产和再生产的活动。,economy; term in economics denoting the activities of material production and reproduction of a society,,,名词
科学,kē xué,633711,63371,1,反映自然、社会、思维等的客观规律的分科的知识体系。,"science; branch of knowledge reflecting systematized observation of nature, society, or ways of thinking",,,名词
空气,kōng qì,634311,63431,1,"构成地球周围大气的气体。无色,无味,主要成分是氮气和氧气,还有极少量的氡、氦、氖、氩、氪、氙等惰性气体和水蒸气、二氧化碳等。","air; mixture of invisible, colourless, and odourless gases (e.g. nitrogen, oxygen, vapour, carbon dioxide, plus a small quantity of inert gases including radon, helium, neon, argon, krypton, and xenon) that surrounds the earth",,,名词
老虎,lǎo hǔ,635711,63571,1,虎的通称。,general term for 虎hǔ,,,名词
老虎,lǎo hǔ,635713,63571,3,指有大量贪污、盗窃或偷漏税行为的人。,"person who has committed embezzlement, theft or tax evasion on a large scale",,,名词
判断,pàn duàn,640111,64011,1,"思维的基本形式之一,就是肯定或否定某种事物的存在,或指明它是否具有某种属性的思维过程。在形式逻辑上用一个命题表达出来。","judge; basic form of thinking, i.e., the process of thinking to confirm or negate the existence of sth. or determine if it possesses certain property, expressed as a proposition in formal logic",,,名词
皮肤,pí fū,640411,64041,1,"身体表面包在肌肉外部的组织,人和高等动物的皮肤由表皮、真皮和皮下组织三层组成,有保护身体、调节体温、排泄废物等作用。","skin; tissue covering the muscles of a human or higher animal body, composed of epidermis, dermis, and subcutaneous tissue, the function of which is to protect the body, adjust the body temperature, and sweat out impurities",,,名词
起飞,qǐ fēi,641511,64151,1,(飞机、火箭等)开始飞行。,(of aircraft; rocket; etc.) take off,,,动词
气候,qì hòu,641711,64171,1,一定地区里经过多年观察所得到的概括性的气象情况。它与气流、纬度、海拔高度、地形等有关。,"climate; meteorological conditions of a particular region, having to do with air currents, latitude, altitude and topography, defined on the basis of many years of careful observation",,,名词
师傅,shī fu,646511,64651,1,工、商、戏剧等行业中传授技艺的人。,"master who gives instructions in any industrial or business trade, or opera, etc.",,,名词
数字,shù zì,648711,64871,1,"表示数目的文字。汉字的数字有小写大写两种,‘一二三四五六七八九十’等是小写,‘壹贰叁肆伍陆柒捌玖拾’等是大写。","written characters that denote amounts. Numbers in Chinese characters are classified as ordinary and capital forms, i.e. 一二三四五六七八九十 are ordinary forms of 1, 2, 3, 4, 5, 6, 7, 8, 9 and 10, and 壹贰叁肆伍陆柒捌玖拾 are the capital forms.",,,名词
数字,shù zì,648712,64871,2,"表示数目的符号,如阿拉伯数字、苏州码子。","numeral; figure; digit; symbols that denote numbers, e.g. Arabic numerals, Suzhou numerals, etc.",,,名词
速度,sù dù,649511,64951,1,运动物体在某一个方向上单位时间内所通过的距离。,speed; velocity; rate of time at which sth. moves or operates,,,名词
文章,wén zhāng,653411,65341,1,篇幅不很长的单篇作品。,a piece of short writing; essay; article,,,名词
文章,wén zhāng,653412,65341,2,泛指著作。,(in a broad sense) literary works; writings,,,名词
消息,xiāo xi,655211,65521,1,关于人或事物情况的报道。,news; information; report or coverage of a person or an event,,,名词
兴奋,xīng fèn,656111,65611,1,振奋;激动。,be excited,,,形容词
兴奋,xīng fèn,656112,65611,2,"大脑皮层的两种基本神经活动过程之一,是在外部或内部刺激之下产生的。兴奋引起或增强皮层和相应器官机能的活动状态,如肌肉的收缩、腺体的分泌等。","excitation; one of two basic processes of activity of the cerebral cortex resulting from external or internal stimulation. Excitation causes or increases the activity of the functions of the cortex and the corresponding organs, as contraction of the muscles and secretion of glands.",,,名词
压力,yā lì,657011,65701,1,物体所承受的与表面垂直的作用力。,pressure; force applied uniformly over a surface,,,名词
艺术,yì shù,659011,65901,1,"用形象来反映现实但比现实有典型性的社会意识形态,包括文学、绘画、雕塑、建筑、音乐、舞蹈、戏剧、电影、曲艺等。","art; social ideology reflecting reality through images and being more typical than reality, including literature, painting, sculpture, architecture, music, dancing, drama, movie, etc.",,,名词
语法,yǔ fǎ,661111,66111,1,"语言的结构方式,包括词的构成和变化、词组和句子的组织。","grammar; branch of the study of language that deals with forms and structure of words, with their customary arrangement in phrases and sentences",,,名词
语言,yǔ yán,661211,66121,1,"人类所特有的用来表达意思、交流思想的工具,是一种特殊的社会现象,由语音、词汇和语法构成一定的系统。‘语言’一般包括它的书面形式,但在与‘文字’并举时只指口语。","language; tool peculiar to mankind, used for expression and communication of thoughts and feelings, which is a special social phenomenon and has a particular system consisting of speech sounds, vocabulary and grammar. 语言 generally includes the written form, but only refers to the spoken language when used together with 文字(written language).",,,名词
知识,zhī shi,664111,66411,1,人们在改造世界的实践中所获得的认识和经验的总和。,knowledge; facts and experiences acquired by people in their practice to transform the objective world,,,名词
职业,zhí yè,664411,66441,1,个人在社会中所从事的作为主要生活来源的工作。,occupation; profession; vocation; a person's regular work or profession; job or principal activity as the means of livelihood,,,名词
质量,zhì liàng,665111,66511,1,"量度物体惯性大小的物理量。数值上等于物体所受外力和它获得的加速度的比值。有时也指物体中所含物质的量。质量是常量,不因高度或纬度变化而改变。","physical capacity measuring a body's inertia, equal to the ratio of an outside force upon a body to changes in the speed; also the quantity of matter a body contains. The mass of a body is a constant, and not changed by altitude or latitude.",,,名词
重点,zhòng diǎn,665311,66531,1,阻力点的旧称。,old name for 阻力点 zǔlìdiǎn,,,名词
组织,zǔ zhī,667214,66721,4,"机体中构成器官的单位,是由许多形态和功能相同的细胞按一定的方式结合而成的。人和高等动物体内有上皮组织、结缔组织、肌肉组织和神经组织。","tissue; substance of an organic body or organ, consisting of cells and intercellular material in the same form and with the same function, as epithelial tissue, connective tissue, muscle tissue and nerve tissue in humans and other higher animals",,,名词
保险,bǎo xiǎn,670211,67021,1,"集中分散的社会资金,补偿因自然灾害、意外事故或人身伤亡而造成的损失的方法。参加保险的人或单位,向保险机构按期缴纳一定数量的费用,保险机构对在保险责任范围内所受的损失负赔偿责任。","insurance; system for pooling scattered social resources to compensate people for losses caused by natural disasters, accidents, personal injuries or death. The insured individual or organization pays a regular premium, and the insurance company is responsible for indemnifying them for losses within the specified contingencies.",,,名词
背景,bèi jǐng,670711,67071,1,"舞台上或电影、电视剧里的布景。放在后面,衬托前景。","stage setting; backdrop; scenery; setting or scenery on a stage or for a film or TV series, placed at the rear to set off the foreground",,,名词
背景,bèi jǐng,670712,67071,2,图画、摄影里衬托主体事物的景物。,background to a picture or photograph that sets off the main subject,,,名词
标点,biāo diǎn,672311,67231,1,标点符号。,punctuation mark,,,名词
玻璃,bō lí,673111,67311,1,"一种质地硬而脆的透明物体。一般用石英砂、石灰石、纯碱等混合后,在高温下熔化、成型、冷却后制成。主要成分是二氧化硅、氧化钠和氧化钙。","glass; hard and brittle transparent material, usu. made from quartzite, limestone and soda ash, the mixture of which is melted, fused and shaped under high temperatures and then cooled down, its main elements being silica, sodium oxide and calcium oxide",,,名词
测验,cè yàn,676211,67621,1,用仪器或其他办法检验。,test; prove by means of instruments or other methods,,,动词
翅膀,chì bǎng,680211,68021,1,翅的通称。,popular term for 翅(chì),,,名词
抽象,chōu xiàng,680911,68091,1,"从许多事物中,舍弃个别的、非本质的属性,抽出共同的、本质的属性,叫抽象,是形成概念的必要手段。",draw on common nature or essence of a number of things and abandon their individual and non-essential property in order to formulate a concept,,,形容词
出口,chū kǒu,681312,68131,2,(船只)驶出港口。,(of a ship) depart from the port,,,动词
传染,chuán rǎn,682311,68231,1,"病原体侵入生物体,使生物体产生病理反应,叫做传染。有明显症状的叫显性传染,无明显症状的叫隐性传染。","infect; contagion; pathological reaction of an organic body to the invasion by a pathogen; known as dominant contagion when obvious symptoms occur, and as recessive contagion when no obvious symptoms occur",,,动词
刺激,cì jī,683311,68331,1,现实的物体和现象作用于感觉器官的过程;声、光、热等引起生物体活动或变化的作用。,"stimulation; stimulus; incitation; incitement; fillip; stimulation of sensory organs by material things and phenomena through which activity is evoked; sound, light, heat, etc., that produces a temporary increase of physiological activity in an organism or in any of its parts",,,动词
待遇,dài yù,685811,68581,1,对待(人)。,deal with a person,,,名词
单位,dān wèi,686311,68631,1,"计量事物的标准量的名称。如厘米为计算长度的单位,克为计算质量的单位,秒为计算时间的单位等。","amount or quantity taken as a standard of measurement, such as ‘centimetre’ as a unit of length, ‘gramme’ as a unit of weight, and ‘second' as a unit of time",,,名词
地理,dì lǐ,688712,68871,2,地理学。,geography,,,名词
独立,dú lì,690413,69041,3,"军队在编制上不隶属于高一级的单位而直接隶属于更高级的单位的,如不隶属于团而直接隶属于师的营叫独立营。","independent; (of a military unit) under direct command of a higher authority than its direct leadership, e.g. an independent battalion that is subordinate to a division instead of a regiment",,,形容词
反应,fǎn yìng,693411,69341,1,有机体受到体内或体外的刺激而引起的相应的活动。,reaction; action of an organism in response to interior or exterior stimuli,,,名词
反应,fǎn yìng,693412,69341,2,化学反应。,chemical reaction,,,名词
反应,fǎn yìng,693413,69341,3,打针或服药所引起的呕吐、发烧、头痛、腹痛等症状。,"symptom such as vomiting, fever, headache and stomach-ache as a reaction to injection or medication",,,名词
钢铁,gāng tiě,698211,69821,1,"钢和铁的合称,有时专指钢。",iron and steel; steel,,,名词
革命,gé mìng,699111,69911,1,"被压迫阶级用暴力夺取政权,摧毁旧的腐朽的社会制度,建立新的进步的社会制度。革命破坏旧的生产关系,建立新的生产关系,解放生产力,推动社会的发展。","revolution — the oppressed classes rise in revolt to seize power, destroy an old decadent social system and build a new advanced society. Revolution can destroy the old relations of production, build new ones, free up productivity, and promote the development of society.",,,名词
古典,gǔ diǎn,701711,70171,1,典故。,classical allusion; literary quotation,,,名词
骨头,gǔ tou,702111,70211,1,"人和脊椎动物体内支持身体、保护内脏的坚硬组织,主要成分是碳酸钙和磷酸钙。根据形状的不同,分为长骨、短骨、扁骨等。","bone; hard tissue in the body of a human being and vertebrate animals supporting the body and protecting the internal organs, its main composition being calcium carbonate and calcium phosphate; there being long bones, short bones and flat bones",,,名词
国籍,guó jí,705311,70531,1,指个人具有的属于某个国家的身份。,nationality; citizenship,,,名词
果实,guǒ shí,705411,70541,1,"植物体的一部分,花受精后,子房逐渐长大,成为果实。有些果实可供食用。","fruit; ripened reproductive body of a plant, developed from the ovary after the fecundation of the flower. Some fruits are edible.",,,名词
豪华,háo huá,706311,70631,1,(生活)过分铺张;奢侈。,luxurious (living); extravagant,,,形容词
呼吸,hū xī,707811,70781,1,"生物体与外界进行气体交换。人和高等动物用肺呼吸,低等动物靠皮肤呼吸,植物通过表面的组织进行气体交换。","breathe; respire. Organisms exchange air with the environment. Human beings and higher animals breathe through lungs, lower animals breathe through the skin, and plants breathe through their surface tissue.",,,动词
化学,huà xué,708811,70881,1,"研究物质的组成、结构、性质和变化规律的科学,是自然科学中的基础学科之一。","chemistry; one of the basic natural sciences, which deals with the composition, structure, properties and rules of change of substances",,,名词
黄金,huáng jīn,709511,70951,1,金的通称。,general term for 金1jīn ④,,,名词
价值,jià zhí,713311,71331,1,"体现在商品里的社会必要劳动。价值量的大小决定于生产这一商品所需的社会必要劳动时间的多少。不经过人类劳动加工的东西,如空气,即使对人们有使用价值,也不具有价值。","value; socially necessary labour embodied in a commodity, whose value is determined by the socially necessary labour and the time consumed in the production of it. A thing that consumes no human labour, such as air, has no value even if it has use value to the humans.",,,名词
角度,jiǎo dù,716111,71611,1,角的大小。通常用度或弧度来表示。,"angle; space between two straight lines or planes that intersect, measured in degrees or radians",,,名词
进口,jìn kǒu,718811,71881,1,(船只)驶进港口。,(of ships) sail into a port,,,动词
经典,jīng diǎn,719213,71921,3,泛指各宗教宣扬教义的根本性著作。,(in a broad sense) religious scriptures,,,名词
理论,lǐ lùn,725811,72581,1,人们由实践概括出来的关于自然界和社会的知识的有系统的结论。,theory; principle; systematic conclusion about the knowledge of nature and society drawn through practice,,,名词
零钱,líng qián,727911,72791,1,"币值小的钱,如角、分。","small change; change; money of small denominations, such as jiao and fen",,,名词
领域,lǐng yù,728311,72831,1,一个国家行使主权的区域。,territory; domain; realm; area in which a state exercises its sovereignty,,,名词
落后,luò hòu,729612,72961,2,"工作进度迟缓,落在原定计划的后面。",(of work) proceed slowly and fall behind schedule,,,形容词
馒头,mán tou,729911,72991,1,"一种用发酵的面粉蒸成的食品,一般上圆而下平,没有馅儿。",steamed bread made from raised dough with no filling usu. in a rounded cone shape,,,名词
毛病,máo bìng,730211,73021,1,指器物发生的损伤或故障,mishap; breakdown; blunder,,,名词
矛盾,máo dùn,730312,73031,2,辩证法上指客观事物和人类思维内部各个对立面之间的互相依赖而又互相排斥的关系。,(in dialectics) contradiction; interdependent yet conflicting relationship between the opposites in any objective thing or thought,,,名词
矛盾,máo dùn,730313,73031,3,形式逻辑中指两个概念互相排斥或两个判断不能同时是真也不能同时是假的关系。,"(in formal logic) contradiction between two opposing concepts, or the relationship between two propositions that cannot both be true or false at the same time",,,名词
民主,mín zhǔ,732211,73221,1,指人民有参与国事或对国事有自由发表意见的权利。,democracy; democratic rights; right of the people to participate in the state affairs and to air their views freely on the state affairs,,,名词
明星,míng xīng,732611,73261,1,古书上指金星。,Venus as described in ancient books,,,名词
疲劳,pí láo,737411,73741,1,因体力或脑力消耗过多而需要休息。,tired; in need of rest after being drained of physical strength and energy,,,形容词
品种,pǐn zhǒng,738011,73801,1,经过人工选择和培育、具有一定经济价值和共同遗传特点的一群生物体(通常指栽培植物、牲畜、家禽等)。,"breed; strain; group of organisms that are artificially selected and cultivated, have common inherited characteristics and are of commercial value, i.e. cultivated plants, livestock, and poultry",,,名词
平等,píng děng,738411,73841,1,指人们在社会、政治、经济、法律等方面享有相等待遇。,"(of people) enjoy equality in social status, politics, economy, law, etc.",,,名词
破产,pò chǎn,739011,73901,1,"债务人不能偿还债务时,法院根据本人或债权人的申请,做出裁定,把债务人的财产变价依法归还各债主,其不足之数不再偿付。","bankruptcy; judging of a court on the application of a person or his creditors when he is not able to repay his debt, according to which the debtor's properties are sold at current prices to repay the creditors and the rest of debt will not be repaid",,,动词
破坏,pò huài,739113,73911,3,变革(社会制度、风俗习惯等)。,"(of social systems, custom, etc.) change completely or violently",,,动词
燃烧,rán shāo,744411,74441,1,物质剧烈氧化而发光、发热。可燃物质和空气中的氧剧烈化合是最常见的燃烧现象。,"burn; cause to undergo combustion, the most common form of burning being the drastic chemical combination of a combustible matter with oxygen in the air",,,动词
人事,rén shì,745411,74541,1,人的离合、境遇、存亡等情况。,"occurrences in a person's life, such as partings and reunions, lot, subsistence and death, etc.",,,名词
舌头,shé tou,748511,74851,1,"辨别滋味、帮助咀嚼和发音的器官,在口腔底部,根部固定在口腔底上。","tongue; organ attached to the floor of the mouth, used in the ingestion of food, the perception of taste, and, in humans, the articulation of speech sounds",,,名词
神经,shén jīng,749711,74971,1,"把中枢神经系统的兴奋传递给各个器官,或把各个器官的兴奋传递给中枢神经系统的组织,是由许多神经纤维构成的。","nerve; tissues that transmit the excitation of the central nervous system to the organs or the excitation of the organs to the central nervous system, and consist of many nervous fibres",,,名词
实践,shí jiàn,751611,75161,1,实行(自己的主张);履行(自己的诺言)。,put (one's view) into practice; carry out (one's promise); implement,,,动词
实验,shí yàn,752011,75201,1,为了检验某种科学理论或假设而进行某种操作或从事某种活动。,experiment; test; engage in an operation or activity to test a scientific theory or hypothesis,,,名词
思想,sī xiǎng,755811,75581,1,"客观存在反映在人的意识中经过思维活动而产生的结果。思想的内容为社会制度的性质和人们的物质生活条件所决定,在阶级社会中,思想具有明显的阶级性。","thought; thinking; ideology; sequence of thought within objective existence as reflected in human consciousness. One's ideology being determined by the nature of the social system in which one lives and the conditions of his material life. For example, in a class society, a person's ideology is characterized by the social class he or she belongs to.",,,名词
台阶,tái jiē,757211,75721,1,"用砖、石、混凝土等筑成的一级一级供人上下的建筑物,多在大门前或坡道上","staircase; stairway built of bricks, masonry, or concrete at the front gate of a building or on a ramp",,,名词
太太,tài tai,757411,75741,1,〈旧时old〉通称官吏的妻子。,Madam; term of address for the wife of an official,,,名词
太太,tài tai,757412,75741,2,〈旧时old〉仆人等称女主人。,(term of address used by the servant for the mistress of a household) madam,,,名词
题目,tí mù,759011,75901,1,概括诗文或讲演内容的词句。,title; subject; topic,,,名词
挑战,tiǎo zhàn,760111,76011,1,"故意激怒敌人,使敌人出来打仗。",throw down the gauntlet; challenge; incite the enemy's anger on purpose to engage the enemy in a battle,,,动词
尾巴,wěi ba,764111,76411,1,"鸟、兽、虫、鱼等动物的身体末端突出的部分,主要作用是辅助运动、保持身体平衡等。","tail; posterior part of a bird, animal, insect, fish, etc., elongated and extending beyond the trunk or main part of the body, for aiding movement and keeping balance, etc.",,,名词
武器,wǔ qì,766411,76641,1,"直接用于杀伤敌人有生力量和破坏敌方作战设施的器械、装置,如刀、枪、火炮、导弹等。","weapon; arms; instrument or device of any kind used to injure or kill the effective forces of the enemy and destroy the enemy's war establishments, such as sabre, spear, fire gun, missile, etc.",,,名词
物质,wù zhì,766811,76681,1,独立存在于人的意识之外的客观实在。,matter; substance; objective being independent of the consciousness of man,,,名词
吸收,xī shōu,766911,76691,1,"物体把外界的某些物质吸到内部,如海绵吸收水,木炭吸收气体等。","absorb; imbibe; draw; suck up; take sth. in through pores or interstices, such as a sponge absorbing water, and charcoal absorbing gases",,,动词
吸收,xī shōu,766912,76691,2,"特指有机体把组织外部的物质吸到组织内部,如肠黏膜吸收养分,植物的根吸收水和无机盐等。","assimilate; metabolize constructively; transform (food) into living tissue by the process of anabolism, such as the intestinal mucous membrane assimilating nutrition, and the root of a plant drawing water and inorganic salt",,,动词
吸收,xī shōu,766913,76691,3,"物体使某些现象、作用减弱或消失,如弹簧吸收震动,隔音纸吸收声音等。","absorb; take in; moderate or offset certain phenomena or the impact of sth., such as a spring absorbing shock and sound-insulating paper taking in sound",,,动词
相对,xiāng duì,768711,76871,1,"指性质上互相对立,如大与小相对,美与丑相对。","opposite to each other, e.g. big is the opposite of small, and beauty the opposite of ugliness; face to face",,,形容词
消化,xiāo huà,770011,77001,1,"食物在人或动物体内,经过物理和化学作用而变为能够溶解于水并可以被机体吸收的养料。",digest food in human or animal body; (through physical and chemical functions) turn food into water-soluble nourishment to be absorbed by the body,,,动词
效率,xiào lǜ,770911,77091,1,"机械、电器等工作时,有用功在总功中所占的百分比。","(of machinery, electrical appliances, etc.) ratio of useful work to the total work performed",,,名词
心理,xīn lǐ,771411,77141,1,"人的头脑反映客观现实的过程,如感觉、知觉、思维、情绪等。","psychology; mentality; processes of reflecting objective reality by the human brains, such as feelings, consciousness, thoughts, emotions, etc.",,,名词
兄弟,xiōng di,773311,77331,1,弟弟。,younger brother,,,名词
兄弟,xiōng di,773312,77331,2,称呼年纪比自己小的男子(亲切口气)。,[familiar form of address for a man younger than oneself] brother,,,名词
意义,yì yì,777711,77771,1,语言文字或其他信号所表示的内容。,meaning; sense; significance,,,名词
义务,yì wù,777911,77791,1,"公民或法人按法律规定应尽的责任,例如服兵役(跟‘权利’相对as opposed to‘right’})。","duty; obligation; responsibility undertaken by a citizen or legal person according to law, such as serving in the army",,,名词
因素,yīn sù,778111,77811,1,构成事物本质的成分。,factor; elements that constitute the substance of a matter,,,名词
营养,yíng yǎng,778611,77861,1,有机体从外界吸取需要的物质来维持生长发育等生命活动的作用。,nourish; (of organisms) absorb needed substances from the outside to sustain and promote their vital activities for growth,,,名词
影子,yǐng zi,778812,77881,2,镜中、水面等反映出来的物体的形象。,reflection; image of an object reflected in a mirror or water surface,,,名词
主人,zhǔ rén,789211,78921,1,接待客人的人(跟‘客人’相对as opposed to‘guest’})。,host; one that receives guests,,,名词
主人,zhǔ rén,789212,78921,2,〈旧时old〉聘用家庭教师、账房等的人;雇用仆人的人。,"master; head of a household that hires private tutors, accountants, etc.; one who employs servants",,,名词
自由,zì yóu,792212,79221,2,"哲学上把人认识了事物发展的规律性,自觉地运用到实践中去,叫做自由。",(philos.) freedom; consciously apply the law of the development of things one knows in practice,,,名词
综合,zōng hé,792411,79241,1,把分析过的对象或现象的各个部分、各属性联合成一个统一的整体(跟‘分析’相对as opposed to‘analyse’})。,synthesize; form a whole by bringing together the separate parts and attributes of the analysed objects or phenomena,,,动词
总理,zǒng lǐ,792811,79281,1,中国国务院领导人的名称。,"premier, title of the leader of the State Council of China",,,名词
总理,zǒng lǐ,792812,79281,2,某些国家政府首脑的名称。,"prime minister, title of the head of government in some countries",,,名词
总理,zǒng lǐ,792813,79281,3,某些政党领导人的名称。,title of the leader of some political parties,,,名词
祖先,zǔ xiān,793511,79351,1,"一个民族或家族的上代,特指年代比较久远的。",ancestry; ancestors; forebears; forefathers,,,名词
把关,bǎ guān,796511,79651,1,把守关口。,guard a pass,,,动词
霸道,bà dào,796821,79682,1,中国古代政治哲学中指凭借武力、刑法、权势等进行统治的政策。,"in ancient times, political philosophy of rule by military force, penal laws and raw power",,,名词
包袱,bāo fu,798911,79891,1,包衣服等东西的布。,cloth-wrapper,,,名词
包袱,bāo fu,798912,79891,2,用布包起来的包儿。,bundle wrapped in a cloth,,,名词
包围,bāo wéi,799012,79901,2,"正面进攻的同时,向敌人的翼侧和后方进攻。",launch frontal attack and assault the enemy's flanks and rear at the same time,,,动词
饱和,bǎo hé,799211,79921,1,"在一定温度和压力下,溶液所含溶质的量达到最大限度,不能再溶解。",saturation; stage at which no more of a substance can be absorbed into a solution,,,形容词
报销,bào xiāo,801012,80101,2,把用坏作废的物件报告销账。,report damaged or rejected articles so they can be struck off the list,,,动词
爆发,bào fā,801112,80111,2,"通过外部冲突的形式而发生重大变化,例如用革命的手段来推翻旧政权,建立新政权。","break out; change greatly through external conflicts, e.g. use revolutionary measures to overthrow an old political power and establish a new one",,,动词
曝光,bào guāng,801311,80131,1,使照相底片或感光纸感光。,exposure; sensitization of negatives or sensitive paper,,,动词
暴力,bào lì,801411,80141,1,强制的力量;武力。,"violence, force",,,名词
本能,běn néng,802911,80291,1,"人类和动物不学就会的本领,如初生的婴儿会哭会吃奶,蜂酿蜜等都是本能的表现。","instinct; inborn ability of humans and animals, such as a baby's ability to cry and suckle at its mother's breast, and a bee's ability to make honey, which are not based on learning",,,名词
比重,bǐ zhòng,804311,80431,1,物质的重量和4℃时同体积纯水的重量的比值，叫做该物质的比重。,specific gravity; ratio of the weight of a given volume of a substance to that of the same volume of pure water at 4℃,,,名词
标本,biāo běn,807012,80701,2,"保持实物原样或经过加工整理,供学习、研究时参考用的动物、植物、矿物。","sample; specimen; animal, plant or ore kept in its original form as an example for research and study",,,名词
裁判,cái pàn,812711,81271,1,"法院依照法律,对案件做出的决定,分为判决和裁定两种。","adjudication; decision made by the court on a case according to the law, including the verdict and ruling",,,名词
裁判,cái pàn,812712,81271,2,"根据体育运动的竞赛规则,对运动员竞赛的成绩和竞赛中发生的问题做出评判。",referee; pass a judgement on the result of an athletic competition or contest and render a decision when dispute occurs in accordance with the rules of the game,,,动词
参谋,cān móu,813311,81331,1,军队中参与指挥部队行动、制定作战计划的干部。,staff officer whose job is to assist a commanding officer in directing the troops and making war plans,,,名词
产业,chǎn yè,816511,81651,1,土地、房屋、工厂等财产(多指私有的,oft. of private ownership,,,名词
场面,chǎng miàn,817511,81751,1,戏剧、电影、电视剧中由布景、音乐和登场人物组合成的景况。,"scene, composed of setting, music and characters on the stage in a play, film or drama",,,名词
场面,chǎng miàn,817512,81751,2,"叙事性文学作品中,由人物在一定场合相互发生关系而构成的生活情景。",scene in narrative literature brought about by the interaction between characters on a certain occasion,,,名词
场面,chǎng miàn,817513,81751,3,"指戏曲演出时伴奏的人员和乐器,分文武两种,管乐和弦乐是文场面,锣鼓是武场面","musical accompaniment (musicians and musical instruments) for a theatrical performance, including orchestral accompaniment and percussional accompaniment;",,,名词
潮流,cháo liú,818511,81851,1,由潮汐而引起的水流运动。,tide; tidal current,,,名词
沉淀,chén diàn,819011,81901,1,溶液中难溶解的物质沉到溶液底层。,precipitate; sediment; (of insoluble substances in solution) form a sediment at the bottom of a solution,,,动词
沉淀,chén diàn,819012,81901,2,沉到溶液底层的难溶解的物质。,sediment; insoluble substances at the bottom of solutions,,,名词
踌躇,chóu chú,823812,82381,2,停留。,sojourn,,,动词
代价,dài jià,831211,83121,1,获得某种东西所付出的钱。,money required in payment for a purchase,,,名词
冻结,dòng jié,838411,83841,1,液体遇冷凝结;使物体受冻凝结。,congeal; freeze; change or be changed from liquid to solid by cold,,,动词
动力,dòng lì,838911,83891,1,"使机械作功的各种作用力,如水力、风力、电力、畜力等。","power; motive power; force or energy that puts machinery to work, e.g. hydropower, wind power, electric power, livestock power, etc.",,,名词
动员,dòng yuán,839411,83941,1,"把国家的武装力量由和平状态转入战时状态,以及把所有的经济部门(工业、农业、运输业等)转入供应战争需要的工作。","mobilize; cause the armed forces to become ready for service and turn all economic sectors (i.e. industry, agriculture, transportation, etc.) to the needs of war",,,动词
对策,duì cè,841211,84121,1,古代应考的人回答皇帝所问关于治国的策略。,policies to be employed in running a state (in a candidate's answer to the emperor in the imperial examinations in ancient China),,,名词
对应,duì yìng,841811,84181,1,一个系统中某一项在性质、作用、位置或数量上跟另一系统中某一项相当。,"(in quality, function, position, quantity) corresponding; homologous",,,动词
发火,fā huǒ,843612,84361,2,子弹、炮弹的底火经撞击后火药爆发。,detonate; cause the gunpowder inside a bullet or shell to explode after its primer has been struck,,,动词
发火,fā huǒ,843613,84361,3,〈方dial.〉发生火警;失火。,catch fire; be on fire,,,动词
反馈,fǎn kuì,845511,84551,1,"把放大器的输出电路中的一部分能量送回输入电路中,以增强或减弱输入讯号的效应。增强输入讯号效应的叫正反馈;减弱输入讯号效应的叫负反馈。正反馈常用来产生振荡;负反馈能稳定放大,减少失真,因而广泛应用于放大器中。","feedback; process of returning part of the energy of the output circuit of an amplifier to the input circuit to boost the effects of input signals (positive feedback) or to weaken them (negative feedback). Positive feedback is oft. used to produce vibration, while negative feedback has been widely applied in amplifiers for its property of stabilizing amplification and reducing distortion.",,,名词
反馈,fǎn kuì,845512,84551,2,医学上指某些生理的或病理的效应反过来影响引起这种效应的原因。起增强作用的叫正反馈;起减弱作用的叫负反馈。,"feedback; physiological or pathological effects that conversely affect their causes, either boosting the effects (positive feedback) or weakening them (negative feedback)",,,名词
范畴,fàn chóu,846111,84611,1,"人的思维对客观事物的普遍本质的概括和反映。各门科学都有自己的一些基本范畴,如化合、分解等,是化学的范畴;商品价值、抽象劳动、具体劳动等,是政治经济学的范畴;本质和现象、形式和内容、必然性和偶然性等,是唯物辩证法的基本范畴。","category; summarization and reflection of human thoughts on the general nature of objective matters. Each science has its own basic categories. For example, chemical combination and decomposition are categories of chemistry; commodity value, abstract labour and concrete labour are categories of political economy; and nature and phenomenon, form and content, and necessity and contingency are categories of materialist dialectics.",,,名词
方位,fāng wèi,846411,84641,1,方向。东、南、西、北为基本方位;东北、东南、西北、西南为中间方位。,"directions; points of the compass, with east, west, north and south as the cardinal points, and northeast, southeast, northwest and southwest as mid-points",,,名词
飞跃,fēi yuè,847811,84781,1,"事物从旧质到新质的转化。由于事物性质的不同,飞跃有时通过爆发的方式来实现,有时通过新质要素的逐渐积累和旧质要素的逐渐消亡来实现。不同形式的飞跃都是质变。","leap; sudden transition; qualitative change from old properties to new ones, sometimes realized in an explosive way, and sometimes in a gradual way in which new properties accumulate and old ones wither away. In philosophy a leap, no matter what form it takes, entails a qualitative change.",,,动词
沸腾,fèi téng,848411,84841,1,"液体达到一定温度时急剧转化为气体的现象,这时液体发生汽化,产生气泡。","boil; bubble; phenomenon of the rapid transformation of a liquid into gas at a certain temperature, when the liquid is vaporized and bubbles appear",,,动词
分红,fēn hóng,848711,84871,1,指人民公社时期社员定期分配工分值。,(in the people's communes) periodical distribution of the cash value of workpoints to commune members,,,名词
分解,fēn jiě,848811,84881,1,"一个整体分成它的各个组成部分,例如物理学上力的分解,数学上因式的分解等。","(of a whole) separate into parts; break up; break down, e.g. in physics resolution of force, in mathematics, resolve into factors",,,动词
分解,fēn jiě,848812,84881,2,"一种物质经过化学反应而生成两种或两种以上其他物质,如碳酸钙加热分解成氧化钙和二氧化碳。","decompose; resolve; break up; split; (of a substance) break up into two or more substances through chemical reaction. For example, when heated, calcium carbonate breaks up into calcium oxide and carbon dioxide.",,,动词
风暴,fēng bào,849911,84991,1,刮大风而且往往同时有大雨的天气现象。,windstorm; storm; tempest,,,名词
封建,fēng jiàn,850611,85061,1,"一种政治制度,君主把土地分给宗室和功臣,让他们在这土地上建国。中国周代开始有这种制度,其后有些朝代也曾仿行。欧洲中世纪君主把土地分给亲信的人,形式跟中国古代封建相似,中国也把它叫做封建。","system of holding lands in fief; political system by which a sovereign grants land to royal clansmen and meritorious statesmen as fiefs. In China, the system began in the Zhou Dynasty and was followed by other dynasties. During the Middle Ages, European monarchs granted lands to trusted followers in a form similar to the system of enfeoffment in ancient China, and that is why Chinese historians also call that system 封建.",,,名词
负担,fù dān,853511,85351,1,承当(责任、工作、费用等)。,"bear; carry; shoulder (a responsibility, work, expense, etc.)",,,动词
附件,fù jiàn,853811,85381,1,随同主要文件一同制定的文件。,appendix; annex; side document drawn up at the same time as the primary one,,,名词
附件,fù jiàn,853812,85381,2,随同文件发出的有关的文件或物品。,other document or object distributed with the main document enclosed,,,名词
疙瘩,gē da,857011,85701,1,皮肤上突起的或肌肉上结成的硬块。,swelling on the skin; pimple; lump,,,名词
隔离,gé lí,857311,85731,1,"不让聚在一起,使断绝往来。",keep apart,,,动词
共鸣,gòng míng,861011,86101,1,"物体因共振而发声的现象,如两个频率相同的音叉靠近,其中一个振动发声时,另一个也会发声。","resonance; sound produced in an object by sound or vibrations of a similar frequency from another object. For example, when two tuning forks are brought close to each other, and if one of them is vibrating and emitting a sound, the other produces a sound as well.",,,名词
骨干,gǔ gàn,862311,86231,1,"长骨的中央部分,两端跟骨骺相连,里面是空腔。","diaphysis; shaft of a long bone with a cavity, linked with the epiphysis at both ends;",,,名词
关照,guān zhào,863212,86321,2,"互相照应,全面安排。",look after each other and make an overall arrangement,,,动词
光彩,guāng cǎi,864011,86401,1,颜色和光泽;光辉,colour and lustre; splendour; radiance; brilliance,,,名词
轨道,guǐ dào,865011,86501,1,用条形的钢材铺成的供火车、电车等行驶的路线。,"railroad; tram road; road composed of parallel steel rails providing a track for trains, trams, etc.",,,名词
轨道,guǐ dào,865012,86501,2,天体在宇宙间运行的路线。,orbit; path of a celestial body moving round another;,,,名词
轨道,guǐ dào,865013,86501,3,"物体运动的路线,多指有一定规则的,如原子内电子的运动和人造卫星的运行都有一定的轨道。","path; orbit; trajectory; route or course along which an object moves, oft. regularly, e.g. movement of an electron within an atom and that of a man-made satellite, both following a certain course",,,名词
航天,háng tiān,867411,86741,1,指人造卫星、宇宙飞船等在地球附近空间或太阳系空间飞行。,space flight; astronautic flight; flight of man-made satellite or spacecraft near the earth or within the solar system,,,名词
环节,huán jié,872911,87291,1,"某些低等动物如蚯蚓、蜈蚣等,身体由许多大小差不多的环状结构互相连接组成,这些结构叫做环节,能伸缩。","segment; connected extendible and contractible ring-like structures of similar sizes that form the body of some lower animals, such as earthworm and centipede",,,名词
回报,huí bào,873911,87391,1,报告(任务、使命等执行的情况)。,report back on what has been done,,,动词
机械,jī xiè,876911,87691,1,利用力学原理组成的各种装置。杠杆、滑轮、机器以及枪炮等都是机械。,"mechanism; installation made according to principles of mechanics, such as lever, pulley, machine, and arms",,,名词
家伙,jiā huo,880811,88081,1,指工具或武器。,tool; utensil; weapon,,,名词
尖端,jiān duān,882511,88251,1,尖锐的末梢;顶点。,pointed end; acme; peak,,,名词
焦点,jiāo diǎn,886111,88611,1,某些与椭圆、双曲线或抛物线有特殊关系的点。如椭圆的两个焦点到椭圆上任意一点的距离的和是一个常数。,"focal point; focus; point that has a special relationship with an ellipse, hyperbola or parabola. For example, the sum of the distances between either focal point of an ellipse and any point on the ellipse is constant.",,,名词
焦点,jiāo diǎn,886112,88611,2,平行光线经透镜折射或曲面镜反射后的会聚点。,focal point; focus; point at which parallel rays of light converge after being refracted through a lens or reflected from a concave mirror,,,名词
结晶,jié jīng,887611,88761,1,物质从液态(溶液或熔化状态)或气态形成晶体。,crystallize; (of substances) become crystal from a liquid or gaseous state,,,名词
解剖,jiě pōu,888211,88821,1,"为了研究人体或动植物体各器官的组织构造,用特制的刀、剪把人体或动植物体剖开。","dissect; cut open the body of a human being, animal or plant with special knives and scissors to study the tissue structure of organs inside",,,动词
解体,jiě tǐ,888411,88841,1,物体的结构分解。,(of an object) disintegrate,,,动词
境界,jìng jiè,892211,89221,1,土地的界限。,boundary,,,名词
咀嚼,jǔ jué,894311,89431,1,用牙齿磨碎食物。,"masticate; chew; crush, grind or gnaw with teeth",,,动词
客户,kè hù,898811,89881,1,〈旧时old〉指以租佃为生的人家。,tenant; farmer who makes a living by tilling the land for a landlord,,,名词
客户,kè hù,898812,89881,2,〈旧时old〉指外地迁来的住户。,non-native resident; immigrant,,,名词
喇叭,lǎ ba,902511,90251,1,"管乐器,上细下粗,最下端的口部向四周张开,可以扩大声音。",trumpet; wind instrument fashioned out of a curved brass tube with a narrow mouthpiece and an outspread wide end for amplifying the sound,,,名词
立场,lì chǎng,905111,90511,1,认识和处理问题时所处的地位和所抱的态度。,position; stand; standpoint,,,名词
立体,lì tǐ,905312,90531,2,几何体。,solid,,,名词
灵魂,líng hún,908211,90821,1,"迷信的人认为附在人的躯体上作为主宰的一种非物质的东西,灵魂离开躯体后人即死亡。","soul; immaterial spiritual entity believed by the superstitious to be coexistent with the physical body of a person and a dominant spiritual force, which leaves upon the person's death",,,名词
流氓,liú máng,909711,90971,1,"原指无业游民,后来指不务正业、为非作歹的人。","rogue; hooligan; hoodlum; ruffian; rascal; originally referring to a jobless riff-raff, later to a ne'er-do-well evil-doer",,,名词
论证,lùn zhèng,910811,91081,1,"逻辑学指引用论据来证明论题的真实性的论述过程,是由论据推出论题时所使用的推理形式。",(of logic) process of deduction that proves the truth of a proposition on the basis of evidence,,,名词
麻痹,má bì,911611,91161,1,神经系统的病变引起的身体某一部分知觉能力的丧失和运动机能的障碍。,"paralysis; loss or impairment of sensation or function in certain part of the human body, caused by disease of the nerves",,,名词
码头,mǎ tou,911911,91191,1,"在江河沿岸及港湾内,供停船时装卸货物和乘客上下的建筑。",wharf; dock; quay; pier; facility built parallel to the shoreline for loading and unloading freight and passengers,,,名词
迷信,mí xìn,915411,91541,1,信仰神仙鬼怪等。,"superstition; superstitious belief; belief in deities, immortals, ghosts, etc.",,,名词
面貌,miàn mào,916111,91611,1,脸的形状;相貌。,face; facial features; appearance,,,名词
沐浴,mù yù,919511,91951,1,洗澡。,have (or take) a bath,,,动词
内涵,nèi hán,920311,92031,1,"一个概念所反映的事物的本质属性的总和,也就是概念的内容。例如‘人’这个概念的内涵是能制造工具并使用工具进行劳动的动物。","intension; connotation; sum total of the essential properties of matter as reflected by a definition; content of a definition. For example, the connotation of the concept of ‘man’ is ‘the animal that can make and use tools to engage in physical labour’.",,,名词
屁股,pì gu,925311,92531,1,臀部。,buttocks (of humans); bottom; behind; backside,,,名词
平行,píng xíng,927612,92761,2,"两个平面或一个平面内的两条直线或一条直线与一个平面始终不能相交,叫做平行。","parallel; two straight lines on two planes, or on the same plane, or a straight line and a plane, that are equidistant and hence will never cross each other",,,形容词
气象,qì xiàng,932311,93231,1,"大气的状态和现象,例如刮风、闪电、打雷、结霜、下雪等。","meteorological phenomena, such as wind, lightning, thunder, frost, snow, etc.",,,名词
桥梁,qiáo liáng,934711,93471,1,架在水面上或空中以便行人、车辆等通行的建筑物。,"bridge; structure built across water or in the air to provide passage for pedestrians, vehicles, etc.",,,名词
渠道,qú dào,938511,93851,1,"在河湖或水库等的周围开挖的水道,用来引水排灌。","ditch (dug near a river, lake or reservoir for the purpose of irrigation); channel; trench",,,名词
人格,rén gé,941211,94121,1,人的性格、气质、能力等特征的总和。,"integration of a person's personality, temperament and ability, etc.",,,名词
三角,sān jiǎo,944411,94441,1,三角学的简称。,Abbr. for三角学sānjiǎoxué,,,名词
刹车,shā chē,945111,94511,1,用闸等止住车的行进。,stop a vehicle by applying the brakes; put on the brakes,,,动词
刹车,shā chē,945112,94511,2,"停止动力来源,使机器停止运转。",stop a machine by cutting off the power; turn off a machine,,,动词
筛选,shāi xuǎn,945311,94531,1,利用筛子进行选种、选矿等。,"use a sieve to select seeds, dress ore, etc.",,,动词
上游,shàng yóu,946311,94631,1,河流接近发源地的部分。,upper reaches (of a river),,,名词
渗透,shèn tòu,949111,94911,1,"两种气体或两种可以互相混合的液体,彼此通过多孔性的薄膜而混合。",osmosis; two gases or two liquids that can be mixed with each other pass through a porous membrane and mix together,,,动词
师范,shī fàn,951211,95121,1,师范学校的简称。,Abbr. for师范学校shīfàn xuéxiào,,,名词
视线,shì xiàn,955311,95531,1,"用眼睛看东西时,眼睛和物体之间的假想直线。",line of vision; view; line of sight (in surveying),,,名词
水利,shuǐ lì,958711,95871,1,利用水力资源和防止水的灾害。,water conservancy; prevent floods by taking advantage of hydraulic resources,,,名词
思维,sī wéi,959411,95941,1,"在表象、概念的基础上进行分析、综合、判断、推理等认识活动的过程。思维是人类特有的一种精神活动,是从社会实践中产生的。","thought; thinking; process of mental activity such as analysis, synthesis, judgement and reasoning, based on ideas and concepts, a mental faculty unique to humankind, and a product of social practice.",,,名词
素食,sù shí,960811,96081,1,素的饭食和点心。,vegetarian food; vegetarian diet,,,名词
素质,sù zhì,960911,96091,1,指事物本来的性质。,nature; essential character of sth.,,,名词
弹性,tán xìng,962811,96281,1,"物体受外力作用变形后,除去作用力时能恢复原来形状的性质。",elasticity; (of an object) the property of returning to its initial form or state after being deformed by an external force,,,名词
同志,tóng zhì,968011,96801,1,"为共同的理想、事业而奋斗的人,特指同一个政党的成员。","comrade; persons who strive for the common ideal or cause, esp. members of the same party",,,名词
统计,tǒng jì,968211,96821,1,指对某一现象有关的数据的搜集、整理、计算和分析等。,"statistics, census; collection, organization, calculation, analysis, etc., of the relevant data of a phenomenon",,,动词
推翻,tuī fān,969911,96991,1,"用武力打垮旧的政权,使局面彻底改变。",overthrow; overturn; topple; smash an old regime by force in order to bring about a complete change,,,动词
网络,wǎng luò,973311,97331,1,网状的东西。,network,,,名词
威力,wēi lì,973811,97381,1,强大的使人畏惧的力量。,"power; force; awe-inspiring, powerful strength",,,名词
卫星,wèi xīng,975511,97551,1,"按一定轨道绕行星运行的天体,本身不能发光。",satellite; moon; celestial body that moves around a planet along a given orbit and does not emit light by itself,,,名词
牺牲,xī shēng,979611,97961,1,为祭祀宰杀的牲畜。,sacrifice; beast slaughtered for sacrifice,,,名词
媳妇,xí fù,979811,97981,1,儿子的妻子。,son's wife; daughter-in-law;,,,名词
向导,xiàng dǎo,984111,98411,1,带路。,show sb. the way; act as a guide,,,动词
烟花,yān huā,993911,99391,1,指春天艳丽的景物。,lovely spring scene,,,名词
掩护,yǎn hù,995911,99591,1,"对敌采取警戒、牵制、压制等手段,保障部队或人员行动的安全。",screen; shield; cover; protect the safety of one's army or personnel by guarding against or containing an enemy,,,动词
野蛮,yě mán,998011,99801,1,不文明;没有开化。,uncivilized; savage,,,形容词
遗产,yí chǎn,999611,99961,1,"死者留下的财产,包括财物、债权等。","legacy; inheritance; heritage; property left behind after one's death, including property, creditor's rights, etc.",,,名词
意识,yì shí,1001611,100161,1,"人的头脑对于客观物质世界的反映,是感觉、思维等各种心理过程的总和,其中的思维是人类特有的反映现实的高级形式。存在决定意识,意识又反作用于存在。","consciousness; awareness. The reflection of the objective material world in man's mind is the sum total of sensation, thinking and other psychological processes, and thinking is a high form of reflection of reality peculiar to man. Being determines consciousness, and consciousness reacts on being.",,,名词
抑制,yì zhì,1002311,100231,1,"大脑皮层的两种基本神经活动过程之一。是在外部或内部刺激下产生的,作用是阻止皮层的兴奋,减弱器官机能的活动。睡眠就是大脑皮层全部处于抑制的现象。","inhibition; one of the two basic processes of nervous activity of the cerebral cortex, caused by external or internal stimulation, its function being to check the excitation of the cortex and reduce the activities of the organs. Sleep is exactly a complete inhibition of the cerebral cortex.",,,动词
油漆,yóu qī,1005811,100581,1,泛指油类和漆类涂料。,paint,,,名词
幼稚,yòu zhì,1006111,100611,1,年纪小。,young,,,形容词
诱惑,yòu huò,1006211,100621,1,"使用手段,使人认识模糊而做坏事。",entice; tempt; seduce; lure,,,动词
元首,yuán shǒu,1008011,100801,1,君主。,monarch,,,名词
战斗,zhàn dòu,1014011,101401,1,"敌对双方所进行的武装冲突,是达到战争目的的主要手段。","fight; battle; combat; military conflict between antagonistic parties, the main means to achieve the objectives of a war",,,名词
战略,zhàn lüè,1014111,101411,1,指导战争全局的计划和策略。,strategy; overall plan and tactics for a war,,,名词
占领,zhàn lǐng,1014511,101451,1,用武装力量取得(阵地或领土)。,capture; occupy; seize; use force to seize (a position or territory),,,动词
占有,zhàn yǒu,1014611,101461,1,占据。,own; possess; have,,,动词
阵容,zhèn róng,1017011,101701,1,作战队伍的外貌。,battle array (or formation),,,名词
支出,zhī chū,1019911,101991,1,付出去;支付。,pay (money); expend; disburse,,,动词
支柱,zhī zhù,1020311,102031,1,起支撑作用的柱子。,pillar; prop,,,名词
知觉,zhī jué,1020411,102041,1,"反映客观事物的整体形象和表面联系的心理过程。知觉是在感觉的基础上形成的,比感觉复杂、完整。",perception; psychological process that reflects the overall image of sth. objective and its superficial relationships. Perception is formed on the basis of sensations but is more complex and complete.,,,名词
重心,zhòng xīn,1024811,102481,1,"物体内各点所受的重力产生合力,这个合力的作用点叫做这个物体的重心。",barycentre; centre of mass; centre of gravity; centroid; point in a body at which the mass of various points within the same body may be considered to be concentrated and at which external forces may be considered to be applied,,,名词
重心,zhòng xīn,1024812,102481,2,"三角形三条中线相交于一点,这个点叫做三角形的重心。",median point; intersection of the three medians of a triangle,,,名词
周转,zhōu zhuǎn,1025811,102581,1,"企业的资金从投入生产到销售产品而收回货币,再投入生产,这个过程一次又一次地重复进行,叫做周转。周转所需的时间,是生产时间和流通时间的总和。","turnover; repeated business process, from investment, production and sales to the return of the invested capital; the time taken for a turnover is the sum of productive time plus circulating time",,,动词
主流,zhǔ liú,1026811,102681,1,干流。,trunk stream; mainstream,,,名词
主题,zhǔ tí,1027011,102701,1,"文学、艺术作品中所表现的中心思想,是作品思想内容的核心。",theme (of a literary or art work); subject; motif; leitmotiv,,,名词
资本,zī běn,1030811,103081,1,用来生产或经营以求牟利的生产资料和货币。,capital; materials and money used in production or management to pursue profit,,,名词
走廊,zǒu láng,1032811,103281,1,"屋檐下高出平地的走道,或房屋之间有顶的走道。",corridor; passage; passageway; raised walkway under the eaves of a house; roofed walkway between two buildings,,,名词
塌实,tā shi,2013411,201341,1,(工作或学习的态度)切实;不浮躁。,(of attitude towards work or study) down-to-earth; steadfast,,,形容词
锥度,zhuī dù,2015411,201541,1,柱形物体的横剖面向一端逐渐缩小的形式。,coning; tapering; gradual decrease in breadth or thickness of one end of an elongated object;,,,名词
芙蓉,fú róng,2017411,201741,1,木芙蓉。,cottonrose hibiscus (Hibiscus mutabilis),,,名词
傀儡,kuǐ lěi,2022111,202211,1,木偶戏里的木头人。,puppet; marionette; wooden figure in puppet show,,,名词
木犀,mù xi,2032511,203251,1,"常绿小乔木或灌木,叶子椭圆形,花小,白色或暗黄色,有特殊的香气,结核果,卵圆形。花供观赏,又可做香料。","sweet-scented osmanthus (Osmanthus fragrans); evergreen tree or shrub with oblong leaves, small, white or yellowish flowers, a special sweet scent, ovate drupels, and flowers that are used for ornament or making perfumes and spices;",,,名词
木犀,mù xi,2032512,203251,2,这种植物的花。,flower of the plant;,,,名词
轱辘,gū lu,2033611,203361,1,车轮子。,wheel,,,名词
想像,xiǎng xiàng,2034711,203471,1,"心理学上指在知觉材料的基础上,经过新的配合而创造出新形象的心理过程。",imagination; psychological process of creating mental images through the recombination of available perceived material,,,动词
低回,dī huí,2036111,203611,1,徘徊(huái)。,pace up and down,,,动词
文字,wén zì,2040611,204061,1,"记录语言的符号,如汉字、拉丁字母等。","characters; script; writing; symbols for recording what is spoken, as Chinese characters, Latin letters, etc.",,,名词
文字,wén zì,2040612,204061,2,"语言的书面形式,如汉文、英文等。","written form of a language, as the Chinese language, English language, etc.",,,名词
础石,chǔ shí,2041411,204141,1,垫在房屋柱子底下的石头。,stone base on which the columns of a house stand,,,名词
豆子,dòu zi,2043311,204331,1,豆类作物。,pod-bearing plant; legume; pulse; pea; bean,,,名词
津贴,jīn tiē,2043411,204341,1,"工资以外的补助费,也指供给制人员的生活零用钱。","subsidy; allowance, in addition to salary",,,名词
羽毛,yǔ máo,2043811,204381,1,"鸟类身体表面所长的毛,有保护身体、保持体温、帮助飞翔等作用。","feather; plume; covering growth on the body of a bird, which protects the body, keeps the temperature and helps it fly",,,名词
坝子,bà zi,2044311,204431,1,same as坝,bà,,,名词
渣滓,zhā zǐ,2044711,204471,1,物品提出精华后剩下的东西。,dregs; sediment; residue; leftover after the essence has been abstracted,,,名词
渲染,xuàn rǎn,2045911,204591,1,"国画的一种画法,用水墨或淡的色彩涂抹画面,以加强艺术效果。","Chinese painting style, where washes of ink or pale colours are added to a Chinese painting to heighten artistic effect; ratchet up",,,动词
刻板,kè bǎn,2046011,204601,1,"在木板或金属板上刻字或图(或用化学方法腐蚀而成),使成为印刷用的底版。","engrave, or use chemical erosion to prepare, blocks for printing; carve printing blocks;",,,名词
烟火,yān huǒ,2053423,205342,3,烽火;战火。,signal fire; flames of war,,,名词
婵娟,chán juān,2054211,205421,1,"(姿态)美好,多用来形容女子。",(oft. of women) lovely; graceful; beautiful,,,形容词
饥荒,jī huang,2054511,205451,1,庄稼收成不好或没有收成。,crop failure,,,名词
