rank,sn,hanzi,pinyin,ref_hanzi,ref_pinyin,pos,definition,example,definition_en
3502,1,嗯,èng,,,叹,表示应诺,嗯，就照你说的办吧｜（在电话中）嗯，嗯，你说吧。,expressing agreement or assent
3502,2,嗯,éng,,,叹,表示疑问,嗯?你怎么不说话了?｜你说什么，嗯?,expressing doubt or questioning
3502,3,嗯,ěng,,,叹,表示不以为然或出乎意料,嗯，没有那么严重吧!｜嗯，怎么会呢!,expressing disapproval or surprise
3503,1,咯,kǎ,,,动,用力把东西从食道或气管里咳出来,把鱼刺咯出来｜咯痰｜咯血,to cough up something from the esophagus or trachea
3503,2,咯,luò,,,,音译用字，用于“吡（bǐ）咯”等,吡咯是一种有机化合物。｜吡咯具有特殊气味。,"a character used in transliteration, as in ""pyrrole"""
3505,1,噢,ō,,,叹,表示知道,噢，明白了!,expressing understanding or acknowledgment
3511,1,嘎,gā,,,拟声,模拟响亮而短促的声音,冰面嘎的一声裂开了。,"onomatopoeia for a loud, short sound"
3511,2,嘎,gǎ,,,形,调皮,嘎小子,mischievous
3511,3,嘎,gǎ,,,形,脾气古怪；乖僻,这个人太嘎，跟谁也合不来。,eccentric; peculiar in temperament
3513,1,酶,méi,,,名,生物体的细胞分泌的具有催化能力的蛋白质，可以促进体内的氧化作用、消化作用、发酵等，如蛋白酶、淀粉酶、凝血酶等。酶制剂广泛应用于食品、皮革、纺织、石油等工业以及医药卫生等方面,消化酶帮助分解食物｜这种酶能促进发酵,enzyme
3514,1,嗨,hāi,,,,歌词中的衬字。,嗨啦啦｜呼儿嗨哟,a filler word in song lyrics
3514,2,嗨,hēi,,,,嘿（hēi）,嗨，你好啊｜嗨，好久不见,hey (an interjection)
3517,1,噗,pū,,,拟声,模拟气或水喷出来的声音,噗的一下吹灭了蜡烛｜泉水噗噗往上冒,onomatopoeia for the sound of air or water spurting out
3523,1,咩,miē,,,拟声,模拟羊叫的声音,小羊咩咩地叫个不停,onomatopoeia for the bleating of a sheep
3527,1,铀,yóu,,,名,金属元素，符号U。银白色，有放射性，化学性质活泼。是最基本的核燃料，可用来产生原子能，制造原子弹、建造原子反应堆和核电站,铀是核电站的燃料｜铀元素具有放射性,uranium
3531,1,嘘,xū,,,动,从嘴里慢慢地吐气,嘘了一口气,to exhale slowly from the mouth
3531,2,嘘,xū,,,拟,声模拟撮口吐气的声音，多用于表示制止,嘘!别说话,"onomatopoeia for the sound of blowing through pursed lips, often used to signal stopping"
3531,3,嘘,shī,,,叹,表示制止说话或驱赶家禽,嘘!别说话｜嘘，回窝里去!,an interjection used to hush someone or shoo poultry
3531,4,嘘,xū,,,动,蒸汽或热力接触物体引起变化,让蒸汽嘘了｜放炉子上嘘一嘘,to cause change in an object through steam or heat contact
3531,5,嘘,xū,,,动,〈文〉叹气,仰天而嘘,to sigh (in literary context)
3532,1,嘟,dū,,,拟声,模拟某些发声器发出的声音,哨子吹得嘟嘟响,onomatopoeia for sounds made by certain devices
3532,2,嘟,dū,,,动,〈口〉（嘴巴）向前撅着,小孩儿嘟起小嘴生气了。,to pout (the mouth) forward (colloquial)
3548,1,狄,dí,,,名,我国古代北方的一个民族；泛指古代北方各民族,狄人是古代北方民族｜狄族擅长骑射,an ancient northern ethnic group in China;refers to ancient northern peoples in general
3557,1,咚,dōng,,,拟声,模拟重物落下或击鼓、敲门等的声音,咚的一声跳下墙头｜鼓敲得咚咚响｜咚咚的敲门声,"onomatopoeia for the sound of heavy objects falling, drumbeats, or knocking"
3561,1,钡,bèi,,,名,金属元素，符号：Ba。银白色，有延展性，易氧化。可用作去氧剂，也用于制造合金、焰火等,钡可用于制造焰火｜钡是银白色金属,barium
3564,1,钛,tài,,,名,金属元素，符号：Ti。银灰色，质硬而轻，延展性强，熔点较高，耐腐蚀。可用来制造特种合金钢,钛合金轻便坚固｜钛耐腐蚀性能好,titanium
3578,1,镍,niè,,,名,金属元素，符号：Ni。银白色，质坚韧，有磁性和良好的延展性，在空气中不氧化。用于电镀及制造不锈钢和其他各种精密合金；也用于制造蓄电池和硬币等,镍常用于制造硬币｜镍是不锈钢原料,nickel
3579,1,樊,fán,,,名,〈文〉篱笆,樊篱,hedge; fence (in literary context)
3582,1,柯,kē,,,名,草木的枝茎,茎柯,branch or stem of plants
3582,2,柯,kē,,,名,斧头的柄,斧头需要安装木柯｜这把斧的柯很结实,handle of an axe
3596,1,毋,wú,,,副,〈文〉表示禁止或劝阻，相当于“不要”、“不可”,临财毋苟得，临难毋苟免｜宁缺毋滥,"do not; must not (in literary context, used for prohibition or dissuasion)"
3598,1,妾,qiè,,,名,旧时男子除正妻以外另娶的女子,一妻一妾｜纳妾,concubine (in historical context)
3598,2,妾,qiè,,,名,古时女子的谦称,妾身,a humble self-reference by women in ancient times
3601,1,镭,léi,,,名,金属元素，符号：Ra。银白色，放射性强，具有强大穿透力，并不断大量放热。用于治疗癌症；镭盐和铍粉的混合制剂可以作为中子源，用于地质勘测。,镭可用于治疗癌症｜镭有很强放射性,radium
3603,1,瞥,piē,,,动,目光很快地掠过,瞥了他一眼｜瞥见｜一瞥,to glance quickly
3615,1,陇,lǒng,,,名,甘肃的别称,陇海铁路｜陇西高原,alternative name for Gansu Province
3615,2,陇,lǒng,,,名,陇山，山名，在甘肃和陕西交界的地方,陇山横跨甘陕两省｜我们翻越了陇山,"Longshan, a mountain name at the border of Gansu and Shaanxi"
3618,1,焖,mèn,,,动,烹调方法，把食物放在锅里，加少量的水，扣紧锅盖，用文火慢煮，使物熟汤干,焖扁豆｜黄焖鸡翅,to braise (a cooking method)
3620,1,甄,zhēn,,,动,考察；鉴别,甄审｜甄别,to examine; to distinguish
3624,1,锭,dìng,,,名,旧时作货币用的浇铸成形的金块、银块,金锭｜银锭,"ingot (historically used as currency, made of gold or silver)"
3624,2,锭,dìng,,,名,锭状的东西（多指金属或药物）,钢锭｜铝锭｜至宝锭（中成药名）。,ingot-shaped object (often metal or medicinal)
3624,3,锭,dìng,,,量,用于锭状物,一锭银子｜两锭墨,a measure word for ingot-shaped items
3624,4,锭,dìng,,,名,纺纱机上绕纱的机件,纱锭,spindle (on a spinning machine)
3627,1,咔,kā,,,拟声,模拟物体碰撞、断裂等的声音,咔的一声把门锁上了,onomatopoeia for the sound of objects colliding or breaking
3627,2,咔,kǎ,,,,音译用字，用于“咔叽”、“咔唑”等,这种咔叽布料很耐用。｜咔唑是一种化学物质。,"a character used in transliteration, as in ""khaki"" or ""carbazole"""
3629,1,妞,niū,,,名,〈口〉女孩子；也用作对女孩子的昵称,这个妞儿长得挺俊｜大妞儿｜妞子,girl (colloquial); also a term of endearment for a girl
3633,1,奚,xī,,,代,〈文〉指处所或事物，表示疑问，相当于“哪里”、“什么”、“为什么”,奚以知其然也?｜此奚疾哉?｜子奚不为政?,"where; what; why (in literary context, interrogative pronoun)"
3639,1,靓,liàng,,,形,某些地区指漂亮,靓女｜靓仔（zǎi）,pretty (in some dialects)
3639,2,靓,jìng,,,形,妆饰艳丽,靓妆｜靓服,beautifully adorned; gorgeous
3639,3,靓,jìng,,,动,妆饰；修饰,浅妆匀靓,to adorn; to decorate
3642,1,踹,chuài,,,动,用脚掌向外猛然用力,踹了他一脚,to kick outward with the sole of the foot
3642,2,踹,chuài,,,动,踩；踏,不小心一脚踹在泥里。,to step on; to tread
3649,1,韦,wéi,,,名,去毛后经过熟制的兽皮,韦索,tanned leather (after hair removal and processing)
3649,2,韦,wéi,,,名,皮带；皮绳,佩韦,leather belt; leather rope
3653,1,兀,wù,,,形,高耸凸出,突兀｜兀立,towering; prominent
3653,2,兀,wù,,,形,光秃,兀鹫,bald; bare
3670,1,侃,kǎn,,,动,〈口〉闲扯；聊天,两人神侃一通,to chat idly; to gossip (colloquial)
3670,2,侃,kǎn,,,动,用言语戏弄；调笑,调（tiáo）侃。,to tease with words; to banter
3670,3,侃,kǎn,,,形,〈文〉理直气壮，从容不迫,侃然｜侃侃而谈,confident and composed (in literary context)
3671,1,蘸,zhàn,,,动,把东西放在液体、粉状物或糊状物里沾一下就拿出来,用棉球蘸点儿碘酒｜蘸白糖｜大葱蘸酱｜蘸水笔,"to dip briefly into a liquid, powder, or paste"
3679,1,剁,duò,,,动,用刀、斧等向下砍,剁肉馅｜剁菜｜剁碎,to chop downward with a knife or axe
3687,1,哽,gěng,,,动,食物堵塞咽喉；噎,慢点儿吃，别哽着。,to choke on food; to have food stuck in the throat
3687,2,哽,gěng,,,动,因感情激动而声气阻塞,哽咽｜哽塞,to choke up with emotion
3697,1,炖,dùn,,,动,烹调方法，把食物（多指肉类）用小火煮得烂熟,把肉炖一下｜炖排骨｜清炖,"to stew (a cooking method, usually for meat)"
3697,2,炖,dùn,,,动,把盛在容器里的东西连容器一起放在热水里，使变热,炖酒｜炖药,to warm something by placing its container in hot water
3698,1,喵,miāo,,,拟声,模拟猫叫的声音,小猫喵喵叫,onomatopoeia for the sound of a cat meowing
3710,1,遛,liù,,,动,慢步走；随便走走,遛大街｜出去遛了一趟,to stroll; to walk slowly
3710,2,遛,liù,,,动,牵着牲畜或提着鸟笼慢步走,遛马｜遛鸟,to walk a pet or carry a birdcage slowly
3720,1,臧,zāng,,,形,好；善,谋国不臧,good; virtuous
3720,2,臧,zāng,,,动,褒扬；称赞,臧否人物,to praise; to commend
3728,1,燎,liáo,,,动,蔓延燃烧,放火燎荒｜星火燎原,to burn and spread
3728,2,燎,liǎo,,,动,靠近火而被烧焦,头发让火燎了一大片｜烟熏火燎,to be scorched by fire
3728,3,燎,liáo,,,动,烫,燎泡,to scald
3729,1,沓,dá,,,量,用于叠在一起的纸张等较薄的东西,一沓报纸｜一沓一沓码整齐,a measure word for stacks of thin items like paper
3729,2,沓,tà,,,形,重复；繁多,纷至沓来｜杂沓,repetitive; numerous
3730,1,攥,zuàn,,,动,紧握,攥拳头｜攥着一大把钱不撒手,to grip tightly
3732,1,诛,zhū,,,动,指责；惩罚,口诛笔伐,to blame; to punish
3732,2,诛,zhū,,,动,杀死,天诛地灭,to kill
3733,1,氟,fú,,,名,非金属元素，符号F。浅黄绿色气体，味臭，有毒，腐蚀性极强，是非金属中最活泼的元素。是制造特种塑料、橡胶和冷冻剂的原料,氟可用于制造塑料｜氟气有强烈腐蚀性,fluorine
3742,1,撂,liào,,,动,不经心地放；搁下,把行李撂在地上｜撂下饭碗就走了｜这件事先撂一撂再说。,to put down carelessly; to set aside
3742,2,撂,liào,,,动,扔掉；抛弃,没用的材料都撂了｜不能撂下一家老小不管。,to throw away; to abandon
3742,3,撂,liào,,,动,摔倒；弄倒,一个绊子就把他撂倒了｜一梭子子弹，撂倒一大片敌人。,to knock down; to cause to fall
3747,1,硒,xī,,,名,非金属元素，符号：Se。导电能力随光照强度的增减而变化。可用于太阳能电池、整流器、摄像设备、光电管等,硒用于太阳能电池｜硒是光电材料,selenium
3761,1,搪,táng,,,动,应付；敷衍,搪塞（sè）｜搪脱｜搪账,to cope with; to handle perfunctorily
3761,2,搪,táng,,,动,抵挡,他用手一搪，把歹徒的凶器打落在地｜搪风｜搪饥,to resist; to withstand
3761,3,搪,táng,,,动,用泥或涂料涂抹（炉膛或金属坯胎）,搪炉子｜搪瓷,to coat (as with mud or paint on a stove or metal base)
3765,1,槌,chuí,,,名,类似棒子的敲打用具。一般一头较粗或为球形,棒槌｜鼓槌儿,"mallet; a beating tool, often with one thick or spherical end"
3768,1,哧,chī,,,拟声,模拟笑声或撕裂声等,她哧哧地笑个不停｜哧的一声，轮胎跑气了。,onomatopoeia for laughter or tearing sounds
3770,1,犊,dú,,,名,犊子,初生牛犊不怕虎,calf
3787,1,偕,xié,,,副,〈文〉一起；共同,二人偕行｜白头偕老,together; jointly (in literary context)
3807,1,疽,jū,,,名,中医指局部皮肤肿胀坚硬的毒疮,痈疽,"a type of toxic sore with hard, swollen skin in traditional Chinese medicine"
3808,1,撅,juē,,,动,翘起,撅着尾巴,to stick up; to protrude
3808,2,撅,juē,,,动,折断,一根甘蔗撅成两截｜把尺子撅折（shé）了。,to break off
3808,3,撅,juē,,,动,使人感到为难,给我出这样的难题，不是成心撅人吗?,to embarrass someone; to make things difficult
3809,1,舷,xián,,,名,船、飞机等两侧的边沿部分；也指其两侧,船舷｜舷窗,side of a ship or aircraft; also refers to its lateral parts
3813,2,覃,tán,,,形,〈文〉深,覃思,deep (in literary context)
3824,1,饷,xiǎng,,,名,古代指军粮；后多指军警、政府机关工作人员的薪俸,军饷｜饷银｜关饷｜发饷,"military provisions in ancient times; later refers to salaries for military, police, or government staff"
3826,1,揖,yī,,,动,〈文〉两手抱拳，置于胸前，一种行礼方式,作揖｜开门揖盗,to bow with hands clasped in front of the chest (a form of greeting in literary context)
3829,1,铡,zhá,,,动,用铡刀切,铡了一捆草,to cut with a hay cutter
3829,2,铡,zhá,,,名,铡刀,虎头铡,hay cutter
3830,1,掣,chè,,,动,闪过,风驰电掣,flash past
3830,2,掣,chè,,,动,拽（zhuài）；拉,掣肘｜牵掣,pull; tug
3830,3,掣,chè,,,动,抽取,把手掣回去｜掣签,draw out
3832,1,盅,zhōng,,,名,没有柄的小杯子,茶盅｜酒盅,handleless small cup
3834,1,亟,jí,,,副,急切地；赶紧,亟待讨论｜亟须转变｜亟需血浆,urgently; hastily
3834,2,亟,qì,,,副,表示动作行为的多次重复，相当于“屡次”,亟来请求｜亟经洽商,repeatedly; frequently
3843,1,镁,měi,,,名,金属元素，符号：Mg。银白色，燃烧时发出极亮的白光。镁粉可制造焰火、照明弹等，铝镁合金可以制作航空器材,镁燃烧发出强光｜镁合金很轻便,magnesium
3845,1,幡,fān,,,名,一种狭长的、垂直悬挂的旗子,幡杆,long narrow vertical flag
3845,2,幡,fān,,,名,旧指引魂幡，出殡时孝子手持的狭长像幡的东西,打幡儿,funerary banner
3858,1,辕,yuán,,,名,车前部驾牲畜的木杆。先秦时代是一根曲木，在车的中间；汉代以后多是两根直木，在车前两侧,驾辕｜辕马｜车辕｜辕门,shafts of a cart
3858,2,辕,yuán,,,名,古代指辕门；后也借指官署,行辕,headquarters; government office
3863,1,煸,biān,,,动,烹调方法，在烧、炒之前把菜、肉等放到热油中炒到半熟,先把肉片煸一煸，再放黄瓜一起炒。,stir-fry briefly in hot oil
3864,1,赊,shē,,,动,买卖货物时延期付款或收款,货款先赊着，月底还清｜赊欠｜赊购｜赊销,buy or sell on credit
3869,1,缄,jiān,,,动,〈文〉闭,缄口｜缄默,close; seal
3869,2,缄,jiān,,,动,特指为书信封口（常用在信封上寄信人姓名后）,张伟缄,seal (a letter)
3869,3,缄,jiān,,,名,书信,收到远方来缄｜这封缄写得很长,letter
3889,1,掬,jū,,,动,〈文〉用双手捧,他掬起一捧清水｜双手掬着泉水喝,hold with both hands
3901,1,黏,nián,,,形,形容能把一种东西粘（zhān）连在另一种东西上的性质,这胶水黏得很｜糨糊不黏｜黏液｜黏附｜黏性｜发黏,sticky; adhesive
3911,1,煲,bāo,,,动,把食物放在煲中用小火慢煮或熬,煲汤｜煲粥,simmer in a pot
3911,2,煲,bāo,,,名,壁较为陡直呈圆筒状的锅,砂煲｜瓦煲｜电饭煲,pot with steep sides
3921,1,攒,zǎn,,,动,积累；储蓄,这笔钱我给你攒着｜积攒,accumulate; save
3921,2,攒,cuán,,,动,拼凑；聚集,大伙儿攒钱聚餐,assemble; gather
3934,1,牟,móu,,,动,谋取,牟利｜牟取,seek; obtain
3934,2,牟,mù,,,,用于地名。如：牟平，在山东；中牟，在河南,牟平是山东的一个区。｜中牟位于河南省。,used in place names
3944,1,鹫,jiù,,,名,鸟，像鹰而较大，嘴呈钩状，视觉敏锐，善飞翔，性凶猛，捕食鸟兽。种类很多，常见的有秃鹫、兀鹫,秃鹫在天空盘旋｜这只鹫很凶猛,vulture
3944,2,鹫,jiù,,,名,〈文〉雕1,文中的鹫指雕类｜古书称雕为鹫,eagle
3955,1,镣,liào,,,名,套在脚腕上的刑具,脚镣｜镣铐,fetters
3960,1,奕,yì,,,形,〈文〉盛大,声势奕奕很壮观｜奕奕神采照人,grand; majestic
3961,1,呦,yōu,,,叹,表示惊讶、惊恐,呦，饭糊了!｜呦!停电了!｜呦!那边有个人影。,expressing surprise or alarm
3961,2,呦,yōu,,,叹,表示突然发现或想起,呦，我的书包丢了!｜呦!忘了带身份证了。,expressing sudden realization or recall
3988,1,帧,zhēn,,,量,用于字画和照片等，相当于“幅”,一帧山水画,classifier for paintings/photos
3988,2,帧,zhēn,,,名,画幅,装帧,picture frame
3993,1,茹,rú,,,动,吃；吞咽,含辛茹苦｜茹毛饮血,eat; swallow
3997,1,汲,jí,,,动,从井里打水；泛指从下往上打水,汲水｜汲引,draw water
3999,1,虞,yú,,,动,欺诈,尔虞我诈,deceive; cheat
3999,2,虞,yú,,,动,料想；猜度（duó）,不虞之誉,anticipate; surmise
3999,3,虞,yú,,,动,忧虑；担忧,不虞匮乏,worry; fear
3999,4,虞,yú,,,名,传说中上古朝代名，舜所建,虞是舜建的朝代｜虞朝在上古时期,Yu dynasty (legendary)
3999,5,虞,yú,,,名,周朝诸侯国名，在今山西,虞国在今山西地｜虞国是周朝诸侯,Yu state (Zhou dynasty)
4007,1,撸,lū,,,动,捋（luō）,撸榆钱儿｜撸起袖子,stroke; rub
4007,2,撸,lū,,,动,训斥,叫爷爷撸了一顿,scold; reprimand
4007,3,撸,lū,,,动,撤去（职务）,他的小组长职务被撸了。,dismiss (from position)
4011,1,腌,yān,,,动,用盐、糖等浸渍（食物）,榨菜没腌透｜腌鸡蛋,preserve with salt/sugar
4011,2,腌,ā,,,形,肮脏；不干净,这厕所腌臜得人没法进。,dirty; filthy
4011,3,腌,ā,,,形,不顺心；不舒畅,受了一肚子腌臜气。,unhappy; depressed
4011,4,腌,ā,,,动,使难堪,关键时他总腌臜我，让我下不来台。,embarrass
4015,1,蹑,niè,,,动,放轻脚步，使不出声,蹑着脚上楼｜蹑手蹑脚,walk softly
4015,2,蹑,niè,,,动,〈文〉踩；登,蹑足｜蹑上高位,step on; tread
4015,3,蹑,niè,,,动,〈文〉追随；追踪,蹑踪,follow; track
4040,1,痈,yōng,,,名,皮肤或皮下组织化脓性炎症，多发生在颈部或背部，症状是皮肤局部红肿变硬，表面有许多脓疱，有时形成许多筛状小孔，疼痛异常,他背上长了痈｜这个痈需要手术,carbuncle
4044,1,糜,mí,,,动,腐烂,糜烂,rot; decay
4044,2,糜,mí,,,名,〈文〉稠粥；像粥的食品,肉糜｜乳糜,thick congee
4044,3,糜,méi,,,名,糜子,糜黍,broomcorn millet
4046,1,蜇,zhē,,,动,蜂、蝎子等用毒刺刺人或动物,马蜂蜇人｜被蝎子蜇了,sting (by insects)
4046,2,蜇,zhē,,,动,某些物质刺激皮肤或黏膜，使感觉不适或微痛,盐水把伤口蜇得生疼｜洗头时当心蜇眼睛。,irritate (skin/mucous membrane)
4046,3,蜇,zhé,,,名,指海蜇,蜇皮｜蜇头,jellyfish
4055,1,祁,qí,,,,用于地名。如：祁县，在山西；祁阳，在湖南；祁门，在安徽,祁县在山西省中部。｜祁阳属于湖南省。,used in place names
4056,1,嫖,piáo,,,动,玩弄妓女,吃喝嫖赌｜嫖娼｜嫖客,visit prostitutes
4062,1,滕,téng,,,名,周朝诸侯国名，在今山东滕州一带,滕国在今山东地｜滕国是周朝诸侯,Teng state (Zhou dynasty)
4064,1,焙,bèi,,,动,用微火烘烤,焙茶｜焙制中草药｜焙干研碎,bake over slow fire
4066,1,腭,è,,,名,脊椎动物口腔的上部。分前后两部分：前部分由骨和肌肉构成，称硬腭；后部分由结缔组织和肌肉构成，称软腭。,硬腭在口腔前部｜软腭可以活动,palate
4070,1,酊,dīng,,,名,拉丁语[tinctura]音译。指酊剂。,碘酊｜颠茄酊,tincture
4074,1,泓,hóng,,,量,用于清水，相当于“道” “片”,一泓春水,classifier for clear water
4074,2,泓,hóng,,,形,水又深又广,湖水泓澈见底｜泓泓碧波荡漾,deep and wide (water)
4076,1,锉,cuò,,,名,钢制的手工打磨工具，用来对金属、竹木或皮革等的表面进行加工,用锉打磨金属｜这把锉很锋利,file (tool)
4076,2,锉,cuò,,,动,用锉打磨,木板锉得不平｜锉掉钢管口上的毛刺。,file (verb)
4079,1,迸,bèng,,,动,向四外溅射或爆开,电焊时火星儿四处乱迸｜迸裂,spurt; burst out
4079,2,迸,bèng,,,动,向外突然发出,憋了半天才迸出一句话来｜迸发,emit suddenly
4102,1,孬,nāo,,,形,某些地区指怯懦，缺乏勇气,孬种,cowardly
4102,2,孬,nāo,,,形,某些地区指不好，坏,质量孬的产品没有市场。,bad; poor
4104,1,鳃,sāi,,,名,部分水生动物的呼吸器官。用来吸取溶解在水中的氧。形状多样，有片状、束状、丝状和羽毛状等。鱼类的鳃一般有鳃盖保护,鱼用鳃呼吸水｜鳃是鱼的呼吸器官,gill
4111,1,娼,chāng,,,名,妓女,逼良为娼｜娼妇,prostitute
4132,1,咦,yí,,,叹,表示惊异,咦，你是怎么知道的?｜咦，怎么转眼人就不见了?,expressing surprise
4134,1,踝,huái,,,名,小腿与脚连接处左右两侧凸起的圆骨,他扭伤了脚踝｜踝关节需要保护,ankle
4143,1,釉,yòu,,,名,釉子,上釉｜青釉,glaze
4146,1,鞘,qiào,,,名,装刀、剑的硬套,刀出鞘｜剑鞘,scabbard
4146,2,鞘,qiào,,,名,形状像鞘的东西,鞘翅｜腱鞘｜叶鞘,sheath-like object
4146,3,鞘,shāo,,,名,鞭鞘，拴在鞭绳末端的细皮条,鞭鞘需要更换｜这根鞭鞘已破损,whip lash
4151,1,箍,gū,,,动,用竹篾、金属条、带子等勒紧或套紧,箍木桶｜头上箍着条白带子｜袖子太瘦，箍得慌。,bind with hoop
4151,2,箍,gū,,,名,勒在或套在外面的圈状物,孙悟空头上有个金箍儿｜臂上戴着红箍儿,hoop; band
4180,1,薰,xūn,,,名,古书上说的一种香草,薰草香气扑鼻｜古书记载了薰草,aromatic grass (archaic)
4181,1,绺,liǔ,,,量,用于聚集成束的细丝状的东西,一绺麻｜三绺头发,lock; strand (of hair)
4191,1,杈,chà,,,名,杈子,树杈｜给棉花打杈｜枝杈,branch; fork
4191,2,杈,chā,,,名,用树杈（chà）加工制成的农具，长柄的一端是两个或两个以上略弯的长齿，可用来叉取柴草等,三股杈,wooden fork (tool)
4197,1,廿,niàn,,,数,数目，二十,廿四史,twenty
4206,1,佰,bǎi,,,数,数字“百”的大写,支票金额写佰元｜大写金额是伍佰,hundred (formal)
4209,1,壕,háo,,,名,护城河,城壕,moat
4209,2,壕,háo,,,名,沟,防空壕｜战壕｜壕沟,ditch
4211,1,痣,zhì,,,名,皮肤上长的有色斑点或小疙瘩，没有疼痛或刺痒的感觉,朱砂痣｜痣疣（比喻多余而无用的东西）。,mole; nevus
4213,1,痧,shā,,,名,中医称中暑、霍乱、肠炎等急性病,发痧｜绞肠痧,acute disease (TCM)
4214,1,痞,pǐ,,,名,流氓；无赖,地痞｜兵痞,ruffian
4214,2,痞,pǐ,,,名,痞块,中医称为痞块｜他患有痞症,abdominal mass
4228,1,匡,kuāng,,,动,纠正；改正,匡谬｜匡正,correct; rectify
4228,2,匡,kuāng,,,动,〈文〉救助；辅助,匡乏困，救灾难｜匡时,rescue; assist
4228,3,匡,kuāng,,,动,〈口〉大概估算,匡一匡这堆土有多少方｜匡算,estimate roughly
4233,1,辍,chuò,,,动,中途停止；停止,时作时辍｜辍学,stop; discontinue
4244,1,甭,béng,,,副,〈口〉“不用”的合音，表示用不着，不必,您就甭操心了｜这个道理大家都明白，我就甭多说了。,need not
4249,1,怵,chù,,,动,畏惧；感到可怕,怵目惊心,fear; dread
4249,2,怵,chù,,,动,〈文〉警惕,怵然为戒｜怵惕,be cautious
4257,1,烩,huì,,,动,烹调方法，把菜放在锅里炒后加水烧煮勾芡,烩虾仁,braise; cook in sauce
4257,2,烩,huì,,,动,烹调方法，把主食和菜或把多种菜混在一起煮,烩饼｜素杂烩,braise; a cooking method of stewing staple food and dishes or multiple dishes together
4275,1,掴,guāi,,,动,用手掌打；打耳光,掴了他一巴掌,slap; to strike with the palm of the hand
4281,1,抿,mǐn,,,动,抿着嘴唇喝一点儿,抿了一口酒,sip; to drink a little by pursing the lips
4281,2,抿,mǐn,,,动,（嘴、翅膀等）略微闭上,抿着嘴笑｜小鸟抿了抿翅膀,"close slightly; (of mouth, wings, etc.) to shut a little"
4281,3,抿,mǐn,,,动,用小刷子蘸水或油抹（头发等）,往头发上抿了点儿油｜抿子,"smooth with a small brush; to apply water or oil with a small brush (to hair, etc.)"
4305,1,蠹,dù,,,动,蛀蚀；侵害,流水不腐，户枢不蠹。,bore through; to eat away or harm
4305,2,蠹,dù,,,名,蠹虫,书蠹,moth; insect that bores into wood
4306,1,锑,tī,,,名,金属元素，符号：Sb。银灰色，质硬而脆，有冷胀性，有毒。多用在化学工业和医药上，超纯锑是重要的半导体及红外探测器材料，锑的合金可制造铅字、轴承等,锑可用于制药｜锑是脆性金属,"antimony; metallic element, symbol Sb, silver-gray, hard and brittle, expands when cold, toxic, used in chemical industry and medicine, ultra-pure antimony is important for semiconductors and infrared detectors, alloys used for type metal and bearings"
4311,1,硌,gè,,,动,身体的某部位跟凸起的或硬的东西接触而感到不适或受到损伤,饭里有沙子，把牙硌了｜走石子儿路硌脚,be pressed uncomfortably; to feel discomfort or injury when a body part contacts a protruding or hard object
4311,2,硌,luò,,,名,山上的巨石,山上有巨大硌石｜硌石布满山坡,large rock on a mountain
4312,1,熨,yùn,,,动,用烙铁、熨斗等烧热的金属器具烫平（衣物）,熨衣服｜熨烫｜电熨斗,iron; to smooth (clothes) with a heated metal tool like an iron
4312,2,熨,yù,熨帖,yùtiē,形,恰当；妥帖,这个词用得很熨｜文章措辞熨帖,appropriate; fitting or proper
4312,3,熨,yù,熨帖,yùtiē,形,心情平静舒畅,合家欢聚，熨帖舒心。,calm and comfortable; feeling peaceful and content
4313,1,橹,lǔ,,,名,安在船尾或船边用来摇船前进的工具，比桨长（cháng）大,摇橹｜橹声咿呀,"scull; a tool longer and larger than an oar, mounted at the stern or side of a boat to propel it"
4313,2,橹,lǔ,,,名,古代作战时用来防身的大盾牌,士兵手持大橹｜橹可以抵挡箭矢,large shield; a big shield used for protection in ancient warfare
4318,1,钵,bō,,,名,一种敞口器皿，像盆而较小较深，多为陶制,饭钵｜乳钵｜研钵｜花钵,"bowl; a wide-mouthed vessel, similar to a basin but smaller and deeper, often made of pottery"
4318,2,钵,bō,,,名,梵语音译词“钵多罗（Pātra）”的简称。僧人盛饭的器具，圆而稍扁，底平，口略小,钵盂｜衣钵相传,"alms bowl; abbreviation of Sanskrit ""Pātra,"" a monk's bowl for food, round and slightly flat, with a flat bottom and small mouth"
4327,1,疥,jiè,,,名,疥疮,癣疥之疾,scabies
4336,1,疱,pào,,,名,皮肤上起的水泡状的小疙瘩,疱疹,blister; a small bubble-like bump on the skin
4351,1,钨,wū,,,名,金属元素，符号W。银白色，质硬而脆，熔点高，常温下化学性质稳定。主要用于制造高速切削合金钢、灯丝、火箭喷嘴、太阳能装置等,钨丝用于灯泡｜钨熔点非常高,"tungsten; metallic element, symbol W, silver-white, hard and brittle, high melting point, chemically stable at room temperature, used for high-speed cutting alloy steel, filaments, rocket nozzles, solar devices, etc."
4359,1,枷,jiā,,,名,古代套在犯人颈项上的刑具,披枷戴锁｜木枷｜枷锁,cangue; an ancient punishment device placed around a prisoner's neck
4362,1,荚,jiá,,,名,豆类等植物的果实,豆荚｜槐树荚｜皂荚,pod; the fruit of legumes and similar plants
4375,1,剜,wān,,,动,用刀、铲等挖,把脚上的鸡眼剜掉｜剜肉补疮｜剜野菜,"gouge; to dig out with a knife, shovel, etc."
4378,1,呸,pēi,,,叹,表示鄙视或斥责,呸!不知羞耻的东西。,bah; an interjection expressing disdain or reprimand
4384,2,嗑,kè,,,动,用门牙咬有壳的或较硬的东西,嗑瓜子儿｜柜子上的洞是老鼠嗑的,crack with teeth; to bite something hard or with a shell using the front teeth
4389,1,抻,chēn,,,动,拉；拉长,从里面把衬衣袖子抻出来｜越抻越长,stretch; to pull or lengthen
4391,1,漉,lù,,,动,（液体）向下渗漏；过滤,漉酒,filter; (of liquid) to seep down or through
4392,1,嚓,cā,,,拟声,模拟摩擦的声音,走廊上传来嚓嚓的脚步声,scratch; onomatopoeia for the sound of friction
4397,1,蟒,mǎng,,,名,蟒蛇,蟒蛇盘绕树上｜这条蟒很大,python
4397,2,蟒,mǎng,,,名,指蟒袍,穿蟒｜蟒玉（蟒袍和玉带）。,"python robe; refers to a robe embroidered with pythons, as in official attire"
4403,1,蹿,cuān,,,动,快速向上或向前跳跃,身体向上一蹿｜兔子一转眼就蹿得没影了。,leap quickly; to jump upward or forward rapidly
4403,2,蹿,cuān,,,动,〈口〉往上冒；喷射,火苗往上蹿｜蹿稀（泻肚）,spurt; (colloquial) to gush or shoot upward
4411,1,幺,yāo,,,形,某些地区指排行最末的,幺叔｜幺妹,"youngest; in some regions, refers to the last in order of birth"
4411,2,幺,yāo,,,数,指色（shǎi）子和骨牌里的一点；某些场合读数字时代替“1”,呼幺喝六｜查电话号码请拨幺幺四（114）｜我是洞幺（01）。,"one; refers to the single dot on dice or dominoes; used to replace ""1"" in some contexts when reading numbers"
4416,1,幂,mì,,,名,数学上指一个数自乘若干次的形式。如4个5相乘，写成54，叫做5的4次幂,计算5的4次幂｜幂是数学概念,"power; in mathematics, the form of a number multiplied by itself a certain number of times, e.g., 5 to the 4th power written as 5^4"
4416,2,幂,mì,,,动,〈文〉遮盖；笼罩,幂盖,cover; (literary) to veil or envelop
4416,3,幂,mì,,,名,〈文〉遮盖东西的巾类,用幂遮盖物品｜这块幂布很厚,cloth cover; (literary) a cloth used to cover things
4419,1,鸠,jiū,,,名,鸟，常指斑鸠,斑鸠在树上叫｜鸠鸟种类很多,"turtledove; bird, often referring to the turtledove"
4419,2,鸠,jiū,,,动,聚集,鸠集｜鸠合,gather; to assemble or collect
4423,1,裆,dāng,,,名,两条裤腿间相连的地方,这条裤子的裆太浅｜裤裆｜开裆裤,crotch of pants; the part connecting the two legs of trousers
4423,2,裆,dāng,,,名,两腿之间的部位,穿裆而过｜胯裆,crotch; the area between the legs
4432,1,貂,diāo,,,名,哺乳动物，身体细长，四肢短，尾巴粗，尾毛长而蓬松。种类很多，如紫貂、水貂等,貂皮大衣很暖｜紫貂是保护动物,"marten; mammal, slender body, short limbs, thick tail with long, fluffy fur, types include sable, mink, etc."
4433,3,呱,guā,,,拟声,模拟物体撞击或鸭子、青蛙等鸣叫的声音。,一个耳光呱地一下打在他脸上｜青蛙呱呱地叫着,"quack; onomatopoeia for the sound of objects colliding or ducks, frogs, etc. calling"
4438,1,噎,yē,,,动,用话顶撞别人，使人受窘而说不出话来,他说话真噎人,retort sharply; to speak in a way that embarrasses or silences someone
4438,2,噎,yē,,,动,食物等塞住喉咙,慢点儿吃，别噎着｜因噎废食｜噎嗝,"choke; for food, etc., to block the throat"
4438,3,噎,yē,,,动,因痛苦、激动或顶风而喘不上气来,哭得他不住地噎气｜顶风骑车噎得慌,"gasp; to have difficulty breathing due to pain, excitement, or wind"
4443,1,鼾,hān,,,名,指熟睡时粗重的呼吸声,打鼾｜鼾声,snore; the heavy breathing sound during deep sleep
4445,1,圩,xū,,,名,某些地区指集市,赶圩｜圩场｜圩市｜圩期｜圩日,"market; in some regions, refers to a rural market"
4445,2,圩,wéi,,,名,圩堤,筑圩｜圩埂,dyke; an embankment
4454,1,瞟,piǎo,,,动,斜着眼睛看,偷偷地用眼睛瞟着他｜瞟了他一眼,glance sideways; to look askance
4464,1,仨,sā,,,,〈口〉“三个”的合音词,他们仨是一家｜姐儿仨,"three; (colloquial) combined sound for ""three"""
4469,1,拈,niān,,,动,用手指头夹或捏取,她拈起一朵花｜拈针线绣花,pick up with fingers; to take or hold with the fingertips
4496,1,掖,yē,,,动,【塞】把东西填入或胡乱放入；塞进衣袋或缝隙等,书包掖满了书｜把被子掖一掖,"tuck; to stuff or randomly put things into pockets, gaps, etc."
4496,2,掖,yē,,,动,藏,他把钱掖怀里｜掖藏重要文件,hide; to conceal
4496,3,掖,yè,,,动,〈文〉搀扶人的胳膊；借指扶助或奖励、提拔,提掖｜奖掖,"support by the arm; (literary) to assist someone by the arm; metaphorically to aid, reward, or promote"
4501,1,锨,xiān,,,名,铲东西或挖土用的工具，柄的一端安有用铁板或木板制成的头。,铁锨｜木锨,shovel; a tool with a handle and a head made of iron or wood for shoveling or digging soil
4508,1,蒿,hāo,,,名,二年或多年生草本植物，叶子羽状分裂，花小，带有某种特殊气味。常见的有茼蒿、蒌蒿、青蒿、艾蒿等。有的嫩茎叶可以作蔬菜，有的可以驱蚊、做药材,茼蒿可以食用｜青蒿能制药,"artemisia; biennial or perennial herb with pinnately divided leaves, small flowers, and a distinct odor, types include crown daisy, wormwood, etc., some used as vegetables, insect repellents, or medicine"
4533,1,炷,zhù,,,量,用于点着的香,一炷香的工夫,measure word for incense; used for lit sticks of incense
4533,2,炷,zhù,,,动,〈文〉点燃,炷香拜佛｜炷灯祈福,light; (literary) to ignite
4533,3,炷,zhù,,,名,〈文〉灯芯,灯炷需要修剪｜换根新炷,wick; (literary) lamp wick
4538,1,瓮,wèng,,,名,一种用来盛东西的大腹陶器,水瓮装满清水｜陶瓮很厚重,urn; a large-bellied pottery vessel for holding things
4541,1,胯,kuà,,,名,人体腰部两侧到大腿之间的部分,胯下｜胯骨,hip; the part of the body from the waist to the thighs on either side
4547,1,嘞,lei,,,助,用在句中停顿的地方或句末，表示愉快地答应或同意,好嘞，我马上就过去｜得嘞，这您就放心吧!｜行嘞，就照您说的办!｜“你现在就来。”、“好嘞!”,particle indicating agreement; used in pauses or at the end of sentences to express cheerful consent
4547,2,嘞,lē,,,动,〈口〉唠叨,你瞎嘞嘞什么!,nag; (colloquial) to唠叨
4548,1,蚝,háo,,,名,牡蛎,蚝肉味道鲜美｜烤蚝很好吃,oyster
4550,1,嗲,diǎ,,,形,某些地区形容撒娇的声音或姿态,嗲声嗲气,coquettish; flirtatious (of a voice or manner)
4551,1,嗔,chēn,,,动,生气；发怒,半嗔半笑｜嗔怒,be angry; to feel or show anger
4551,2,嗔,chēn,,,动,责怪；埋怨,母亲嗔儿子不来看她｜嗔怪,blame; to reproach or complain
4553,1,裱,biǎo,,,动,用纸、布或丝织品把字画、古书等衬托粘贴起来，使它美观耐久,这幅画裱一裱会更有神韵｜装裱｜裱褙,"mount; to back and paste calligraphy, paintings, ancient books, etc. with paper, cloth, or silk to make them attractive and durable"
4553,2,裱,biǎo,,,动,裱糊,用纸把墙裱一裱,paper a wall; to paste wallpaper
4563,1,摞,luò,,,动,一个压着一个地往上放,把书摞起来｜韭菜一捆摞一捆,pile up; to stack one on top of another
4563,2,摞,luò,,,量,用于重叠放置的东西,一摞线装书｜一摞草帽,stack; measure word for things placed in a pile
4572,1,煅,duàn,,,动,锻,煅烧金属矿石｜煅造宝剑,forge; to shape metal by heating and hammering
4572,2,煅,duàn,,,动,中药制法，把药材放在火里烧过再用,煅石膏｜煅龙骨,"calcine; in traditional Chinese medicine, to burn medicinal materials in fire before use"
4577,1,嗳,ǎi,,,动,打嗝儿,嗳气,belch; to burp
4577,2,嗳,ǎi,,,叹,表示否定,嗳，这怎么能行呢?｜嗳，操作方法不对呀!,expression of denial; interjection indicating negation
4578,1,硼,péng,,,名,非金属元素，符号B。非结晶的硼为粉末状，棕色；结晶的硼为灰色，有光泽。广泛应用于工业、农业和医药等方面,硼是工业原料｜硼用于农业,"boron; non-metallic element, symbol B, amorphous boron is brown powder, crystalline boron is gray and lustrous, widely used in industry, agriculture, and medicine"
4591,1,摁,èn,,,动,用手按或压,把歹徒摁倒在地｜摁电铃｜摁喇叭,press; to push down with the hand
4594,1,疃,tuǎn,,,名,村庄（多用于地名）,走村串疃｜贾家疃（在河北）｜蒋疃（在安徽）,village; (often used in place names) a hamlet
4600,1,阉,yān,,,动,【阉割】切除睾丸或卵巢，使生殖机能丧失,阉猪｜阉鸡,"castrate; to remove testicles or ovaries, rendering sterile"
4600,2,阉,yān,,,名,〈文〉被阉割的人；特指宦官,阉竖｜阉党,"eunuch; (literary) a castrated person, specifically a palace eunuch"
4610,1,舂,chōng,,,动,用杵在石臼或乳钵里捣谷物等，使去皮或破碎,舂米｜舂药,"pound; to husk or crush grains, etc., with a pestle in a mortar"
4625,1,铆,mǎo,,,动,〈口〉集中（全部力量）,铆铆劲儿｜铆足了劲儿,concentrate; (colloquial) to focus all efforts
4625,2,铆,mǎo,,,动,铆接,把这两块钢板铆在一起。,rivet; to join with rivets
4646,1,锛,bēn,,,名,锛子,木工用锛刨木｜这把锛很锋利,adze; a tool for cutting or shaping wood
4646,2,锛,bēn,,,动,用锛子等工具砍削；用镐等挖掘,锛木头｜用镐锛下一块土,cut with an adze; to chop or dig with an adze or pick
4646,3,锛,bēn,,,动,〈口〉刀刃出现缺口,剁排骨把刀刃锛了。,chip; (colloquial) for a blade to develop a notch
4648,1,腱,jiàn,,,名,连接肌肉和骨骼的结缔组织，白色，质地坚韧,跟腱连接肌肉｜腱组织很坚韧,"tendon; white, tough connective tissue linking muscle to bone"
4657,1,铰,jiǎo,,,动,用剪刀把东西断开,把辫子铰了,cut with scissors; to sever something with scissors
4657,2,铰,jiǎo,,,动,用铰刀对工件上的孔进行切削，使孔壁光洁或直径扩大,铰孔,ream; to smooth or enlarge a hole in a workpiece with a reamer
4657,3,铰,jiǎo,,,名,指铰链,铰接,hinge; refers to a jointed device
4668,1,绾,wǎn,,,动,盘绕起来打成结,绾了个同心结｜把头发绾在脑后,coil and knot; to wind into a knot
4686,1,捋,lǚ,,,动,用手顺着长条状物向一端抹过去（使物体顺溜或干净）,捋胡子｜把黄瓜捋了几下就吃。,smooth by stroking; to run the hand along a long object to make it smooth or clean
4686,2,捋,lǚ,,,动,〈口〉梳理；整理,问题太多，捋不出头绪｜把那堆纸捋一捋,sort out; (colloquial) to arrange or tidy
4686,3,捋,luō,,,动,用手握住（条状物）向一头滑动,捋起袖子｜捋胳膊｜捋树叶,strip by sliding hand; to hold a long object and slide the hand along it
4692,1,氩,yà,,,名,非金属元素，符号：Ar。无色无臭的气体，不易同其他元素化合，也不易导热。100升空气中约含氩934毫升，是稀有气体在空气中含量最多的一种。可以用来填充灯泡或灯管,氩可填充灯泡｜氩是惰性气体,"argon; non-metallic element, symbol Ar, colorless, odorless gas, inert, poor conductor of heat, makes up about 0.934% of air, used to fill light bulbs or tubes"
4702,1,氦,hài,,,名,非金属元素，符号：He。无色无臭无味气体，在大气中含量极少。可用来填充电子管、飞艇和潜水服等，也可用于原子反应堆和加速器，冶炼或焊接金属时可用作保护气体，液态的氦常用作冷却剂。通称氦气,氦气用于飞艇｜氦是稀有气体,"helium; non-metallic element, symbol He, colorless, odorless, tasteless gas, rare in atmosphere, used in electron tubes, airships, diving suits, as protective gas in welding, and liquid helium as coolant"
4705,1,蛹,yǒng,,,名,完全变态的昆虫从幼虫到成虫的过渡形态。一般呈枣核形，停止活动和摄食，最后变为成虫。如蚕蛹,蚕蛹可以食用｜蛹是昆虫阶段,"pupa; the transitional stage from larva to adult in insects with complete metamorphosis, usually date-pit shaped, inactive, not feeding, e.g., silkworm pupa"
4713,1,咂,zā,,,动,用嘴吸；呷,咂手指头｜咂奶嘴,suck; to draw in with the mouth
4713,2,咂,zā,,,动,〈口〉稍尝一点儿，仔细辨别,咂滋味｜咂摸（zāmo）,taste carefully; (colloquial) to sample a little and discern flavors
4713,3,咂,zā,,,动,用舌尖抵住上腭或牙龈突然发出吸气声，表示称赞、羡慕、惊讶、惋惜等,咂咂作响,"to make a clicking sound with the tongue (expressing admiration, envy, surprise, regret, etc.)"
4715,1,擤,xǐng,,,动,用力排出鼻孔中的鼻涕,擤鼻涕｜擤鼻子,to blow one's nose
4716,1,篦,bì,,,名,篦子,用篦梳头发｜这把篦很密,fine-toothed comb
4716,2,篦,bì,,,动,用篦子梳,篦头发,to comb with a fine-toothed comb
4717,1,痂,jiā,,,名,疮口或伤口表面结成的硬块，愈后自然脱落,伤口已经结痂了｜疮痂,scab
4721,2,皑皑,ái ái,,,形,（霜雪）洁白,白雪皑皑,pure white (of frost or snow)
4738,1,啵,bo,,,助,表示祈使或商量的语气，大致相当于“吧”（多见于近代汉语或方言）,快来啵｜吃饭啵,"(particle) indicating imperative or suggestive mood, roughly equivalent to ""ba"""
4741,1,掸,dǎn,,,动,轻轻地打或拂（以去掉尘土等）,把身上的柳絮掸掉。,"to lightly brush or whisk (to remove dust, etc.)"
4741,2,掸,shàn,,,名,缅甸民族之一，大部分居住在缅甸的掸邦。,掸族在缅甸｜掸邦面积很大,"Shan (an ethnic group in Myanmar, mostly residing in Shan State)"
4741,3,掸,shàn,,,名,古代称傣族。,古代称傣为掸｜掸人善歌舞,(ancient) Dai ethnic group
4747,1,闩,shuān,,,名,横插在门后使门推不开的棍子,上闩｜门闩,door bolt; crossbar
4747,2,闩,shuān,,,动,把门闩插上,请把门闩好,to bolt a door
4769,1,麝,shè,,,名,哺乳动物，像鹿而小，无角，前肢短，后肢长。雄的有獠牙，脐下有香腺，能分泌麝香,麝是珍稀动物｜雄麝产麝香,musk deer
4769,2,麝,shè,,,名,麝香的简称,麝香很珍贵｜这是天然麝,musk (abbreviation)
4779,1,搡,sǎng,,,动,用力猛推,叫人搡了个跟头｜连推带搡,to push violently; shove
4781,1,踮,diǎn,,,动,踮脚,踮起脚来想看个究竟。,to stand on tiptoe
4784,1,搽,chá,,,动,往脸上或身上涂抹（粉、油、膏等）,搽痱子粉｜搽清凉油｜搽雪花膏,"to apply (powder, oil, ointment, etc.) to the face or body"
4801,1,怄,òu,,,动,〈口〉怄气,怄了一肚子的气,(colloquial) to sulk; be angry
4801,2,怄,òu,,,动,使生气,你别怄我｜怄得人难受,to make someone angry; provoke
4804,1,蔫,niān,,,形,植物的花、果、叶等因缺乏水分而萎缩,花刚开几天就蔫了｜枯蔫,"withered; shriveled (of plants, flowers, leaves, etc. due to lack of water)"
4804,2,蔫,niān,,,形,比喻无精打采,他这几天可蔫了，是不是有什么心事?｜蔫头耷脑,listless; dispirited (figurative)
4804,3,蔫,niān,,,形,〈口〉不活泼,别看他人蔫，干起活儿来却挺麻利｜蔫脾气,(colloquial) inactive; sluggish
4805,1,嘭,pēng,,,拟声,模拟物体撞击或敲门等的声音,嘭嘭的敲门声,(onomatopoeia) bang; thump (sound of objects colliding or knocking)
4823,1,擀,gǎn,,,动,用棍形工具来回碾轧，使东西延展变平或粉碎,擀饺子皮儿｜把花椒擀碎,to roll out (with a rolling pin)
4827,1,蛆,qū,,,名,苍蝇的幼虫，身体柔软，有环节，白色，无头和足，前端尖，尾端钝，有的有长尾。孳生于粪便、动物尸体和垃圾等污物中,蛆在腐烂物中｜蛆是苍蝇幼虫,maggot
4828,1,嘣,bēng,,,拟声,模拟跳动、爆裂等的声音,心嘣嘣直跳｜弹棉花的弓子嘣嘣响。,"(onomatopoeia) thump; pop (sound of jumping, bursting, etc.)"
4832,1,螯,áo,,,名,螃蟹等节肢动物的第一对脚，钳状，能开合，用来取食、御敌,螯足｜螯肢,pincer; claw (of crustaceans)
4832,2,螯,áo,,,名,〈文〉螃蟹,持螯赏菊,(literary) crab
4833,1,膈,gé,,,名,人或哺乳动物分隔胸腔和腹腔的膜状肌肉,膈肌帮助呼吸｜膈分隔胸腹腔,diaphragm
4833,2,膈,gè,膈应,gèying,动,讨厌；恶心,一闻见这种气味儿，心里就膈应｜快把这只死耗子弄走，别膈应我。,to disgust; nauseate
4835,1,膘,biāo,,,名,肥肉（多用于牲畜）；动物身上的脂肪层,这块肉膘挺厚｜膘肥体壮｜掉膘,fat (especially on livestock); layer of fat on an animal
4837,1,煨,wēi,,,动,烹调方法，用文火慢煮,煨鸡汤｜把牛肉放在火上煨着。,to simmer; cook over a slow fire
4837,2,煨,wēi,,,动,把食物放在灰火中烤熟,煨白薯｜煨栗子,to roast in hot ashes
4850,1,沏,qī,,,动,用开水冲泡,沏茶｜沏一碗糖水｜水不热，茶沏不开。,to brew (tea) with boiling water
4851,1,仟,qiān,,,数,数字“千”的大写,支票写仟元｜大写叁仟整,thousand (capital form of the numeral)
4852,1,噙,qín,,,动,含着,嘴里噙着一口饭｜眼眶里噙满了泪水。,to hold in the mouth
4862,1,碴,chá,,,名,物体的小碎块,冰碴儿｜玻璃碴子,fragment; small piece
4862,2,碴,chá,,,名,器物上的裂痕、破口或折断的地方,碗上有一道破碴儿｜刚摔的新碴儿,crack; chip (in an object)
4862,3,碴,chá,,,名,相互之间的感情裂痕；引起争执的事由,他们从前有碴儿，今天是借题发挥。,rift (in a relationship); cause for dispute
4862,4,碴,chá,,,动,〈口〉碎片划破（皮肉）,小心别被碎玻璃碴了手。,(colloquial) to be cut (by a fragment)
4862,5,碴,zhǎ,,,名,砟。,煤碴可以用来铺路。｜这些石头碴很锋利。,(variant) small piece; fragment
4872,1,噔,dēng,,,拟声,模拟重物落地或撞击的声音,走起路来噔噔的,(onomatopoeia) thud; thump (sound of a heavy object falling or hitting)
4880,1,剐,guǎ,,,动,分解人的肢体，古代一种酷刑,古代有剐刑｜剐刑很残忍,to dismember (a form of ancient torture)
4880,2,剐,guǎ,,,动,（被尖锐的东西）划破,手让钉子剐流血了｜裤腿剐破了,to be scratched (by something sharp)
4893,1,趸,dǔn,,,动,成批地买进货物（准备出售）,趸点儿鲜货｜现趸现卖,to buy in bulk (for resale)
4893,2,趸,dǔn,,,形,整；整批,趸批｜趸买趸卖,whole; in bulk
4912,1,碓,duì,,,名,舂米的工具，由石臼和杵组成，用杵连续捣动盛放于石臼中的稻谷或糙米使之去壳或皮,用碓舂米｜石碓很重,rice huller (mortar and pestle tool)
4961,1,鸢,yuān,,,名,猛禽，上体暗褐色杂棕白色，下体大部分是灰棕色带黑褐色纵纹，上嘴弯曲，趾有利爪，翼大，善于飞翔。吃蛇、鼠、鱼和其他鸟类。比鹰略小，通称老鹰,鸢在空中盘旋｜老鹰即鸢,"kite (bird of prey, commonly called ""laoying"" or eagle)"
5001,1,咣,guāng,,,拟声,模拟物体撞击震动的声音,咣的一声，脸盆掉在地上了。,(onomatopoeia) clang; bang (sound of collision or vibration)
5003,1,哞,mōu,,,拟声,模拟牛叫的声音,老牛哞哞叫,(onomatopoeia) moo (sound of a cow)
5027,1,薅,hāo,,,动,拔去杂草,薅草｜薅田,to weed; pull out weeds
5027,2,薅,hāo,,,动,〈口〉用手揪,薅住头发不放,(colloquial) to pull; tug with the hand
5032,1,摽,biào,,,动,紧紧捆绑,把行李摽在车架子上｜栅栏门要散了，先拿铁丝摽上。,to tie tightly; bind
5032,2,摽,biào,,,动,胳膊紧钩住,两个人摽着胳膊散步。,to hook arms tightly
5032,3,摽,biào,,,动,互相比着（干）,他们组老跟我们摽着干｜摽劲儿,to compete with each other (in doing something)
5032,4,摽,biào,,,动,过分亲近，频繁接触,不要跟坏人摽在一块儿。,to be overly intimate; stick together frequently
5032,5,摽,biāo,,,动,〈文〉挥去；抛弃,摽弃杂物,(literary) to wave away; discard
5045,1,哐,kuāng,,,拟声,模拟物体撞击、震动的声音,哐的一声，铁门关上了｜大锣敲得哐哐响,(onomatopoeia) clang; crash (sound of collision or vibration)
5053,1,馊,sōu,,,动,食物变质而发出酸臭的味道；也指身体或贴身衣物发出汗臭味,饭馊了｜大热天，汗水把衣裳都沤馊了。,to become sour and smelly (of food); also refers to body or clothes smelling of sweat
5053,2,馊,sōu,,,形,比喻（主意等）不高明,这主意真够馊的｜馊点子,"(figurative) (of ideas, etc.) unwise; stupid"
5057,1,獒,áo,,,名,一种凶猛善斗的狗，体大，尾长，四肢较短，常用作猎狗,藏（zàng）獒。,"mastiff (a large, fierce dog)"
5063,1,卅,sà,,,数,〈文〉数目，三十,五卅运动,(literary) thirty
5065,1,犟,jiàng,,,形,执拗；不听人劝,脾气太犟｜这老头儿有股犟劲儿。,stubborn; obstinate
5079,1,畦,qí,,,名,由田埂分成的排列整齐的小块田地,菜畦,small plot of land divided by ridges
5081,1,鞣,róu,,,动,用鞣料使兽皮软化，加工成皮革,这皮子鞣得好｜鞣制｜鞣料,to tan (leather)
5085,1,偈,jì,,,名,梵语音译词“偈陀（Gatha）”的简称。佛经中的唱词；泛指与佛教有关或带有佛教色彩的诗作,诵偈｜偈语,gatha (Buddhist hymn or verse)
5085,2,偈,jié,,,形,勇武；强壮,他身材偈健｜偈者勇武,brave; strong
5085,3,偈,jié,,,形,奔跑迅速,奔跑很偈速｜偈如疾风,swift in running
5129,1,氖,nǎi,,,名,非金属元素，符号：Ne。无色无臭气体，化学性质不活泼，放电时发出红色光。可用来制霓虹灯和指示灯等。通称氖气,氖灯发红光｜氖是惰性气体,"neon (element, symbol Ne)"
5150,1,獾,huān,,,名,哺乳动物，头长耳短，前肢爪长，毛灰色，头部有三条白纹，胸、腹、四肢黑色。穴居于山野，夜间活动，杂食,獾在夜间活动｜这只獾很胖,badger
5153,1,荻,dí,,,名,多年生草本植物，形状像芦苇，地下茎蔓延，地上茎直立，叶片线状披针形。生长在路旁或水边。茎秆可用来编席，也是造纸和制人造丝的原料,荻花随风摇曳｜荻秆可编席,amur silvergrass (a reed-like plant)
5156,1,貉,hé,,,名,哺乳动物，外形像狐狸，尾毛蓬松，毛棕灰色。穴居于山林或田野中，昼伏夜出，食鱼、虾、鼠、蛙及野果等。通称貉子（háozi）,山林中常能见到貉的踪迹。｜这只貉的毛色很漂亮。,"raccoon dog (animal, commonly called ""haozi"")"
5156,2,貉,mò,,,名,古代称北方的一些民族。也作貊,貉是古代民族｜北方的貉族,"(ancient) northern ethnic groups; also written as ""mo"""
5172,1,嗬,hē,,,叹,表示惊讶,嗬，真棒!｜嗬，这回考得真不错!,(interjection) oh! (expressing surprise)
5177,1,熘,liū,,,动,烹调方法，把菜肴油炸、水煮或清蒸后，加入用作料、淀粉等调好的汁液，均匀地浇在菜肴上并加热,滑熘里脊｜熘肝尖｜醋熘白菜,to quick-fry and then simmer in sauce (a cooking method)
5188,1,膻,shān,,,形,形容像羊身上的那种气味,他做的红焖羊肉一点儿也不膻｜膻气｜腥膻,having a muttony smell; gamy
5201,1,炝,qiàng,,,动,烹调方法，将菜肴放入沸水中略煮或在热油中略炸，取出后再用佐料来拌,芥末炝菠菜,to quick-boil or quick-fry and then dress with seasonings (a cooking method)
5219,1,啐,cuì,,,动,使劲儿吐出来,啐了一口痰,to spit forcefully
5219,2,啐,cuì,,,动,向人吐唾沫或发出吐唾沫的声音，表示鄙视或愤怒,再胡说，就啐你,to spit at someone or make a spitting sound (to show contempt or anger)
5281,1,嗵,tōng,,,拟声,模拟物体撞击、心跳等的声音,青蛙嗵的一声跳进水里｜敲起鼓来嗵嗵响｜紧张得心嗵嗵地跳。,"(onomatopoeia) thump; thud (sound of collision, heartbeat, etc.)"
5283,1,仞,rèn,,,量,"古代长度单位,8尺或7尺为1仞",万仞高山,"ren (ancient unit of length, 7 or 8 chi)"
5286,1,绗,háng,,,动,用针线把衣、被的面子和里子以及其中的棉絮等稀疏地缝缀在一起，使不分离滑动,绗被子,to baste (sew loosely to hold padding in place)
5291,1,塬,yuán,,,名,我国西北黄土高原上的一种地貌。周围被流水冲刷而形成沟壑，边缘陡峭，顶上仍保持原来形成时比较平坦的状态。如陕北的洛川塬、陇东的董志塬等,塬顶很平坦｜黄土塬地貌,yuan (a landform on the Loess Plateau in northwest China)
5301,1,铱,yī,,,名,金属元素，符号：Ir。银白色，质硬而脆，高温时有延展性，熔点很高，是化学性质最稳定的金属。多用于制造科学仪器,铱制科学仪器｜铱化学性质稳,"iridium (element, symbol Ir)"
5319,1,鳔,biào,,,名,鱼类体内可以胀缩的囊状器官。内部充有气体，收缩时鱼下沉，膨胀时鱼上浮。有调节身体密度或在缺氧时辅助呼吸的作用。可供食用或制鳔胶,鱼鳔可制胶｜鳔帮助鱼浮沉,swim bladder (of fish)
5319,2,鳔,biào,,,名,鳔胶,鱼鳔｜猪皮鳔,fish glue; isinglass
5323,1,焐,wù,,,动,把凉的东西紧靠热的东西，使变暖,用热水袋焐被窝儿｜焐焐手,to warm (something cold by placing it against something warm)
5354,1,矬,cuó,,,形,〈口〉矮小,长得又胖又矬｜找个矬点儿的凳子,(colloquial) short; squat
5354,2,矬,cuó,,,动,身子往下缩；向下降,身子往下一矬就钻过去了,to crouch down; lower oneself
5368,1,沤,òu,,,动,物体经长时间浸泡或密集堆积而变质,汗水把衣服沤烂了｜囤里的粮食全给沤了｜沤粪,to ret; soak until decomposed
5368,2,沤,ōu,,,名,水中的气泡,浮沤,bubble in water
5373,1,汆,cuān,,,动,烹调方法，把易熟的食物放到开水锅里稍煮一下,汆丸子｜汆白肉,to quick-boil (a cooking method)
5373,2,汆,cuān,,,动,〈口〉用汆子烧（水）,汆了一汆子水,"(colloquial) to heat (water) with a ""cuānzi"" (heating tool)"
5373,3,汆,cuān,,,名,〈口〉汆子,他用汆子烧开水。｜这个汆子是铜制的。,"(colloquial) ""cuānzi"" (a tool for heating water quickly)"
5374,1,嚯,huò,,,叹,表示惊讶或赞叹,嚯，你们来得真早哇!｜嚯，长这么高了!,(interjection) wow! (expressing surprise or admiration)
5374,2,嚯,huò,,,拟声,模拟笑声,嚯嚯地笑了起来,(onomatopoeia) ha! (sound of laughter)
5376,1,噫,yī,,,叹,〈文〉表示悲叹伤感，相当于“唉”,噫，天丧予（老天爷要毁灭我啦）!,(literary) alas! (expressing sorrow or lament)
5378,1,钹,bó,,,名,铜制打击乐器，两个圆片为一副，中间凸起成半球状，正中有孔，可以穿绸布条供手持，两片相击发声,敲击铜钹｜钹声清脆,cymbals
5389,1,煳,hú,,,动,（食品、衣物等）被烧烤而变焦、变黄或变黑,饭煳了｜衣服烤煳了,"burnt; scorched (of food, clothing, etc.)"
5396,1,噌,cēng,,,拟声,模拟快速行动或摩擦的声音,他噌地从椅子上跳了起来｜汽车噌地一下从墙角擦过。,(onomatopoeia) whoosh; zip (sound of rapid movement or friction)
5396,2,噌,chēng,噌吰,chēnghóng,拟声,模拟钟鼓的声音,钟声噌噌响｜噌噌鼓声,(onomatopoeia) sound of bells or drums
5462,1,苫,shàn,,,动,（用席、布等）覆盖；遮蔽,房顶上苫了块油布｜用席把粮食苫上｜苫布,"to cover; to shelter (with a mat, cloth, etc.)"
5462,2,苫,shān,,,名,用草编成的覆盖或铺垫的用具,草苫子,straw mat (for covering or padding)
5466,1,蹼,pǔ,,,名,青蛙、乌龟、鸭子、水獭等水栖或有水栖习性的动物脚趾间的皮膜，便于划水,蹼趾｜鸭蹼,web (of skin between toes of aquatic animals)
5466,2,蹼,pǔ,,,名,像蹼一样的用具,脚蹼｜蹼泳,web-like implement
5472,1,犋,jù,,,量,牵引犁、耙等农具的畜力单位。能拉动一张犁或耙的畜力叫一犋,这头牛是一犋｜三犋牛耕地,(measure word) team of draught animals (for a plow or harrow)
5483,1,哏,gén,,,名,滑稽有趣的动作、语言或表情,逗哏｜捧哏,"comic gesture, speech, or expression"
5483,2,哏,gén,,,形,〈口〉滑稽；有趣,有些小品比相声还哏｜太哏儿了,(colloquial) funny; amusing
5492,1,诓,kuāng,,,动,欺骗；哄骗,你别诓我｜诓人｜诓骗,to deceive; to cheat
