rank,sn,cihui,pinyin,ref_hanzi,ref_pinyin,pos,definition,example
45034,1,扳手,bānshou,,,名,用来拧紧或旋松螺钉、螺母等的工具,
45034,2,扳手,bānshou,,,名,器具上供用手扳动的部分,
45061,1,爬升,páshēng,,,动,（飞行器）向上飞,飞机在继续爬升｜垂直爬升
45061,2,爬升,páshēng,,,动,泛指上升,原油价格持续爬升。
45061,3,爬升,páshēng,,,动,比喻升职（多含贬义）,他爬升得很快
45066,1,蜗居,wōjū,,,名,像蜗牛壳那样的居室。谦称自己窄小的住所,躲进蜗居，以书为伴。
45066,2,蜗居,wōjū,,,动,像蜗牛那样居住（在窄小的房子里）,蜗居于斗室
45077,1,比例尺,bǐlìchǐ,,,名,地图、机械图等图上长度与它所表示的实际长度之比。有数字比例尺和直线比例尺等,
45077,2,比例尺,bǐlìchǐ,,,名,一种制图工具。其刻度按长度单位缩小或放大若干倍后刻成。常见的是三棱比例尺,
45106,1,讣告,fùgào,,,动,〈文〉报告丧事,特此讣告
45106,2,讣告,fùgào,,,名,报告丧事的通知,刊登讣告
45108,1,空余,kòngyú,,,动,剩余；空着没有被利用,空余半小时做习题。
45108,2,空余,kòngyú,,,形,剩余的；闲置的,时间很空余｜空余设备
45153,1,厮混,sīhùn,,,动,苟且相处；鬼混,不许你和他们厮混。
45153,2,厮混,sīhùn,,,动,混杂,严禁把盗版书和正版书厮混在一起出售。
45169,1,行令,xínglìng,,,动,发布命令,政府行令
45169,2,行令,xínglìng,,,动,行酒令,喝酒行令
45207,1,老脸,lǎoliǎn,,,名,老年人的面子,你把我这老脸都给丢尽了｜他连老脸也不要了。
45207,2,老脸,lǎoliǎn,,,名,厚脸皮,
45242,1,竞渡,jìngdù,,,动,比赛划船,龙舟竞渡
45242,2,竞渡,jìngdù,,,动,比赛游泳渡过江河湖泊,万名健儿竞渡长江。
45246,1,发狠,fāhěn,,,动,下狠心；横下心来,他一发狠，用多年的积蓄买了一台电脑。
45246,2,发狠,fāhěn,,,动,发怒；生气,她正发狠呢，你可别再火上浇油。
45279,1,绵软,miánruǎn,,,形,柔软,金丝绒手感绵软
45279,2,绵软,miánruǎn,,,形,（身体）软弱无力,浑身绵软
45292,1,风花雪月,fēng-huā-xuě-yuè,,,,原指古典文学作品中常描写的四种美好的自然景象；后多借指词藻华丽而内容空泛、格调低下的诗文,风花雪月，无病呻吟。
45292,2,风花雪月,fēng-huā-xuě-yuè,,,,借指男女情爱方面的事,
45325,1,外家,wàijiā,,,名,外祖父母家,
45325,2,外家,wàijiā,,,名,旧指有妻男子在别处纳妾所组成的家庭,
45325,3,外家,wàijiā,,,名,跟有妻男子非法成家的女子是该男子的外家,
45355,1,羊皮纸,yángpízhǐ,,,名,羊皮制成的纸样的薄片，欧洲中世纪用于书写重要文件,
45355,2,羊皮纸,yángpízhǐ,,,名,像羊皮一样的又厚又结实的纸。能防水、防油，多用于包装,
45366,1,清规戒律,qīngguī-jièlǜ,,,,佛教、道教等要求信徒必须遵守的规则和戒条,
45366,2,清规戒律,qīngguī-jièlǜ,,,,泛指繁琐的规章制度,
45369,1,吞吃,tūnchī,,,动,【吞】不经咀嚼或细嚼，整个地往下咽,蛇吞吃老鼠
45369,2,吞吃,tūnchī,,,动,【吞没】侵吞；私占,吞吃粮款
45379,1,回环,huíhuán,,,动,反复循环,世事回环
45379,2,回环,huíhuán,,,动,环绕,长廊回环
45379,3,回环,huíhuán,,,名,修辞手法，通过词语的循环往复使用，表达两种事物相互制约或彼此依存的关系。如“人人为我，我为人人”,
45383,1,贫嘴,pínzuǐ,,,形,爱说不得体的玩笑话或废话,贫嘴不等于幽默｜贫嘴薄舌
45383,2,贫嘴,pínzuǐ,,,名,贫嘴的人,
45400,1,影壁,yǐngbì,,,名,大门内或屏门内对房屋院落起屏蔽作用的墙壁（也有木制的，可以移动）,
45400,2,影壁,yǐngbì,,,名,照壁,
45400,3,影壁,yǐngbì,,,名,有浮雕的墙壁，是壁塑艺术的一种,
45419,1,复音,fùyīn,,,名,由许多纯音组成的声音。一般乐器发出的声音都是复音,
45419,2,复音,fùyīn,,,名,回复的信息,
45447,1,连写,liánxiě,,,动,写字时笔画连续不断,草书讲究连写
45447,2,连写,liánxiě,,,动,指用汉语拼音字母给普通话的复音词注音时，两个或两个以上音节连起来书写。如“guójiā（国家）”、“jiāotōngxiàn（交通线）”,
45452,1,寡欲,guǎyù,,,形,欲望少,寡欲恬淡
45452,2,寡欲,guǎyù,,,动,使欲望减少,清心寡欲
45461,1,上镜,shàngjìng,,,动,被摄入新闻、影视镜头,她刚满8岁，就多次上镜。
45461,2,上镜,shàngjìng,,,形,通过镜头照出来的形象好,他长相平常，但很上镜。
45478,1,打眼,dǎyǎn,,,动,钻孔,用电钻打眼
45478,2,打眼,dǎyǎn,,,形,某些地区指引人注目,她的装束太打眼了。
45481,1,俗名,súmíng,,,名,俗称,疟疾俗名叫疟（yào）子。
45481,2,俗名,súmíng,,,名,僧尼出家前用的名字,
45488,1,编目,biānmù,,,动,为书刊、文献等编制目录,这批新书尚未编目。
45488,2,编目,biānmù,,,名,编制成的目录,
45509,1,整饬,zhěngchì,,,动,整顿使有秩序,整饬纪律｜整饬军容
45509,2,整饬,zhěngchì,,,形,整齐；有条理,收拾整饬
45519,1,作秀,zuòxiù,,,动,表演或演出,义演中大腕歌星争相作秀。
45519,2,作秀,zuòxiù,,,动,为促销、竞选等而开展各种宣传活动,竞选者各出奇招作秀。
45519,3,作秀,zuòxiù,,,动,弄虚作假，做样子骗人,
45522,1,哼唧,hēngji,,,拟声,模拟低声说话、唱歌或吟咏时不清晰的声音（多叠用）,哼唧哼唧地说了半天，谁也听不清｜一个人坐在那里，哼哼唧唧地唱歌。
45522,2,哼唧,hēngji,,,动,不清晰地低声说话、唱歌或吟咏,声音太小，不知你哼唧什么。
45529,1,伴舞,bànwǔ,,,动,陪伴别人跳舞,她们是来舞会上伴舞的。
45529,2,伴舞,bànwǔ,,,动,为配合演唱而同台跳舞,他的演唱由少年宫舞蹈队伴舞。
45537,1,当头一棒,dāngtóu-yībàng,,,,比喻突然给人以严重打击,
45537,2,当头一棒,dāngtóu-yībàng,,,,比喻对人提出警告，使其警醒,
45540,1,纬线,wěixiàn,,,名,【纬】纺织物横向的纱线（跟“经”相区别）,
45540,2,纬线,wěixiàn,,,名,【纬】地理学上假想的沿地球表面跟赤道平行的线，赤道以北的称北纬线，以南的称南纬线（跟“经线”相区别）,
45541,1,书生气,shūshēngqì,,,名,书卷气,
45541,2,书生气,shūshēngqì,,,名,只知读书，不了解社会，脱离实际的习气,切不可书生气十足。
45559,1,投送,tóusòng,,,动,投递,
45559,2,投送,tóusòng,,,动,投放；投到里面去,向高炉投送原料
45576,1,抽纱,chōushā,,,动,刺绣工艺中根据设计图案，抽去布帛等材料上部分经线或纬线，形成透空的花纹,
45576,2,抽纱,chōushā,,,名,指用抽纱工艺制成的披肩、窗帘、台布等工艺品,
45579,1,仙姑,xiāngū,,,名,仙女,
45579,2,仙姑,xiāngū,,,名,对女道士的敬称,
45579,3,仙姑,xiāngū,,,名,旧时对以求神问卜等迷信活动为职业的妇女的称呼,
45581,1,填空,tiánkòng,,,动,填补空缺的位置、职务等,填空补缺
45581,2,填空,tiánkòng,,,动,填写试题中要求回答问题的空白处,单词填空｜填空题
45613,1,抓药,zhuāyào,,,动,按照药方为病人配制中药,
45613,2,抓药,zhuāyào,,,动,拿着药方到中药店买药,
45629,1,腾挪,téngnuó,,,动,挪动,大立柜太沉，一个人腾挪不了。
45629,2,腾挪,téngnuó,,,动,挪用,不准随意腾挪公款。
45629,3,腾挪,téngnuó,,,动,指武术中蹿、跳、躲闪等动作,腾挪跳跃，虎虎生风。
45638,1,卡子,qiǎzi,,,名,夹东西的器具,
45638,2,卡子,qiǎzi,,,名,设在交通要道或地形险隘处的岗哨或检查站,
45644,1,犬牙,quǎnyá,,,名,狗的牙齿，特点是参差不齐,
45644,2,犬牙,quǎnyá,,,名,犬齿,
45647,1,字库,zìkù,,,名,存放铅字和铅字字模的库房。随着铅字的逐渐淘汰而不再使用,
45647,2,字库,zìkù,,,名,字体风格、大小、格式相同而字形不同的字符的集合。电子计算机应用中，将字符转换为数字信号，存储在电子计算机或相关的存储器中，称为字库,
45655,1,枪眼,qiāngyǎn,,,名,碉堡或墙壁上用来向外开枪射击的小孔,
45655,2,枪眼,qiāngyǎn,,,名,枪弹打的小孔,
45657,1,豪强,háoqiáng,,,形,蛮横（hèng）强硬,逞豪强
45657,2,豪强,háoqiáng,,,名,依仗权势横行霸道的人,打击豪强
45658,1,保底,bǎodǐ,,,动,保本,
45658,2,保底,bǎodǐ,,,动,保证所定数额的最下限,生活保障金无论如何也要保底。
45695,1,冬菜,dōngcài,,,名,用白菜、芥菜等加蒜腌制成的半干的菜,
45695,2,冬菜,dōngcài,,,名,储存起来留待冬季食用的蔬菜,
45696,1,豪富,háofù,,,形,钱多势大,豪富之家
45696,2,豪富,háofù,,,名,指钱多势大的人,他是本城的一个豪富。
45700,1,防冻,fángdòng,,,动,防止冻害,菜地要采取防冻措施。
45700,2,防冻,fángdòng,,,动,防止冻结,防冻剂
45712,1,无日,wúrì,,,副,没有一天。常跟后边的“不”连用，构成双重否定，表示天天不间断,无日不思，无日不想。
45712,2,无日,wúrì,,,动,没有那样的一天；遥遥无期,归国无日
45725,1,独舞,dúwǔ,,,名,由一个人表演的舞蹈。分两类：一类是具有特定主题的完整结构的舞蹈；另一类是舞剧或多人舞蹈中的组成部分，是刻画主要人物的重要手段,
45725,2,独舞,dúwǔ,,,动,由一个人表演舞蹈,由她独舞的节目曾多次获奖。
45741,1,假托,jiǎtuō,,,动,借故推托,假托有病，不去上班。
45741,2,假托,jiǎtuō,,,动,假冒（名义）,假托厂长的名义，同外单位联系。
45741,3,假托,jiǎtuō,,,动,凭借,假托一个故事来说明这个道理。
45749,1,公助,gōngzhù,,,动,公家资助,自费公助｜民办公助
45749,2,公助,gōngzhù,,,动,共同资助,得到各方公助
45767,1,老底,lǎodǐ,,,名,内情；底细,别以为我不敢兜他的老底。
45767,2,老底,lǎodǐ,,,名,指祖上留下的产业,这是他家几辈子攒下来的老底。
45772,1,肉感,ròugǎn,,,名,某种肉给人感官上留下的印象,这种鱼肉感嫩滑细腻。
45772,2,肉感,ròugǎn,,,形,性感,
45774,1,喉管,hóuguǎn,,,名,气管上位于喉头的部分,
45774,2,喉管,hóuguǎn,,,名,竹制簧管乐器，由哨子、管身等部分组成，有七个音孔。流行于广东和广西地区,
45785,1,消停,xiāoting,,,形,安静；安稳；安定,不得消停｜等消停下来再说
45785,2,消停,xiāoting,,,动,休息；停歇,
45787,1,垂暮,chuímù,,,名,傍晚,天已垂暮
45787,2,垂暮,chuímù,,,名,比喻晚年,垂暮老人｜垂暮之年
45816,1,公差,gōngchā,,,名,（等差级数）算术级数里每相邻两个数之间的差,
45816,2,公差,gōngchā,,,名,机器制造业中指制造的机器零件所允许存在的最大尺寸和最小尺寸之间的差值,
45816,3,公差,gōngchāi,,,名,旧指官府的差役,
45816,4,公差,gōngchāi,,,名,临时派遣到外地执行的公务,出公差
45827,1,眼线,yǎnxiàn,,,名,埋伏下来暗中侦察情况的人,要防止敌人的眼线混入。
45827,2,眼线,yǎnxiàn,,,名,化妆时画在眼皮边沿的线条（常为黑色）,画眼线
45839,1,远路,yuǎnlù,,,名,很远的路程,走远路｜远路无轻载
45839,2,远路,yuǎnlù,,,名,很远的地方,远路客人
45851,1,头脸,tóuliǎn,,,名,指面貌；相貌,他的头脸不难看
45851,2,头脸,tóuliǎn,,,名,面子；脸面,他在我们公司可是个有头脸的人物。
45853,1,油嘴,yóuzuǐ,,,名,说话油滑的嘴巴,油嘴滑舌｜生就一张油嘴
45853,2,油嘴,yóuzuǐ,,,名,指说话油滑的人,
45853,3,油嘴,yóuzuǐ,,,名,储油容器的喷嘴,油嘴堵了
45875,1,天之骄子,tiānzhījiāozǐ,,,名,天骄,
45875,2,天之骄子,tiānzhījiāozǐ,,,名,比喻深受宠爱、特别幸运的人；也比喻精英人物或成功人士,
45918,1,水雾,shuǐwù,,,名,水上的雾气,水雾蒙眬
45918,2,水雾,shuǐwù,,,名,像雾似的小水点,巨浪冲击着堤岸，腾起片片水雾。
45922,1,合手,héshǒu,,,动,合掌,
45922,2,合手,héshǒu,,,动,联手,双方合手办工厂
45922,3,合手,héshǒu,,,形,适用；合用,买台合手的电脑｜这种鼠标用着不合手。
45939,1,特护,tèhù,,,动,（对危重病人）进行特殊护理,他还没脱离危险，需要特护。
45939,2,特护,tèhù,,,名,从事特殊护理的护士,三个特护日夜轮班护理。
45954,1,电汇,diànhuì,,,动,银行或邮电局接受汇款人委托，用电报或电传通知汇入行、局，将款项交付收款人,
45954,2,电汇,diànhuì,,,名,用电汇方式办理的汇兑款项,
45966,1,帮腔,bāngqiāng,,,动,指某些戏曲演出中，一些人在幕后伴唱，应和（hè）台上的演唱,
45966,2,帮腔,bāngqiāng,,,动,比喻支持、帮助别人说话,你自己去说就行，不用我帮腔。
45976,1,敞亮,chǎngliàng,,,形,宽敞亮堂,客厅敞亮舒适
45976,2,敞亮,chǎngliàng,,,形,（心情）舒展开朗,心里敞亮多了
46005,1,京腔,jīngqiāng,,,名,戏曲声腔，清初流传北京的弋阳腔同当地语言相结合而形成的唱腔,
46005,2,京腔,jīngqiāng,,,名,指北京语音,一口京腔
46009,1,御制,yùzhì,,,动,由帝王创作或颁行,乾隆帝御制《国朝传宝记》。
46009,2,御制,yùzhì,,,动,专为帝王制作,瓷瓶刻有“宫廷御制”四字｜御制自鸣钟
46044,1,够意思,gòuyìsi,,,形,形容达到相当高的水平或程度,家具做得够意思
46044,2,够意思,gòuyìsi,,,,够朋友,
46046,1,金砖,jīnzhuān,,,名,标金。因呈长方形，像小砖块，故称,
46046,2,金砖,jīnzhuān,,,名,铸成砖状的黄金,
46058,1,绝笔,juébǐ,,,名,生前最后的诗文、字画等,临终绝笔
46058,2,绝笔,juébǐ,,,名,〈文〉绝妙的诗文、字画,旷世绝笔
46079,1,轮休,lúnxiū,,,动,（职工）轮换休假,
46079,2,轮休,lúnxiū,,,动,为了恢复地力而在某个耕种时期不种植作物,
46097,1,近战,jìnzhàn,,,动,近距离作战,力求近战取胜
46097,2,近战,jìnzhàn,,,名,近距离进行的战斗,
46112,1,扁圆,biǎnyuán,,,名,椭圆,
46112,2,扁圆,biǎnyuán,,,名,圆形而较薄的立体形状,扁圆酒瓶｜果实扁圆
46116,1,爷们儿,yémenr,,,名,指成年男子,几个爷们儿正在喝酒。
46116,2,爷们儿,yémenr,,,名,指丈夫,她的爷们儿要跟她离婚。
46116,3,爷们儿,yémenr,,,名,男人之间亲昵的互称,咱爷们儿的事，不告诉她们。
46142,1,规整,guīzhěng,,,形,规矩整齐；符合一定标准的,衣物放得规整
46142,2,规整,guīzhěng,,,动,使规矩整齐；使符合一定标准,把图书规整好｜规整产业格局
46153,1,希求,xīqiú,,,动,希望获得（某种事物）,不希求廉价的同情。
46153,2,希求,xīqiú,,,名,愿望，要求,她唯一的希求就是儿子能痊愈。
46247,1,基质,jīzhì,,,名,结缔组织细胞所产生的一种复杂的蛋白质混合物，各种结缔组织的细胞和纤维都包埋在基质内,
46247,2,基质,jīzhì,,,名,混合物中起溶剂作用的成分,橄榄油是多种护肤膏的基质。
46257,1,怪话,guàihuà,,,名,离奇荒诞的话,不能听信这些怪话。
46257,2,怪话,guàihuà,,,名,牢骚话,不要背后说怪话
46265,1,合口,hékǒu,,,形,（食品、菜肴等）适合口味,这几个菜吃起来都很合口。
46265,2,合口,hékǒu,,,动,疮口或伤口愈合,刀伤已合口，很快就可出院。
46265,3,合口,hékǒu,,,动,合上嘴巴,笑到几时方合口｜笑得合不上口
46268,1,缩微,suōwēi,,,动,缩小、微型化的合称，是一种高密度、长期存贮信息的新技术。即把图书资料用照相法缩小，复制在微型胶片上，以便保存和使用,缩微胶片
46268,2,缩微,suōwēi,,,动,微缩,缩微模型
46271,1,灭种,mièzhǒng,,,动,灭绝整个种族,亡国灭种
46271,2,灭种,mièzhǒng,,,动,绝种,大角鹿已经灭种
46284,1,漏子,lòuzi,,,名,漏斗,
46284,2,漏子,lòuzi,,,名,破绽,手脚做得再严密，也会有漏子。
46288,1,冷僻,lěngpì,,,形,冷落偏僻；不热闹,地点冷僻，很少有人来。
46288,2,冷僻,lěngpì,,,形,不常用的（多指字、名称、典故等）,用词冷僻｜这则典故十分冷僻。
46290,1,图示,túshì,,,动,用图形显示,把实验经过图示出来。
46290,2,图示,túshì,,,名,显示某种内容的图形,这份是行军路线的图示。
46300,1,肝气,gānqì,,,名,中医指肝脏的精气；也指肝气郁结引起的症状，如腹胀、胁痛、嗳气、呕吐等,
46300,2,肝气,gānqì,,,名,指容易发怒的心绪,
46307,1,开笔,kāibǐ,,,动,旧指学生开始学作诗文,他读书聪明，开笔比别的孩子早。
46307,2,开笔,kāibǐ,,,动,指在新的一年开始写字或写作,
46307,3,开笔,kāibǐ,,,动,开始某项写作,
46363,1,公方,gōngfāng,,,名,指公私合营企业中国家的一方（跟“私方”相区别）,
46363,2,公方,gōngfāng,,,量,体积非法定计量单位，1公方等于1立方米,
46364,1,草包,cǎobāo,,,名,用稻草绳等编成的袋子,抗洪急需大量草包。
46364,2,草包,cǎobāo,,,名,比喻头脑简单、能力极差的人,什么工作都干不好，真是个草包!
46369,1,喷漆,pēnqī,,,动,（用压缩空气）将稀释的油漆喷成雾状，使均匀地附着（zhuó）在器物上,
46369,2,喷漆,pēnqī,,,名,一种人造漆，一般使用喷枪喷在器物表面，有耐水、易干等特点,
46371,1,回执,huízhí,,,名,回条,
46371,2,回执,huízhí,,,名,向寄件人证明邮件已经递到的凭据，由收件人盖章或签字交邮局寄回寄件人,
46371,3,回执,huízhí,,,名,答复会议通知、邀请函等的回条。多由寄件方拟成，由收件方填写，并寄回寄件方,
46386,1,帮办,bāngbàn,,,动,帮助主要负责人办理公务,帮办政务
46386,2,帮办,bāngbàn,,,名,旧时部门主要负责人的助手,
46396,1,车架,chējià,,,名,汽车上承载车身及其他负荷的支撑在车轮轴上的装置，一般由两根纵梁和几根横梁组成,
46396,2,车架,chējià,,,名,指自行车的三角架,
46398,1,族类,zúlèi,,,名,同一家族或宗族的人,
46398,2,族类,zúlèi,,,名,同一类别的人或事物,青年人按不同的欣赏兴趣形成不同的族类｜数码相机只是数码产品中的一个族类。
46407,1,劳心,láoxīn,,,动,〈文〉从事脑力劳动（跟“劳力”相区别）,
46407,2,劳心,láoxīn,,,动,耗费心血,办这件事，既劳力又劳心。
46410,1,司库,sīkù,,,动,管理财务,
46410,2,司库,sīkù,,,名,管理财务的人,
46413,1,天庭,tiāntíng,,,名,神话传说中指天帝的宫殿,
46413,2,天庭,tiāntíng,,,名,帝王的宫殿,
46413,3,天庭,tiāntíng,,,名,人的前额中央，两眉之间,
46421,1,亡魂,wánghún,,,名,迷信指人死后的灵魂,
46421,2,亡魂,wánghún,,,动,丢了魂。指非常害怕,亡魂失魄｜亡魂丧胆
46428,1,暗探,àntàn,,,动,暗中刺探,暗探敌情
46428,2,暗探,àntàn,,,名,从事秘密侦探工作的人员,提防敌人的暗探
46447,1,太上皇,tàishànghuáng,,,名,皇帝的父亲；特指把皇位让给儿子后的皇帝,
46447,2,太上皇,tàishànghuáng,,,名,比喻退居幕后但实际握有最高权力的人（含贬义）,
46457,1,近亲繁殖,jìnqīn-fánzhí,,,,亲缘关系相近的生物之间繁殖后代。这种繁殖会导致物种退化,
46457,2,近亲繁殖,jìnqīn-fánzhí,,,,比喻部门或单位只注重使用和培养有亲属关系、师承关系等亲近关系的人,高等院校里的近亲繁殖现象对学术发展不利。
46464,1,求战,qiúzhàn,,,动,寻找战机与对方作战,敌军求战心切，贸然出动。
46464,2,求战,qiúzhàn,,,动,向上级要求参战,士气高昂，踊跃求战。
46470,1,牛郎织女,niúláng-zhīnǚ,,,名,指牛郎星和织女星,
46470,2,牛郎织女,niúláng-zhīnǚ,,,名,我国古代神话中的人物。织女是天帝的孙女，下凡嫁给牛郎，不再为天帝织造云锦。天帝大怒，把他们分隔在天河两边，只准每年农历七月初七相会一次。现在常比喻长期分居两地的夫妻,
46495,1,熔炼,róngliàn,,,动,熔解冶炼,熔炼技术
46495,2,熔炼,róngliàn,,,动,比喻培养锻炼,熔炼坚强意志
46496,1,收转,shōuzhuǎn,,,动,收下并转交,请您将此信收转雷锋班。
46496,2,收转,shōuzhuǎn,,,动,接收并转播,地方台收转中央台节目。
46508,1,谢客,xièkè,,,动,谢绝会客,闭门谢客
46508,2,谢客,xièkè,,,动,向宾客表示谢意,敬酒谢客
46511,1,瓦工,wǎgōng,,,名,砌砖、盖瓦、粉刷等工种,
46511,2,瓦工,wǎgōng,,,名,从事瓦工工作的工人,
46512,1,青皮,qīngpí,,,名,中药指未成熟柑橘的果皮或幼果,
46512,2,青皮,qīngpí,,,名,无赖；流氓,市井青皮
46529,1,紧着,jǐnzhe,,,动,〈口〉抓紧；加速,别慢腾腾的，紧着点儿干｜稿子要得很急，你得紧着写。
46529,2,紧着,jǐnzhe,,,动,紧缩（花销）；节省,钱不多了，要紧着点儿花｜水怕不够，得紧着点儿用。
46547,1,文案,wén'àn,,,名,公文案卷；泛指公文、文稿,营销策划文案｜起草文案
46547,2,文案,wén'àn,,,名,旧时衙门里草拟文牍、掌管档案的幕僚；今指文秘工作或从事文秘工作的人,在广告公司当文案。
46581,1,洞子,dòngzi,,,名,洞穴,
46581,2,洞子,dòngzi,,,名,〈口〉暖房,花洞子｜洞子菜
46582,1,歧异,qíyì,,,形,不一致（多指观念、认识等）,立场相当歧异
46582,2,歧异,qíyì,,,名,不一致的地方,双方的歧异继续扩大。
46584,1,赏钱,shǎngqián,,,动,赏给人钱,赏钱给他们
46584,2,赏钱,shǎngqián,,,名,赏金。多指主人赏给仆役或长辈赏给晚辈的数额较小的钱,给几个赏钱
46597,1,鄙薄,bǐbó,,,动,认为粗俗；看不起,不能鄙薄技术工作｜这种表现理应受到鄙薄。
46597,2,鄙薄,bǐbó,,,形,〈文〉粗陋浅薄（多用作谦词）,本人学识鄙薄，不足与闻大事。
46614,1,干粉,gānfěn,,,名,不和（huò）水的或干燥了的粉面,江米干粉｜水磨干粉
46614,2,干粉,gānfěn,,,名,干的粉条或粉丝,
46614,3,干粉,gānfěn,,,名,指干燥的粉末状磷酸铵盐，可用于灭火,干粉灭火器
46616,1,封疆,fēngjiāng,,,名,疆界,
46616,2,封疆,fēngjiāng,,,动,分封疆土。旧时称受封统治一个大区域的官吏为封疆大吏,
46621,1,缩手缩脚,suōshǒu-suōjiǎo,,,形,形容因寒冷而手脚蜷缩,
46621,2,缩手缩脚,suōshǒu-suōjiǎo,,,形,形容胆子小，顾虑多，不敢放手去干,
46624,1,五音,wǔyīn,,,名,我国古代音乐的五个音阶，分别称宫、商、角、徵（zhǐ）、羽，唐代以后的工尺（chě）谱中分别为上、尺、工、六、五，相当于现代简谱中的1、2、3、5、6,
46624,2,五音,wǔyīn,,,名,中国音韵学指从发音部位分出的五类声母，即喉音、牙音、舌音、齿音、唇音,
46663,1,回炉,huílú,,,动,（金属）再次熔化,钢材回炉
46663,2,回炉,huílú,,,动,（食品）再次烘烤,把凉烧饼回回炉
46679,1,哭腔,kūqiāng,,,名,戏曲演唱中表示哭泣的唱腔,
46679,2,哭腔,kūqiāng,,,名,说话时悲伤哭泣的腔调,
46706,1,重译,chóngyì,,,动,经过一次次翻译,
46706,2,重译,chóngyì,,,动,重新翻译,这部小说译得不太好，需要重译。
46706,3,重译,chóngyì,,,动,甲种语言的原本，有了乙种语言的译本，再从乙种语言译成丙种语言，对丙种语言来说，就叫重译,
46709,1,变天,biàntiān,,,动,天气发生变化（通常指天气变坏）,
46709,2,变天,biàntiān,,,动,比喻政权被敌对势力夺取,妄想变天｜变天账
46721,1,包金,bāojīn,,,动,在银、铜等金属首饰、器物外面包上金质薄片，使外观上像纯金制品,包金佛像｜包金后的镯子更漂亮。
46721,2,包金,bāojīn,,,名,包银,
46747,1,一言堂,yīyántáng,,,名,旧时店铺挂的匾额，上写“一言堂”，表示不能还价,
46747,2,一言堂,yīyántáng,,,名,比喻不听群众意见独断专行的作风（跟“群言堂”相对）,
46767,1,轻慢,qīngmàn,,,形,对人不尊重、傲慢,态度十分轻慢｜言辞轻慢
46767,2,轻慢,qīngmàn,,,动,用不尊重、傲慢的态度对待,不要轻慢长者
46796,1,婚龄,hūnlíng,,,名,法定的最低结婚年龄。我国婚姻法规定，男子的结婚年龄不得早于22周岁，女子不得早于20周岁,
46796,2,婚龄,hūnlíng,,,名,结婚的年数,西方国家把有50年婚龄的称为金婚。
46813,1,粗人,cūrén,,,名,缺乏文化修养的人（有时用作谦词）,我是个粗人，说话直来直去。
46813,2,粗人,cūrén,,,名,粗心的人,我是个粗人，这细活儿干不了。
46823,1,楔子,xiēzi,,,名,插在木器榫缝中起固定作用的上厚下薄的木片,
46823,2,楔子,xiēzi,,,名,钉在墙上可以挂东西的竹木钉,
46823,3,楔子,xiēzi,,,名,比喻插进去的人或事物,大家都在排队，你为什么夹楔子。
46823,4,楔子,xiēzi,,,名,戏曲或近代小说的引子，一般用在开头引起正文；元杂剧中还有用于两折之间的楔子，起衔接剧情的作用,
46830,1,赶得上,gǎndeshàng,,,动,追得上；跟得上,赶得上队伍
46830,2,赶得上,gǎndeshàng,,,动,比得上,他的演唱水平赶得上专业演员了。
46830,3,赶得上,gǎndeshàng,,,动,来得及,赶得上回家过中秋节。
46830,4,赶得上,gǎndeshàng,,,动,遇得到；碰得上（好机遇）,赶得上好机会我就去试试。
46835,1,龇牙咧嘴,zīyá-liězuǐ,,,形,形容疼痛难忍的样子,
46835,2,龇牙咧嘴,zīyá-liězuǐ,,,形,形容面目狰狞,
46837,1,老糊涂,lǎohútu,,,形,年老而糊涂,他已经老糊涂了，很多事都记不准了。
46837,2,老糊涂,lǎohútu,,,名,年老而糊涂的人,他是个老糊涂，跟他说不清楚。
46863,1,坝子,bàzi,,,名,小河沟的坝,
46863,2,坝子,bàzi,,,名,某些地区指山间的平地或平原,成都坝子｜滇池坝子
46870,1,冷场,lěngchǎng,,,动,文艺演出时，由于演员迟到或忘记台词等而使演出中断,
46870,2,冷场,lěngchǎng,,,动,开会讨论时无人发言，使场面冷清；也指演出、比赛等出现观众很少以至没有观众的场面,
46873,1,窘困,jiǒngkùn,,,形,穷困,生活窘困
46873,2,窘困,jiǒngkùn,,,形,难堪；尴尬,听了这话，他显得十分窘困。
46875,1,甜酒,tiánjiǔ,,,名,江米酒,
46875,2,甜酒,tiánjiǔ,,,名,糖分较高的酒,
46878,1,放大器,fàngdàqì,,,名,能增强电磁信号的装置，由电子管、变压器等电器元件组成，用在电视、广播等装置中,
46878,2,放大器,fàngdàqì,,,名,制图用具，能把图形放大或缩小,
46899,1,下界,xiàjiè,,,名,神话或迷信指人间,
46899,2,下界,xiàjiè,,,动,下凡,
46899,3,下界,xiàjiè,,,名,下方的界线；最低的界线,地温升高，冻土层下界抬升。
46905,1,出掌,chūzhǎng,,,动,伸出手掌进攻或防守,出掌不凡
46905,2,出掌,chūzhǎng,,,动,出来掌握（权力）,出掌要职
46910,1,伤神,shāngshén,,,动,过度费心；劳神,内耗太多，让人伤神。
46910,2,伤神,shāngshén,,,形,〈文〉伤心,黯然伤神
46914,1,免票,miǎnpiào,,,动,乘车、入场等不需要买票,这个公园节日免票开放。
46914,2,免票,miǎnpiào,,,名,指可以免费乘车、入场等的凭证,不用给我买票了，我有免票。
46921,1,照直,zhàozhí,,,副,沿着直线（走），不拐弯,照直往前
46921,2,照直,zhàozhí,,,副,直截了当地,你要照直说
46955,1,股评,gǔpíng,,,动,对股市行情及股市操作进行分析和评论,
46955,2,股评,gǔpíng,,,名,进行股评的文章或言论,
46972,1,编舞,biānwǔ,,,动,编排舞蹈,
46972,2,编舞,biānwǔ,,,名,编创舞蹈的人,
46973,1,百发百中,bǎifā-bǎizhòng,,,,每次发射都命中目标。形容箭法或枪法精准,
46973,2,百发百中,bǎifā-bǎizhòng,,,,比喻做事或料事有充分把握，从不失误,
46980,1,砥砺,dǐlì,,,名,磨刀石,
46980,2,砥砺,dǐlì,,,动,磨炼,艰苦砥砺｜砥砺成才
46980,3,砥砺,dǐlì,,,动,勉励,朋友之间要相互砥砺。
46986,1,军列,jūnliè,,,名,军人队列,军列整齐
46986,2,军列,jūnliè,,,名,军用列车的简称,
46991,1,下品,xiàpǐn,,,形,下等,下品花菜
46991,2,下品,xiàpǐn,,,名,下等物品,这些是被剔除出来的下品。
47006,1,说合,shuōhe,,,动,从中牵线，促成其事,经过中间人说合，买卖成交了。
47006,2,说合,shuōhe,,,动,商量；讨论,两口子说合一阵才作出决定。
47006,3,说合,shuōhe,,,动,说和,
47015,1,森然,sēnrán,,,形,形容茂密直立的样子,松柏森然
47015,2,森然,sēnrán,,,形,形容阴森可怕,森然可怖
47022,1,放还,fànghuán,,,动,释放回去,放还人质
47022,2,放还,fànghuán,,,动,放回原处,物品用后请及时放还。
47026,1,本字,běnzì,,,名,随着汉字的发展，有些字通常的写法已不同于原来的写法，原来写法的字称为本字。如“武”的本字为“”；“船”的本字为“舩”,
47026,2,本字,běnzì,,,名,古人在写某个字时，没有写本来应该用的字，而是写了一个读音相同或相近的字。本来应该写的字叫本字，用来代替的字叫通假字。如“骏极于天”中的“骏”为通假字，“峻”为本字,
47038,1,转盘,zhuànpán,,,名,某些器物（如唱机等）上能转动的圆盘,
47038,2,转盘,zhuànpán,,,名,使在轨道上的机车掉转方向或改换道辙的圆盘形设备,
47038,3,转盘,zhuànpán,,,名,指交叉路口的环形岛,
47057,1,路轨,lùguǐ,,,名,铺设铁路或有轨电车道的长条钢材,
47057,2,路轨,lùguǐ,,,名,轨道,
47080,1,老姑娘,lǎogūniang,,,名,老处女,
47080,2,老姑娘,lǎogūniang,,,名,排行最小的女儿,
47086,1,红灯区,hóngdēngqū,,,名,指某些国家、地区的城市中色情行业集中的街区。因色情场所的门外多有红灯标志，故称,
47086,2,红灯区,hóngdēngqū,,,名,经济学上指存在损害、威胁或阻碍的状况,
47099,1,提花,tíhuā,,,动,用经线、纬线在织物上织成凸起的花纹,提花织机｜提花枕巾
47099,2,提花,tíhuā,,,名,用提花工艺织出的花纹,毛毯上有提花
47107,1,耸动,sǒngdòng,,,动,（肩膀、肌肉等）向上抖动,耸动了一下双肩，表示无奈。
47107,2,耸动,sǒngdòng,,,动,捏造或夸大某种事实，使人吃惊,耸动听闻
47109,1,珠玑,zhūjī,,,名,珍珠（珍珠圆的叫珠，不圆的叫玑）,满目珠玑｜市列珠玑，户盈罗绮。
47109,2,珠玑,zhūjī,,,名,比喻优美的语句或优秀的作品,字字珠玑
47112,1,平板车,píngbǎnchē,,,名,不设车厢的大型运货卡车，用大的平板载货,
47112,2,平板车,píngbǎnchē,,,名,载货部位是平板的人力三轮车,
47113,1,打滑,dǎhuá,,,动,车轮、皮带轮等转动时光空转而不前进或带不动皮带轮上的皮带,缝纫机的皮带光打滑。
47113,2,打滑,dǎhuá,,,动,因地滑而走不稳或站不住,地板上有水，走路打滑。
47114,1,闲心,xiánxīn,,,名,闲适的心情,最近没有闲心去听歌剧。
47114,2,闲心,xiánxīn,,,名,不必要的心思,这事他自己会处理的，你就别操那些闲心了。
47119,1,备货,bèihuò,,,动,为供应市场而准备货物,多渠道备货
47119,2,备货,bèihuò,,,名,为供应市场而准备的货物,
47126,1,芳名,fāngmíng,,,名,好名声,芳名大噪
47126,2,芳名,fāngmíng,,,名,敬词，用于称年轻女子的名字,
47158,1,率性,shuàixìng,,,形,任性,不可率性而行
47158,2,率性,shuàixìng,,,副,索性；干脆,我看率性让她去算了。
47169,1,灵药,língyào,,,名,传说中仙人所制的药，即仙药,嫦娥自悔偷灵药
47169,2,灵药,língyào,,,名,有神奇疗效的药；比喻能解决问题的好办法,名医自有灵药｜要解决公司的困难，目前尚无灵药。
47190,1,光溜溜,guāngliūliū,,,形,形容十分光滑,头发梳得光溜溜的。
47190,2,光溜溜,guāngliūliū,,,形,形容赤裸、没有遮盖,
47198,1,派送,pàisòng,,,动,派遣,派送青年教师去进修。
47198,2,派送,pàisòng,,,动,分发赠送,派送精美礼品
47206,1,畸变,jībiàn,,,动,非正常的变化,遗传畸变｜染色体畸变
47206,2,畸变,jībiàn,,,名,光、电、磁波在传导过程中，由于受到外界的干扰，波形发生变化的现象。如图像变形、音质改变等,
47216,1,出展,chūzhǎn,,,动,拿出来展览,又有一批新书出展。
47216,2,出展,chūzhǎn,,,动,到外地或外国展览,我国文物精品出展，引起国际上的轰动。
47240,1,老几,lǎojǐ,,,代,询问排行中的位次,不知道他是老几｜你在家里是老几?
47240,2,老几,lǎojǐ,,,代,用于反问，表示所论及的人在某个范围内地位低（含自谦或轻蔑语气）,跟那些有名气的画家比，我算老几?｜你算老几?动不动就摆谱儿!
47252,1,出榜,chūbǎng,,,动,张贴被录取、被推选人员的名单,学校录取新生的名单已经出榜公布。
47252,2,出榜,chūbǎng,,,动,旧时指张贴文告,起义军每到一处，都出榜安抚百姓。
47328,1,暖房,nuǎnfáng,,,动,旧时习俗，在亲友结婚前一天到新房贺喜,
47328,2,暖房,nuǎnfáng,,,动,到亲友新居贺喜,
47328,3,暖房,nuǎnfáng,,,名,【温室】供冬季栽培不耐寒植物的房子，有防寒、加温、透光等设备,暖房里种的菜，价格要高些。
47349,1,戏耍,xìshuǎ,,,动,戏弄；耍笑,不应戏耍别人
47349,2,戏耍,xìshuǎ,,,动,嬉戏；玩耍,和孩子们一块儿戏耍。
47352,1,仪礼,yílǐ,,,名,中国古代儒家六部经典之一。是研究秦汉以前社会情况、典章制度、各种仪礼和儒家思想的重要典籍,
47352,2,仪礼,yílǐ,,,名,礼仪；礼节,仪礼繁冗︱不拘仪礼。
47370,1,对着干,duìzhegàn,,,动,采取对立态度，企图搞垮对方,你干吗事事跟我对着干?
47370,2,对着干,duìzhegàn,,,动,指竞赛,两个组对着干，看谁干得又好又快。
47373,1,缩编,suōbiān,,,动,紧缩编制,缩编减员
47373,2,缩编,suōbiān,,,动,把作品、节目等压缩部分内容后重新编辑，使篇幅减少，重点突出,
47406,1,油质,yóuzhì,,,名,油的质量,原油价格的高低跟油质有关。
47406,2,油质,yóuzhì,,,形,含有油性物质的,油质颜料
47407,1,清音,qīngyīn,,,名,一种曲艺，流行于四川、重庆等地。用琵琶等伴奏，多为一人站唱，左手打板，右手执竹筷击鼓,
47407,2,清音,qīngyīn,,,名,旧指在婚丧中使用的吹奏乐,
47407,3,清音,qīngyīn,,,名,清辅音，即发音时声带不振动的辅音（跟“浊音”相区别）。如普通话语音中的p、f,
47444,1,死党,sǐdǎng,,,名,死硬顽固的反动集团,结成死党
47444,2,死党,sǐdǎng,,,名,死心塌地地为某人或某集团出力的党羽,
47446,1,造字,zàozì,,,动,创造文字；设计新的文字符号系统,仓颉造字
47446,2,造字,zàozì,,,动,浇铸铅字,
47446,3,造字,zàozì,,,动,在电脑中造出字库没有的字,
47450,1,残月,cányuè,,,名,农历临近月底时像钩的月亮,
47450,2,残月,cányuè,,,名,快要落下的月亮,残月西斜
47481,1,简编,jiǎnbiān,,,名,内容简要的著作,《逻辑学简编》
47481,2,简编,jiǎnbiān,,,名,指简本,《中国通史简编》。
47486,1,天梯,tiāntī,,,名,古人想象中的登天阶梯。比喻险峻的山路,
47486,2,天梯,tiāntī,,,名,装置在高大建筑物或设备上的供攀援的设施,
47488,1,套数,tàoshù,,,名,戏曲或散曲（小令除外）中，用多种曲调互相连贯、有首有尾、成为一套的曲子,
47488,2,套数,tàoshù,,,名,比喻成套的技巧或手法,他学会了不少魔术套数。
47521,1,抛洒,pāosǎ,,,动,洒落；洒出,别把油漆抛洒到地上。
47521,2,抛洒,pāosǎ,,,动,比喻付出（心血、感情等）,抛洒一腔热血
47523,1,信息战,xìnxīzhàn,,,名,敌对双方在信息领域的对抗活动。主要是通过争夺信息资源，掌握信息的生产、传递、处理等的主动权，破坏敌方的信息传输，为遏制或打赢战争创造有利条件,
47523,2,信息战,xìnxīzhàn,,,名,泛指在经济、科技、文化、外交等各领域对信息优势的争夺,
47531,1,斩获,zhǎnhuò,,,动,战争中杀死与俘获（敌人）,
47531,2,斩获,zhǎnhuò,,,动,泛指收获或获取；特指在比赛中获奖或夺得好名次,一举斩获三项大奖。
47531,3,斩获,zhǎnhuò,,,名,泛指经过斗争得到的收获,打假又有新斩获
47538,1,顶子,dǐngzi,,,名,建筑物等的顶部,
47538,2,顶子,dǐngzi,,,名,顶珠,
47551,1,小班,xiǎobān,,,名,幼儿园里最低的班级,
47551,2,小班,xiǎobān,,,名,人数少的班,分小班上课
47621,1,举火,jǔhuǒ,,,动,点火,昼则举烽，夜则举火。
47621,2,举火,jǔhuǒ,,,动,特指烧火做饭,旧俗寒食节三日不举火。
47622,1,变调,biàndiào,,,动,转调,
47622,2,变调,biàndiào,,,动,指汉字连读时，某些字的声调发生变化。例如普通话中两个上声字相连时，头一个字变读成阳平,
47631,1,尾数,wěishù,,,名,小数点后面的数,
47631,2,尾数,wěishù,,,名,多位数字中末尾的一位或几位数字,
47634,1,木樨,mùxi,,,名,桂花,
47634,2,木樨,mùxi,,,名,烹调时搅碎的鸡蛋，像黄色的桂花,木樨汤｜木樨肉
47646,1,兵戎,bīngróng,,,名,武器,兵戎相见
47646,2,兵戎,bīngróng,,,名,战争；战乱,兵戎不起
47650,1,肥田,féitián,,,名,肥沃的农田,肥田沃土
47650,2,肥田,féitián,,,动,使土地肥沃,塘泥可以肥田｜肥田粉
47657,1,异人,yìrén,,,名,与众不同的人；有异才的人,人是异人，文是奇文︱才气纵横，一时惊为异人。
47657,2,异人,yìrén,,,名,通俗小说中指精通法术的人,得异人指点，练就真功。
47678,1,放血,fàngxiě,,,动,从静脉中放出适量的血液，适用于辅助性治疗脑充血、高血压、中暑等症,
47678,2,放血,fàngxiě,,,动,比喻不惜血本降价甩卖商品；也比喻花费或损失钱财,割肉放血，价格一降再降｜让他放血请大伙儿吃饭。
47685,1,卸载,xièzài,,,动,从运输工具上卸下装载的物品,
47685,2,卸载,xièzǎi,,,动,删除电子计算机中已经安装的软件,
47695,1,主唱,zhǔchàng,,,动,担任主要演唱任务,本场音乐会由她主唱。
47695,2,主唱,zhǔchàng,,,名,担任主要演唱任务的演员,她是本场音乐会的主唱。
47697,1,松土,sōngtǔ,,,动,翻动土壤使疏松,松土施肥
47697,2,松土,sōngtǔ,,,名,疏松的土壤,根部培上松土
47708,1,数说,shǔshuō,,,动,逐一叙述,他把发生的事又从头数说了一遍。
47708,2,数说,shǔshuō,,,动,【数落】〈口〉列举过失加以指责,
47720,1,领唱,lǐngchàng,,,动,在齐唱或合唱的开头或中间由一个或几个人演唱（随后众人同唱）,一人领唱众人和
47720,2,领唱,lǐngchàng,,,名,领唱的人,由著名歌唱家担任领唱。
47724,1,回文,huíwén,,,名,【回环】修辞手法，通过词语的循环往复使用，表达两种事物相互制约或彼此依存的关系。如“人人为我，我为人人”,
47724,2,回文,huíwén,,,名,回文诗,
47759,1,炒面,chǎomiàn,,,名,炒熟的面粉。可加盐、糖等用开水冲成糊状食用,
47759,2,炒面,chǎomiàn,,,名,面条蒸熟或煮熟后，再加佐料用油炒成的食物,
47762,1,油饼,yóubǐng,,,名,油料作物的种子榨油后剩下的饼状物，如豆饼、棉籽饼等。可做饲料或肥料,
47762,2,油饼,yóubǐng,,,名,一种油炸的面饼，和面时加盐、苏打等，炸出来金黄松脆，多用作早点,
47790,1,钢针,gāngzhēn,,,名,缝织衣物的针,
47790,2,钢针,gāngzhēn,,,名,像针样的金属制品,留声机唱头上的钢针磨坏了。
47802,1,漆黑一团,qīhēi-yītuán,,,形,形容没有一点亮光，什么都看不见,
47802,2,漆黑一团,qīhēi-yītuán,,,形,形容社会黑暗，没有一点光明,
47802,3,漆黑一团,qīhēi-yītuán,,,,比喻人一无是处或一无所知,
47815,1,天棚,tiānpéng,,,名,在户外用竹、木、席、幔等搭起的遮蔽风雨阳光的棚,
47815,2,天棚,tiānpéng,,,名,用木板或木条、苇箔等在房内屋顶或楼板下加建的一层顶棚，有保温、保洁、隔音、美化等作用,
47817,1,知命,zhīmìng,,,动,懂得一切由天命注定的道理；能认识并顺应自己的命运,宠辱不惊，达观知命。
47817,2,知命,zhīmìng,,,名,《论语·为政》：“五十而知天命。”后用“知命”指50岁的年龄,
47820,1,饵料,ěrliào,,,名,养鱼或钓鱼用的食物,
47820,2,饵料,ěrliào,,,名,拌上毒药诱杀害虫、害兽的食物,
47826,1,外心,wàixīn,,,名,二心；特指对配偶不忠实的心思；今也指向着外人或外单位，对内不忠诚的心思,怀有外心
47826,2,外心,wàixīn,,,名,旧时指臣子勾结外国的心思,
47826,3,外心,wàixīn,,,名,几何学上指三角形（或正多边形）外接圆的圆心,
47831,1,没治,méizhì,,,动,无法救治；无法处理,这个人没治了，谁的话也不听。
47831,2,没治,méizhì,,,形,形容极好,公司利润年年翻番，真是没治了。
47836,1,失语,shīyǔ,,,动,部分或全部丧失语言能力,
47836,2,失语,shīyǔ,,,动,失言,
47854,1,拿捏,nániē,,,动,刁难；挟制,他这样拿捏你，肯定抓住你什么短处。
47854,2,拿捏,nániē,,,动,故意做出某种样子或装成某种腔调,你再拿捏着不说，我们就走了｜拿捏着嗓门儿说
47854,3,拿捏,nániē,,,动,掌握；把握,这事该怎么办我拿捏不准。
47859,1,公判,gōngpàn,,,动,公众评议判断,此事可交群众公判。
47859,2,公判,gōngpàn,,,动,指法院在群众大会上向当事人和公众公开宣布对案件的判决,
47860,1,鼎鼎大名,dǐngdǐng-dàmíng,,,,,
47860,2,大名鼎鼎,dǐngdǐng-dàmíng,,,,,
47909,1,背靠背,bèikàobèi,,,,彼此背和背相依靠,孩子们背靠背坐着。
47909,2,背靠背,bèikàobèi,,,,背对背,
47911,1,触网,chùwǎng,,,动,排球运动中指队员的身体碰到球网，判失分；乒乓球运动中指发球碰网，须重发,
47911,2,触网,chùwǎng,,,动,指使用电子计算机上网（多指首次）,
47915,1,登极,dēngjí,,,动,登上最高处,登极远眺
47915,2,登极,dēngjí,,,动,登基,
47920,1,倒腾,dǎoteng,,,动,翻动；移动,晒麦子要勤倒腾
47920,2,倒腾,dǎoteng,,,动,贩卖；经营,他在倒腾小百货
47920,3,倒腾,dǎoteng,,,动,调换；调配,工作多，人手倒腾不开。
47926,1,扒皮,bāpí,,,动,【剥（bāo）皮】去掉外皮,扒皮剜心｜扒下一层皮
47926,2,扒皮,bāpí,,,动,比喻进行盘剥,
47962,1,腰斩,yāozhǎn,,,动,从腰部把人斩为两段，古代一种酷刑,
47962,2,腰斩,yāozhǎn,,,动,比喻把同一事物或相关联的事物从中切断,刊物停办，我的连载小说登了一半就被腰斩了。
48001,1,忌日,jìrì,,,名,原指先辈去世的日子（旧俗这一天忌娱乐、宴会，故称）；泛指亲友等去世的日子,每到母亲忌日，他都要去祭奠。
48001,2,忌日,jìrì,,,名,迷信指不宜做某事的日子,
48047,1,犯案,fàn'àn,,,动,违法作案,结伙犯案
48047,2,犯案,fàn'àn,,,动,作案后被发现或被侦破,
48061,1,跑龙套,pǎolóngtào,,,,在戏曲中担任龙套行当,
48061,2,跑龙套,pǎolóngtào,,,,比喻在别人手下做无关紧要的杂活儿。,过去跑龙套，今天挑大梁。
48092,1,补报,bǔbào,,,动,事后报告,改动原因容后补报。
48092,2,补报,bǔbào,,,动,事后报答,您的恩德，日后一定补报。
48096,1,遗落,yíluò,,,动,丢失；散失,皮箱遗落在出租车上了｜稿子在搬迁时遗落了。
48096,2,遗落,yíluò,,,动,遗漏；漏掉,成本预算中不该遗落排污建设费。
48124,1,寸心,cùnxīn,,,名,心；内心,得失寸心知
48124,2,寸心,cùnxīn,,,名,微薄的心意,送副对联以表寸心。
48164,1,奢求,shēqiú,,,动,过分、过高地要求,不应奢求豪华的生活。
48164,2,奢求,shēqiú,,,名,过分、过高的要求,他的奢求无法满足。
48203,1,插口,chākǒu,,,名,器物上用来插入东西的小孔,
48203,2,插口,chākǒu,,,动,【插话】在别人说话过程中插进去说,
48207,1,孔径,kǒngjìng,,,名,物理学上指能使光线或微观粒子通过的口径,
48207,2,孔径,kǒngjìng,,,名,通常指涵洞、桥洞等的跨度或机件上圆孔的直径,这座桥的孔径为3米。
48215,1,引流,yǐnliú,,,动,导引水流,引流灌溉
48215,2,引流,yǐnliú,,,动,用外科手术排出病灶的脓液或其他积液,
48220,1,压轴戏,yāzhòuxì,,,名,原指一场演出中，安排在大轴戏（最后一出戏）之前的一出戏；现指一场演出中安排在最后的一个节目，一般是最精彩的节目,
48220,2,压轴戏,yāzhòuxì,,,名,比喻精彩的或令人注目的结尾,这项改革刚刚开始，压轴戏还在后面呢。
48222,1,故友,gùyǒu,,,名,老朋友,寻访故友
48222,2,故友,gùyǒu,,,名,死去的朋友,吊祭故友
48225,1,对折,duìzhé,,,动,对半折价,对折销售
48225,2,对折,duìzhé,,,名,一半的折扣,按对折付款｜打对折
48225,3,对折,duìzhé,,,动,对半折叠,把纸对折裁开
48262,1,嘟噜,dūlu,,,量,用于成串或成簇的东西,一嘟噜葡萄
48262,2,嘟噜,dūlu,,,动,下垂；耷拉,他一生气脸就嘟噜得老长老长的。
48262,3,嘟噜,dūlu,,,名,舌或小舌连续颤动所发出的声音,真笨，连嘟噜也不会打。
48263,1,人妖,rényāo,,,名,〈文〉人事上的反常现象；人中怪物,物怪人妖
48263,2,人妖,rényāo,,,名,指有生理变态或伪装成异性的人；特指某些国家中男人经手术变性，并以女性身份表演谋生的人,
48270,1,板书,bǎnshū,,,动,教师讲课时用粉笔在黑板上书写,老师边讲课边板书。
48270,2,板书,bǎnshū,,,名,讲课时写在黑板上的字,板书切忌潦草
48274,1,疏解,shūjiě,,,动,疏通调解,疏解矛盾｜疏解误会
48274,2,疏解,shūjiě,,,动,疏通使缓解,疏解交通压力
48288,1,斜面,xiémiàn,,,名,倾斜的平面,
48288,2,斜面,xiémiàn,,,名,一种利用斜面向上移动重物的简单的助升机械,
48290,1,朽木,xiǔmù,,,名,腐朽的木头,这堆朽木只好当柴烧了。
48290,2,朽木,xiǔmù,,,名,比喻不可造就的人,这个人可以说是朽木难雕了。
48291,1,房费,fángfèi,,,名,房租,
48291,2,房费,fángfèi,,,名,住旅店房间的费用,
48292,1,经线,jīngxiàn,,,名,纺织物纵向的纱线（跟“纬”相区别）,
48292,2,经线,jīngxiàn,,,名,地理学上假想的通过地球南北极与赤道成直角的线，在本初子午线以东的称东经，以西的称西经。,
48295,1,热卖,rèmài,,,动,（食品）趁热卖,馒头现蒸热卖
48295,2,热卖,rèmài,,,动,热销,这批新货热卖了整整一周。
48302,1,背带,bēidài,,,名,搭在肩上吊住裤子或裙子的带子,背带裤｜背带裙
48302,2,背带,bēidài,,,名,步枪、书包、背包等上面用于肩背的带子,
48306,1,前奏曲,qiánzòuqǔ,,,名,大型器乐曲、歌剧等的序曲，是创造气氛的短小器乐曲，与整部乐曲有统一的情调，常在开幕、开场初演奏,
48306,2,前奏曲,qiánzòuqǔ,,,名,【前奏】比喻事情发生或事物出现的先声,
48330,1,低频,dīpín,,,名,电子电路中指低于射频或中频的频率,
48330,2,低频,dīpín,,,名,在无线电频段表中指30—300千赫范围内的频率,
48334,1,军籍,jūnjí,,,名,登录军人姓名等的册子,
48334,2,军籍,jūnjí,,,名,指作为军队正式成员的资格、身份,保留军籍
48357,1,着忙,zháománg,,,动,由于时间紧迫而行动匆忙,先准备好饭菜，免得客人来了着忙。
48357,2,着忙,zháománg,,,动,着慌,一听家里出了事，他心里就着忙了。
48363,1,河坝,hébà,,,名,河流中拦水的建筑物,
48363,2,河坝,hébà,,,名,为加固河流险要处的堤防而修的建筑物,
48393,1,挞伐,tàfá,,,动,征讨；讨伐,兴兵挞伐
48393,2,挞伐,tàfá,,,动,比喻声讨、抨击,大加挞伐
48394,1,松快,sōngkuai,,,形,轻松舒服,全身松快
48394,2,松快,sōngkuai,,,形,宽松；宽敞,人口不多，住得挺松快。
48405,1,烙铁,làotie,,,名,底面平滑，一端或上部有柄，烧热后可以熨烫衣服的铁器,
48405,2,烙铁,làotie,,,名,一种可熔化焊锡的焊接工具。一端有柄，另一端是紫铜或合金制成的头。过去用炭火加热，称火烙铁；今多以电加热，称电烙铁,
48409,1,落拓,luòtuò,,,形,豪迈，不拘束,行为落拓
48409,2,落拓,luòtuò,,,形,穷困潦倒,
48414,1,拼图,pīntú,,,动,拼合图形；特指把拆散的若干块图板拼合成一定的图形,
48414,2,拼图,pīntú,,,动,利用电子计算机技术，进行图像、图形的拼合,
48414,3,拼图,pīntú,,,名,拼合图形类的玩具,
48428,1,道岔,dàochà,,,名,道路分岔的地方,
48428,2,道岔,dàochà,,,名,使铁路机车车辆能从一组轨道转到另一组轨道上的装置,扳道岔
48443,1,疮疤,chuāngbā,,,名,疮口愈合后留下的瘢痕,
48443,2,疮疤,chuāngbā,,,名,比喻短处或痛苦,不怕揭疮疤
48475,1,商圈,shāngquān,,,名,指集中众多商业企业的特定地区,经过几年的发展，这里形成了一个新商圈。
48475,2,商圈,shāngquān,,,名,商业圈，即商业领域,
48498,1,炭化,tànhuà,,,动,远古埋藏于地下的植物厚层，经过漫长的地质年代，在一定的压力、温度作用下逐渐变成煤,
48498,2,炭化,tànhuà,,,动,物质燃烧成炭或碳素化合物,
48504,1,合心,héxīn,,,形,齐心；同心,
48504,2,合心,héxīn,,,形,称心；符合心意,这下可合心了｜这话很合他的心
48518,1,铺排,pūpái,,,动,设置；安排,铺排得井井有条
48518,2,铺排,pūpái,,,形,铺张,这个婚礼铺排过甚。
48522,1,外罩,wàizhào,,,名,套在衣服外面的罩衣,
48522,2,外罩,wàizhào,,,名,套在物件外边的罩子,电视机外罩
48522,3,外罩,wàizhào,,,动,在外面罩上,外罩一件马褂
48524,1,漏风,lòufēng,,,动,因有孔隙而挡不住风,这房子四面漏风
48524,2,漏风,lòufēng,,,动,因牙齿脱落，说话时拢不住气,门牙掉了，说话有点儿漏风。
48524,3,漏风,lòufēng,,,动,走漏消息,这事要是漏了风可就麻烦了。
48525,1,稀松,xīsōng,,,形,懒散,性格稀松
48525,2,稀松,xīsōng,,,形,无关紧要；平常,这点儿稀松事，别愁。
48525,3,稀松,xīsōng,,,形,（工作、能力等）差劲,本事稀松
48537,1,炮战,pàozhàn,,,动,互相开炮射击,双方炮战了一整天。
48537,2,炮战,pàozhàn,,,名,以火炮为主要武器的战斗,
48563,1,累犯,lěifàn,,,动,多次犯罪,
48563,2,累犯,lěifàn,,,名,被判处有期徒刑以上刑罚，服刑完毕或被赦免后，在五年内又犯应判处有期徒刑以上刑罚之罪的罪犯,
48567,1,花插,huāchā,,,名,可放在浅水盆里的插花用的底座,
48567,2,花插,huāchā,,,名,供插花用的瓶子,
48567,3,花插,huāchā,,,动,〈口〉交错；夹杂（后面常跟“着”）,男生和女生花插着坐在观众席上。
48612,1,畅达,chàngdá,,,形,（交通等）通行无阻,交通畅达｜销路畅达
48612,2,畅达,chàngdá,,,形,（语言或文章）通畅明白,行文畅达｜词意畅达
48617,1,马号,mǎhào,,,名,旧时官府或大户人家养马的地方,
48617,2,马号,mǎhào,,,名,骑兵用的细长形军号,
48626,1,班房,bānfáng,,,名,旧时官衙里差役值班的地方,
48626,2,班房,bānfáng,,,名,俗指监狱或拘留所,坐班房
48644,1,发木,fāmù,,,动,发麻,冻得两脚发木
48644,2,发木,fāmù,,,形,显得迟钝,这些天他总是发木。
48645,1,灌肠,guàncháng,,,动,为了清洗肠道或治疗疾病，从肛门把水、药液等灌入肠内。,
48645,2,灌肠,guànchang,,,名,把肉末儿和淀粉等灌入肠衣内制成的食品；也有用淀粉制成肠状物的，削成片，用油煎熟吃。,
48665,1,网络电话,wǎngluò diànhuà,,,,通过因特网接通的电话,
48665,2,网络电话,wǎngluò diànhuà,,,,指网际协议电话。用普通电话通过电话网，再利用因特网实现远距离通话,
48672,1,邀功,yāogōng,,,动,求取功赏,胜不邀功，败不避罪。
48672,2,邀功,yāogōng,,,动,骗取或抢占别人的功劳,弄虚作假，谄媚邀功。
48673,1,麻纱,máshā,,,名,用麻的细纤维纺成的纱,
48673,2,麻纱,máshā,,,名,用细棉纱或棉麻混纺织成的平纹布，表面有纵向的凸纹，质地轻薄,
48682,1,铜壶,tónghú,,,名,古代铜制的壶形计时器,
48682,2,铜壶,tónghú,,,名,铜制的盛水容器,龙嘴大铜壶
48690,1,养气,yǎngqì,,,动,修养良好的品德和气质,正心养气
48690,2,养气,yǎngqì,,,动,道家指静心修炼,
48695,1,浮泛,fúfàn,,,动,〈文〉在水面漂荡,
48695,2,浮泛,fúfàn,,,形,表面的；不深入的,浮泛之论｜交情浮泛
48711,1,剪发,jiǎnfà,,,动,修剪头发；理发,
48711,2,剪发,jiǎnfà,,,动,指削发,
48726,1,搭界,dājiè,,,动,交界,这是城乡搭界的地方。
48726,2,搭界,dājiè,,,动,某些地区比喻事物之间有一定关联（多用于否定）,这次事故和他不搭界。
48729,1,读秒,dúmiǎo,,,动,围棋比赛中指参赛者自由支配时间用完后，每落一子必须在规定时间里完成（一般为60秒，快棋为30秒或10秒），这时裁判随时报出已用秒数，叫读秒,
48729,2,读秒,dúmiǎo,,,动,倒计时最后读出所剩秒数；比喻事情到了最后的关键性时刻,发射前的读秒阶段。
48735,1,整备,zhěngbèi,,,动,整顿配备,整备武装力量
48735,2,整备,zhěngbèi,,,名,装备；设备,提高列车整备质量。
48747,1,粗线条,cūxiàntiáo,,,名,笔道粗的线条；也指用这种线条勾勒出的轮廓,他的画较多使用粗线条。
48747,2,粗线条,cūxiàntiáo,,,形,大致的；简略的,对这段文章的内容有了粗线条的了解。
48747,3,粗线条,cūxiàntiáo,,,形,性格、作风等较为粗疏的,他是个粗线条的人。
48756,1,栽赃,zāizāng,,,动,为了诬陷别人，暗中把赃物或违禁品放在别人处,
48756,2,栽赃,zāizāng,,,动,指把罪名强加到别人头上,栽赃陷害
48760,1,姨奶奶,yínǎinai,,,名,祖母的姐妹,
48760,2,姨奶奶,yínǎinai,,,名,姨太太,
48778,1,余兴,yúxìng,,,名,未尽的兴致,余兴尚浓
48778,2,余兴,yúxìng,,,名,会议或宴会之后的文娱活动,
48796,1,纤巧,xiānqiǎo,,,形,细小灵巧,一双纤巧的小手
48796,2,纤巧,xiānqiǎo,,,形,指艺术风格纤细柔弱,纤巧有余，豪放不足。
48806,1,油矿,yóukuàng,,,名,蕴藏和开采石油的地方,
48806,2,油矿,yóukuàng,,,名,含石油的矿床,
48823,1,顶灯,dǐngdēng,,,名,安装在汽车车顶上的灯。多用来标志车辆用途,
48823,2,顶灯,dǐngdēng,,,名,安装在房间顶部的灯,
48833,1,撰述,zhuànshù,,,动,著述；写作,精心撰述
48833,2,撰述,zhuànshù,,,名,撰述的作品,把近年的撰述结集出版。
48837,1,将才,jiàngcái,,,名,统率、指挥军队的才能,颇具将才
48837,2,将才,jiàngcái,,,名,具有将才的人,难得的将才
48838,1,辘轳,lùlu,,,名,安在井边绞动绳索汲水的起重装置,摇着辘轳把儿打水。
48838,2,辘轳,lùlu,,,名,指某些机械上的绞盘,
48848,1,乌金,wūjīn,,,名,煤的美称,
48848,2,乌金,wūjīn,,,名,中医指【墨】写字、绘画等用的黑色块状颜料。传统的墨多用松烟或煤烟制成；也指用墨研成的汁。,
48863,1,照准,zhàozhǔn,,,动,不加改动地批准（下级的请示）,
48863,2,照准,zhàozhǔn,,,动,对准,照准目标射击
48873,1,粲然,cànrán,,,形,形容鲜明光亮的样子,星月粲然
48873,2,粲然,cànrán,,,形,形容鲜明显著的样子,是非曲直，粲然分明。
48873,3,粲然,cànrán,,,形,形容露出牙齿笑的样子,粲然一笑
48876,1,真确,zhēnquè,,,形,真实确凿,真确的材料
48876,2,真确,zhēnquè,,,形,【真切】清楚确切,看得真确
48884,1,努嘴,nǔzuǐ,,,动,撅嘴向人示意,你没见她在那里直向你努嘴?
48884,2,努嘴,nǔzuǐ,,,动,比喻种子、草木萌发嫩芽,泡的黄豆已经努嘴了。
48921,1,铺路石,pūlùshí,,,名,铺路用的石块儿,
48921,2,铺路石,pūlùshí,,,名,比喻为他人成长默默奉献的人,我们愿做未来冠军的铺路石。
48938,1,限速,xiànsù,,,动,限制速度,限速行驶
48938,2,限速,xiànsù,,,名,限制的速度,限速为90公里
48984,1,接车,jiēchē,,,动,指购买汽车者按手续到生产厂家或指定地点接收车辆,按计划到年底接车。
48984,2,接车,jiēchē,,,动,车站工作人员安排车辆进站、卸载等事宜,接车组到3站台接车。
48984,3,接车,jiēchē,,,动,接站,
49009,1,拉拉扯扯,lālā-chěchě,,,动,反复拉扯,两人在院子里拉拉扯扯，险些打起来。
49009,2,拉拉扯扯,lālā-chěchě,,,动,牵手挽臂，表示亲昵,别拉拉扯扯的，放规矩点儿。
49009,3,拉拉扯扯,lālā-chěchě,,,动,频繁进行不正当交往,不要同不三不四的人拉拉扯扯。
49034,1,护院,hùyuàn,,,动,守护庭院,看家护院
49034,2,护院,hùyuàn,,,名,守护庭院的人,
49060,1,洋装,yángzhuāng,,,名,旧指西装,
49060,2,洋装,yángzhuāng,,,形,书籍的西式装订方式，即装订线不暴露在书皮外面的,洋装本｜洋装书
49064,1,小夜曲,xiǎoyèqǔ,,,名,源于欧洲中世纪骑士文学的一种爱情歌曲，流行于西班牙、意大利等国,
49064,2,小夜曲,xiǎoyèqǔ,,,名,一种类似组曲的管弦乐曲，开始出现于18世纪末。如莫扎特的《D大调哈夫纳小夜曲》和柴可夫斯基的《弦乐小夜曲》,
49074,1,银矿,yínkuàng,,,名,蕴藏或开采白银的地方,
49074,2,银矿,yínkuàng,,,名,含银的矿石,
49079,1,隆胸,lóngxiōng,,,名,指女性丰满而隆起的乳房,
49079,2,隆胸,lóngxiōng,,,动,用手术、药物等方法使女性的乳房丰满而隆起,
49081,1,销差,xiāochāi,,,动,向上级报告所交付的差事已经完成,回公司销差
49081,2,销差,xiāochāi,,,动,免掉差事,老板找借口把他销差了。
49094,1,牵累,qiānlěi,,,动,因牵连而受累；连累,这事由我承担责任，不能牵累大家。
49094,2,牵累,qiānlěi,,,动,拖累,受儿女们牵累
49108,1,银杯,yínbēi,,,名,银制的杯,
49108,2,银杯,yínbēi,,,名,体育或其他比赛中颁发给亚军（第二名）的奖杯,
49151,1,父系,fùxì,,,形,属于父亲一方血统的（跟“母系”相区别）,父系亲族
49151,2,父系,fùxì,,,形,属于父子相承袭系统的,父系社会
49174,1,压顶,yādǐng,,,动,用砖、瓦或水泥等建筑材料覆盖屋墙顶部,砌好墙身立即压顶。
49174,2,压顶,yādǐng,,,动,向头顶压下来（多用于比喻）,泰山压顶不弯腰
49202,1,文墨,wénmò,,,名,写文章的事儿,卖弄文墨
49202,2,文墨,wénmò,,,名,泛指文化知识,胸无文墨
49216,1,锤打,chuídǎ,,,动,用锤子敲击,这只铜锅是手工锤打出来的。
49216,2,锤打,chuídǎ,,,动,比喻磨炼,这孩子还嫩，要放到第一线好好锤打锤打。
49217,1,谵语,zhānyǔ,,,动,病中说胡话,
49217,2,谵语,zhānyǔ,,,名,病中说的胡话,
49222,1,反胃,fǎnwèi,,,动,因饮食不当等而胃里难受、恶心甚至呕吐,他一吃白薯就反胃。
49222,2,反胃,fǎnwèi,,,动,比喻某事物让人难以接受，甚至厌恶,品位低下的电视剧让人反胃。
49229,1,顶板,dǐngbǎn,,,名,矿井中巷道顶上的岩石层,
49229,2,顶板,dǐngbǎn,,,名,紧靠在矿层之上的岩石,
49229,3,顶板,dǐngbǎn,,,名,室内的天花板,
49301,1,木屐,mùjī,,,名,古代一种木底鞋，底上通常有两个齿,
49301,2,木屐,mùjī,,,名,木底拖鞋,
49302,1,说头,shuōtou,,,名,值得说的地方,这条胡同有说头
49302,2,说头,shuōtou,,,名,说法；理由,事情起因，有很多说头。
49310,1,起子,qǐzi,,,名,开瓶盖或罐头盒的工具，式样有多种，多用金属制成,
49310,2,起子,qǐzi,,,名,〈口〉改锥,
49310,3,起子,qǐzi,,,名,某些地区指焙（bèi）粉,
49315,1,蟠桃,pántáo,,,名,我国神话中的仙桃,
49315,2,蟠桃,pántáo,,,名,桃的一种。果实扁圆形，味甜，核小,
49339,1,趣谈,qùtán,,,动,有趣地谈论,趣谈北京地名
49339,2,趣谈,qùtán,,,名,有趣的谈论或描述（多用于书名或文章题目）,《汉字趣谈》
49344,1,童女,tóngnǚ,,,名,未成年的女孩儿,
49344,2,童女,tóngnǚ,,,名,没有性交经历的年轻女子,
49358,1,背时,bèishí,,,形,过了时的,这种花色早就背时了。
49358,2,背时,bèishí,,,形,运气坏；倒霉,这几年他真背时，家里人不断地闹病。
49377,1,珍异,zhēnyì,,,形,珍奇,珍异花木
49377,2,珍异,zhēnyì,,,名,珍贵、奇异的物品,博览四方珍异
49380,1,填鸭,tiányā,,,动,用强制育肥的方法饲养鸭子。每天定时强行把饲料填入其食道，并限制其活动，使迅速长肥,
49380,2,填鸭,tiányā,,,名,用填鸭的方法饲养的鸭子,北京填鸭驰名中外。
49420,1,贤能,xiánnéng,,,形,德才兼备的,推举贤能之士
49420,2,贤能,xiánnéng,,,名,德才兼备的人,任用贤能
49426,1,萤光,yíngguāng,,,名,萤火虫发的光；泛指微弱的光,萤光点点
49426,2,萤光,yíngguāng,,,名,借指磷光,乱坟间不时闪着萤光。
49445,1,开间,kāijiān,,,量,旧式房屋的宽度单位，大约一丈,正房是两开间的，偏房是单开间的。
49445,2,开间,kāijiān,,,名,指房间的宽度,屋子开间太小
49464,1,胴体,dòngtǐ,,,名,牲畜等屠宰后的躯干部分,
49464,2,胴体,dòngtǐ,,,名,指人的身体,
49477,1,京派,jīngpài,,,名,以北京演员的表演风格为代表的京剧流派,
49477,2,京派,jīngpài,,,名,泛指具有北京风格的流派,
49509,1,划桨,huájiǎng,,,动,用桨拨水；摇桨,
49509,2,划桨,huájiǎng,,,名,划船用的桨,
49510,1,轻身,qīngshēn,,,动,使身体轻健,
49510,2,轻身,qīngshēn,,,动,不重视自身,轻身重义
49524,1,丝光,sīguāng,,,名,丝的光泽,丝光布｜丝光线
49524,2,丝光,sīguāng,,,动,棉纱或棉织品用浓氢氧化钠溶液浸渍，改善纤维性能，增加光泽,
49525,1,哀歌,āigē,,,动,〈文〉悲伤地歌唱,抱膝哀歌
49525,2,哀歌,āigē,,,名,令人悲伤的歌曲,一曲哀歌
49532,1,白蜡,báilà,,,名,雄性白蜡虫分泌出来的蜡质物，色白。可制蜡烛、丸药外壳或用来密封容器,
49532,2,白蜡,báilà,,,名,精制的蜂蜡，色白。可制蜡烛,
49544,1,打药,dǎyào,,,动,喷洒药物,
49544,2,打药,dǎyào,,,名,泻药,
49550,1,闷棍,mèngùn,,,名,古代一种棍状兵器，拦路的强盗常从背后用其将人打昏，乘机抢劫财物,打闷棍
49550,2,闷棍,mèngùn,,,名,比喻暗中的或突然的打击,提防所谓朋友背后打来的闷棍。
49563,1,耗损,hàosǔn,,,动,消耗损失,这场官司耗损了他大量的精力。
49563,2,耗损,hàosǔn,,,名,消耗掉或损失掉的财物,减少哈密瓜在运输中的耗损。
49564,1,跳荡,tiàodàng,,,动,跳跃激荡,激流在山谷间跳荡。
49564,2,跳荡,tiàodàng,,,动,跳动,火热的心在跳荡
49565,1,隐语,yǐnyǔ,,,名,指谜语,
49565,2,隐语,yǐnyǔ,,,名,黑话；暗语,
49566,1,硬气,yìngqi,,,形,理直气壮,有理说话就硬气
49566,2,硬气,yìngqi,,,形,刚直；坚强,他是个硬气的汉子。
49577,1,支应,zhīyìng,,,动,支持供应,支应粮饷
49577,2,支应,zhīyìng,,,动,【应付】采取办法或措施对付（人或事）,你们走吧，有事我支应｜支应差事
49577,3,支应,zhīyìng,,,动,守候,你回吧，我去值班室支应。
49629,1,淤血,yūxuè,,,动,血液凝滞不动,
49629,2,淤血,yūxuè,,,名,凝滞不动的血液,肺部有淤血
49632,1,削平,xuēpíng,,,动,铲平；清除,削平那个小土丘
49632,2,削平,xuēpíng,,,动,平定,削平乱贼
49633,1,带班,dàibān,,,动,带领人值班,今夜矿长带班
49633,2,带班,dàibān,,,动,带领某班组或班级；担任班主任,这学期我既教课又带班。
49633,3,带班,dàibān,,,名,带班的人,
49635,1,可着,kězhe,,,动,限定在某个范围不增减,可着这点儿钱，能买多少是多少。
49635,2,可着,kězhe,,,动,力求达到最大限度,可着嗓子喊
49639,1,浸淫,jìnyín,,,动,浸润,春日江南浸淫在绵绵细雨中。
49639,2,浸淫,jìnyín,,,动,濡染,不为世俗所浸淫
49639,3,浸淫,jìnyín,,,动,过分沉浸,浸淫在书本里
49646,1,斗嘴,dòuzuǐ,,,动,争吵,夫妻间有时也免不了会斗嘴。
49646,2,斗嘴,dòuzuǐ,,,动,耍贫嘴；互相用言语取笑,只会斗嘴，没几句正经话。
49649,1,劲舞,jìngwǔ,,,动,使劲地舞蹈,锣鼓喧天，金狮劲舞。
49649,2,劲舞,jìngwǔ,,,名,指风格粗犷、节奏强烈的现代舞蹈,
49654,1,频度,píndù,,,名,在一定的群落内，某种动植物的个体出现次数占总观察次数的百分率,
49654,2,频度,píndù,,,名,【频率】在一定时间内某种情况发生或事物出现的次数,
49659,1,坐庄,zuòzhuāng,,,动,商家派出人员常驻某地采购或推销货物,他长期在上海坐庄。
49659,2,坐庄,zuòzhuāng,,,动,打牌或赌博时做庄家,轮流坐庄
49685,1,阳极,yángjí,,,名,电子管中收集阴极所发射的电子的电极,
49685,2,阳极,yángjí,,,名,电池、蓄电池等直流电源中吸收电子，带正电的电极，常用符号“+”表示。干电池中间的炭精棒就是阳极,
49697,1,语速,yǔsù,,,名,说话的速度,老年人说话一般语速较慢。
49697,2,语速,yǔsù,,,名,单位时间内播出音节的多少,
49704,1,敬上,jìngshàng,,,动,尊敬长辈或上级,敬上爱下｜敬上不唯上
49704,2,敬上,jìngshàng,,,动,敬词，恭敬地奉上（多用于书信末尾署名之后）,女儿敬上
49716,1,交卷,jiāojuàn,,,动,参加考试的人考完后交出考卷,
49716,2,交卷,jiāojuàn,,,动,比喻完成任务,这份报告必须在一星期内交卷。
49726,1,皮匠,píjiang,,,名,制鞋或修鞋的手艺人,
49726,2,皮匠,píjiang,,,名,鞣制皮革的手艺人,
49737,1,四不像,sìbùxiàng,,,名,麋鹿,
49737,2,四不像,sìbùxiàng,,,名,【驯鹿】鹿的一种。雌雄都有角，角长，分成许多枝杈，蹄宽而大，尾白色，极短。善游泳，性温和。以地衣、谷类和草类等为食。俗称四不像的俗称,
49737,3,四不像,sìbùxiàng,,,名,比喻不伦不类的事物,
49746,1,炒米,chǎomǐ,,,名,炒熟的米；也指把米煮熟晾干后再炒的米,
49746,2,炒米,chǎomǐ,,,名,蒙古族人把糜子煮熟后再加牛奶或黄油炒拌的一种食物,
49765,1,散工,sàngōng,,,动,收工；放工,准时散工
49765,2,散工,sǎngōng,,,名,做零活儿的人；短工,
49766,1,贱民,jiànmín,,,名,旧时对社会地位低下的人的蔑称,
49766,2,贱民,jiànmín,,,名,印度指种姓以外的社会地位最低的阶层,
49779,1,管家婆,guǎnjiāpó,,,名,旧指为有钱人家管理家务的地位较高的女仆,
49779,2,管家婆,guǎnjiāpó,,,名,戏称家庭主妇,
49780,1,杂税,záshuì,,,名,零星的税种,
49780,2,杂税,záshuì,,,名,非法定的税种,苛捐杂税
49799,1,再世,zàishì,,,名,迷信指人死后再转生到世上的那一生,再世姻缘
49799,2,再世,zàishì,,,动,死去的人再次出现在世上,即使诸葛亮再世，怕也没有办法。
49804,1,逗弄,dòunong,,,动,引逗；挑逗,逗弄小猫玩儿
49804,2,逗弄,dòunong,,,动,耍弄；取笑,不该逗弄人家
49806,1,服膺,fúyīng,,,动,（格言、道理、嘱咐等）牢记在心,
49806,2,服膺,fúyīng,,,动,由衷信服；信奉,服膺真理
49811,1,够本,gòuběn,,,动,经商不赔不赚；赌博不输不赢,这笔生意刚够本
49811,2,够本,gòuběn,,,动,比喻得失持平,
49822,1,忌食,jìshí,,,动,因守宗教教规而不吃（某些食物）,伊斯兰教忌食猪肉｜印度教忌食牛肉
49822,2,忌食,jìshí,,,动,因生病或其他原因而不宜吃（某些食物）,患皮肤病忌食海鲜。
49835,1,磨牙,móyá,,,动,熟睡时上下牙齿相互摩擦发声,
49835,2,磨牙,móyá,,,动,比喻毫无意义地争辩；白费口舌,
49835,3,磨牙,móyá,,,名,臼齿的学名,
49836,1,磕磕绊绊,kēke-bànbàn,,,形,形容路不平坦或腿脚不灵便，走路时磕脚绊腿的样子,夜间走山路，磕磕绊绊走不快。
49836,2,磕磕绊绊,kēke-bànbàn,,,形,比喻事情有障碍，进行得不顺利或不顺心,干工作磕磕绊绊的，在所难免。
49837,1,针孔,zhēnkǒng,,,名,针鼻儿,
49837,2,针孔,zhēnkǒng,,,名,缝衣针或注射针扎的孔,
49848,1,偏巧,piānqiǎo,,,副,刚好；恰巧,正想给他打电话，偏巧他把电话打过来了。
49848,2,偏巧,piānqiǎo,,,副,【偏偏】表示实际情况跟客观需要或主观愿望不一致,我去向他辞行，偏巧他出去了。
49849,1,扑空,pūkōng,,,动,到达目的地却没有找到要找的对象,到了他办公室，不想又扑空了｜又扑了个空
49849,2,扑空,pūkōng,,,动,没有扑中（zhòng）,守门员扑空了，球射进球门。
49863,1,调谐,tiáoxié,,,形,谐调,
49863,2,调谐,tiáoxié,,,动,调节可变电容器或线圈使收音机等的频率与无线电波的频率相一致,
49869,1,账房,zhàngfáng,,,名,旧指企业或大户人家中管理财物收支的处所,
49869,2,账房,zhàngfáng,,,名,在账房任职的人,
49877,1,塔吉克族,tǎjíkèzú,,,名,我国少数民族之一。主要分布在新疆,
49877,2,塔吉克族,tǎjíkèzú,,,名,塔吉克斯坦共和国人数最多的民族,
49886,1,不是味儿,bùshìwèir,,,,不是应有的味道；不纯正,这盘炒黄瓜吃起来不是味儿｜他的英语说得不是味儿。
49886,2,不是味儿,bùshìwèir,,,,不对头；不正常,听他的话茬儿，有点儿不是味儿。
49886,3,不是味儿,bùshìwèir,,,,（心里）不好受,看着事情弄到这个地步，心里真不是味儿。
49887,1,写字间,xiězìjiān,,,名,办公的房间,
49887,2,写字间,xiězìjiān,,,名,书房,
49917,1,年头儿,niántóur,,,名,一年（不一定指全年）,母亲去世，到现在有5个年头儿了。
49917,2,年头儿,niántóur,,,名,和“有”搭配，表示多年,这张桌子是爷爷用过的，有年头儿了。
49917,3,年头儿,niántóur,,,名,时代,这年头儿大家的生活好多了。
49917,4,年头儿,niántóur,,,名,年成,春旱夏涝，年头儿不好。
49927,1,拖带,tuōdài,,,动,牵引,这辆卡车拖带了装满石料的挂斗。
49927,2,拖带,tuōdài,,,动,【拖】牵累；牵制,
49949,1,孬种,nāozhǒng,,,名,某些地区指怯懦、软弱的人,在歹徒面前不能当孬种。
49949,2,孬种,nāozhǒng,,,名,某些地区指坏人（骂人的话）,你这个孬种!
49954,1,小写,xiǎoxiě,,,名,汉字数字的一种写法，笔画比较少。如一、二、三、四（跟大写的“壹、贰、叁、肆”相区别）,
49954,2,小写,xiǎoxiě,,,名,拼音字母的一种写法。如a、b、c（跟大写的“A、B、C”相区别）,
49955,1,颂赞,sòngzàn,,,动,歌颂赞美,颂赞伟大的祖国
49955,2,颂赞,sòngzàn,,,名,古代指一种用于歌颂赞美的文体；现泛指赞颂的文章,深情地写下这篇颂赞。
49960,1,概略,gàilüè,,,名,大致的情况,我介绍的只是本书的概略。
49960,2,概略,gàilüè,,,形,【大概】区别不很准确或不很详尽的,概略叙述
49967,1,上弦,shàngxián,,,名,一种月相，农历每月初八或初九从地球上只能看到月亮西边的半圆。这种月相叫上弦（跟“下弦”相区别）,
49967,2,上弦,shàngxián,,,动,把弓弦绷紧，准备发射,弓上弦，刀出鞘
49967,3,上弦,shàngxián,,,动,拧紧钟表等机械上的发条使运行,
49971,1,贮备,zhùbèi,,,动,储备,贮备粮食
49971,2,贮备,zhùbèi,,,名,储备的物品,有充足的贮备
49988,1,常量,chángliàng,,,名,在某一过程中数值不变的量。如每星期的天数、水在标准大气压下的冰点,
49988,2,常量,chángliàng,,,名,正常的数量或用量,这几种药都按照常量服用。
49999,1,持球,chíqiú,,,动,排球运动中，球在运动员膝关节或膝关节以上的任何身体部位停留时间超过规定。是一种违例行为,
49999,2,持球,chíqiú,,,动,手球技术之一，即以手握球，是传球、射门和突破的基础。分单手持球和双手持球两种,
