root_category,root_sn,parent_category,parent_sn,category,sn,item,item_rank
宇宙·地球,1,光·色,2,色(一般)(名),13,色,328
宇宙·地球,1,光·色,2,色(一般)(名),13,彩,943
宇宙·地球,1,光·色,2,色(一般)(名),13,颜,1526
宇宙·地球,1,光·色,2,色(一般)(名),13,色彩,2118
宇宙·地球,1,光·色,2,色(一般)(名),13,颜色,2850
宇宙·地球,1,光·色,2,色(一般)(名),13,光彩,4686
宇宙·地球,1,光·色,2,色(一般)(名),13,彩色,5148
宇宙·地球,1,光·色,2,色(一般)(名),13,本色,8996
宇宙·地球,1,光·色,2,色(一般)(名),13,色泽,10750
宇宙·地球,1,光·色,2,色(一般)(名),13,色素,16698
宇宙·地球,1,光·色,2,色(一般)(名),13,正色,28341
宇宙·地球,1,光·色,2,色(一般)(名),13,原色,44610
宇宙·地球,1,光·色,2,色(一般)(名),13,色差,56063
宇宙·地球,1,光·色,2,红(形),14,红,513
宇宙·地球,1,光·色,2,红(形),14,粉,1174
宇宙·地球,1,光·色,2,红(形),14,朱,1204
宇宙·地球,1,光·色,2,红(形),14,丹,1269
宇宙·地球,1,光·色,2,红(形),14,赤,1751
宇宙·地球,1,光·色,2,红(形),14,彤,3066
宇宙·地球,1,光·色,2,红(形),14,大红,7874
宇宙·地球,1,光·色,2,红(形),14,通红,10913
宇宙·地球,1,光·色,2,红(形),14,鲜红,11949
宇宙·地球,1,光·色,2,红(形),14,粉红,12160
宇宙·地球,1,光·色,2,红(形),14,火红,19882
宇宙·地球,1,光·色,2,红(形),14,血红,20326
宇宙·地球,1,光·色,2,红(形),14,紫红,20964
宇宙·地球,1,光·色,2,红(形),14,朱红,27907
宇宙·地球,1,光·色,2,红(形),14,桃红,29907
宇宙·地球,1,光·色,2,红(形),14,绯红,30955
宇宙·地球,1,光·色,2,红(形),14,嫣红,31740
宇宙·地球,1,光·色,2,红(形),14,殷红,32854
宇宙·地球,1,光·色,2,红(形),14,橘红,37310
宇宙·地球,1,光·色,2,红(形),14,猩红,37428
宇宙·地球,1,光·色,2,红(形),14,枣红,39181
宇宙·地球,1,光·色,2,红(形),14,红彤彤,40657
宇宙·地球,1,光·色,2,红(形),14,桃色,40773
宇宙·地球,1,光·色,2,红(形),14,赤红,44079
宇宙·地球,1,光·色,2,红(形),14,红扑扑,44803
宇宙·地球,1,光·色,2,红(形),14,红艳艳,44975
宇宙·地球,1,光·色,2,红(形),14,杏红,48679
宇宙·地球,1,光·色,2,红(形),14,肉色,49545
宇宙·地球,1,光·色,2,红(形),14,水红,52051
宇宙·地球,1,光·色,2,红(形),14,品红,58646
宇宙·地球,1,光·色,2,红(形),14,肉红,63627
宇宙·地球,1,光·色,2,红(形),14,银红,74225
宇宙·地球,1,光·色,2,黄·橙(形),15,金,264
宇宙·地球,1,光·色,2,黄·橙(形),15,黄,628
宇宙·地球,1,光·色,2,黄·橙(形),15,橙,2925
宇宙·地球,1,光·色,2,黄·橙(形),15,金黄,7808
宇宙·地球,1,光·色,2,黄·橙(形),15,昏黄,31347
宇宙·地球,1,光·色,2,黄·橙(形),15,枯黄,32678
宇宙·地球,1,光·色,2,黄·橙(形),15,焦黄,32924
宇宙·地球,1,光·色,2,黄·橙(形),15,橙黄,34439
宇宙·地球,1,光·色,2,黄·橙(形),15,米黄,39410
宇宙·地球,1,光·色,2,黄·橙(形),15,蜡黄,40528
宇宙·地球,1,光·色,2,黄·橙(形),15,米色,41136
宇宙·地球,1,光·色,2,黄·橙(形),15,土黄,42921
宇宙·地球,1,光·色,2,黄·橙(形),15,鹅黄,43352
宇宙·地球,1,光·色,2,黄·橙(形),15,杏黄,46785
宇宙·地球,1,光·色,2,黄·橙(形),15,黄澄澄,47778
宇宙·地球,1,光·色,2,黄·橙(形),15,嫩黄,51698
宇宙·地球,1,光·色,2,黄·橙(形),15,黄灿灿,52870
宇宙·地球,1,光·色,2,黄·橙(形),15,苍黄,56010
宇宙·地球,1,光·色,2,黄·橙(形),15,橘黄,56705
宇宙·地球,1,光·色,2,黄·橙(形),15,蜜色,62554
宇宙·地球,1,光·色,2,绿·青(形),16,青,521
宇宙·地球,1,光·色,2,绿·青(形),16,绿,1017
宇宙·地球,1,光·色,2,绿·青(形),16,苍,2116
宇宙·地球,1,光·色,2,绿·青(形),16,翠,2194
宇宙·地球,1,光·色,2,绿·青(形),16,碧,2196
宇宙·地球,1,光·色,2,绿·青(形),16,葱,2332
宇宙·地球,1,光·色,2,绿·青(形),16,沧,2577
宇宙·地球,1,光·色,2,绿·青(形),16,碧绿,18344
宇宙·地球,1,光·色,2,绿·青(形),16,翠绿,19228
宇宙·地球,1,光·色,2,绿·青(形),16,铁青,24502
宇宙·地球,1,光·色,2,绿·青(形),16,青翠,27120
宇宙·地球,1,光·色,2,绿·青(形),16,绿油油,29533
宇宙·地球,1,光·色,2,绿·青(形),16,墨绿,29677
宇宙·地球,1,光·色,2,绿·青(形),16,苍翠,31340
宇宙·地球,1,光·色,2,绿·青(形),16,嫩绿,33461
宇宙·地球,1,光·色,2,绿·青(形),16,草绿,34008
宇宙·地球,1,光·色,2,绿·青(形),16,青葱,34498
宇宙·地球,1,光·色,2,绿·青(形),16,青绿,35900
宇宙·地球,1,光·色,2,绿·青(形),16,葱绿,38462
宇宙·地球,1,光·色,2,绿·青(形),16,水绿,47507
宇宙·地球,1,光·色,2,绿·青(形),16,蛋青,67584
宇宙·地球,1,光·色,2,绿·青(形),16,豆绿,67663
宇宙·地球,1,光·色,2,绿·青(形),16,绿莹莹,68064
宇宙·地球,1,光·色,2,绿·青(形),16,绿茸茸,71390
宇宙·地球,1,光·色,2,绿·青(形),16,豆青,75063
宇宙·地球,1,光·色,2,绿·青(形),16,湖色,75499
宇宙·地球,1,光·色,2,绿·青(形),16,碧油油,83154
宇宙·地球,1,光·色,2,绿·青(形),16,蟹青,87969
宇宙·地球,1,光·色,2,蓝·靛(形),17,蓝,1195
宇宙·地球,1,光·色,2,蓝·靛(形),17,湛蓝,26072
宇宙·地球,1,光·色,2,蓝·靛(形),17,天蓝,26103
宇宙·地球,1,光·色,2,蓝·靛(形),17,葱白,30401
宇宙·地球,1,光·色,2,蓝·靛(形),17,藏青,36423
宇宙·地球,1,光·色,2,蓝·靛(形),17,宝蓝,51925
宇宙·地球,1,光·色,2,蓝·靛(形),17,藏蓝,69626
宇宙·地球,1,光·色,2,紫·赭·褐(形、名),18,紫,1618
宇宙·地球,1,光·色,2,紫·赭·褐(形、名),18,褐,2832
宇宙·地球,1,光·色,2,紫·赭·褐(形、名),18,棕色,14508
宇宙·地球,1,光·色,2,紫·赭·褐(形、名),18,紫红,20964
宇宙·地球,1,光·色,2,紫·赭·褐(形、名),18,古铜色,41882
宇宙·地球,1,光·色,2,紫·赭·褐(形、名),18,雪青,55562
宇宙·地球,1,光·色,2,紫·赭·褐(形、名),18,酱色,59343
宇宙·地球,1,光·色,2,紫·赭·褐(形、名),18,驼色,65032
宇宙·地球,1,光·色,2,紫·赭·褐(形、名),18,茶褐色,69192
宇宙·地球,1,光·色,2,紫·赭·褐(形、名),18,藕荷,69416
宇宙·地球,1,光·色,2,紫·赭·褐(形、名),18,绛紫,71790
宇宙·地球,1,光·色,2,白·灰(形),19,白,308
宇宙·地球,1,光·色,2,白·灰(形),19,素,661
宇宙·地球,1,光·色,2,白·灰(形),19,粉,1174
宇宙·地球,1,光·色,2,白·灰(形),19,灰,1415
宇宙·地球,1,光·色,2,白·灰(形),19,苍,2116
宇宙·地球,1,光·色,2,白·灰(形),19,霜,2349
宇宙·地球,1,光·色,2,白·灰(形),19,皓,3143
宇宙·地球,1,光·色,2,白·灰(形),19,苍白,5734
宇宙·地球,1,光·色,2,白·灰(形),19,洁白,9983
宇宙·地球,1,光·色,2,白·灰(形),19,雪白,10591
宇宙·地球,1,光·色,2,白·灰(形),19,灰白,15475
宇宙·地球,1,光·色,2,白·灰(形),19,苍苍,17258
宇宙·地球,1,光·色,2,白·灰(形),19,惨白,19889
宇宙·地球,1,光·色,2,白·灰(形),19,银白,21964
宇宙·地球,1,光·色,2,白·灰(形),19,白皙,25087
宇宙·地球,1,光·色,2,白·灰(形),19,白净,25999
宇宙·地球,1,光·色,2,白·灰(形),19,皑皑,26371
宇宙·地球,1,光·色,2,白·灰(形),19,银灰,30416
宇宙·地球,1,光·色,2,白·灰(形),19,白茫茫,31166
宇宙·地球,1,光·色,2,白·灰(形),19,白花花,31285
宇宙·地球,1,光·色,2,白·灰(形),19,煞白,35128
宇宙·地球,1,光·色,2,白·灰(形),19,白皑皑,63029
宇宙·地球,1,光·色,2,白·灰(形),19,白晃晃,63262
宇宙·地球,1,光·色,2,白·灰(形),19,凝脂,63468
宇宙·地球,1,光·色,2,白·灰(形),19,藕色,75076
宇宙·地球,1,光·色,2,黑(形),20,青,521
宇宙·地球,1,光·色,2,黑(形),20,黑,594
宇宙·地球,1,光·色,2,黑(形),20,乌,1324
宇宙·地球,1,光·色,2,黑(形),20,墨,1451
宇宙·地球,1,光·色,2,黑(形),20,玄,2322
宇宙·地球,1,光·色,2,黑(形),20,皂,2966
宇宙·地球,1,光·色,2,黑(形),20,漆黑,9792
宇宙·地球,1,光·色,2,黑(形),20,乌黑,16271
宇宙·地球,1,光·色,2,黑(形),20,黝黑,18455
宇宙·地球,1,光·色,2,黑(形),20,天青,32661
宇宙·地球,1,光·色,2,黑(形),20,焦黑,39917
宇宙·地球,1,光·色,2,黑(形),20,乌亮,54930
宇宙·地球,1,光·色,2,黑(形),20,黑油油,62282
宇宙·地球,1,光·色,2,黑(形),20,黑黢黢,63609
宇宙·地球,1,光·色,2,黑(形),20,乌溜溜,67136
宇宙·地球,1,光·色,2,黑(形),20,黑不溜秋,69699
宇宙·地球,1,光·色,2,黑(形),20,乌油油,72500
宇宙·地球,1,光·色,2,黑(形),20,黢黑,77419
宇宙·地球,1,光·色,2,黑(形),20,玄青,84022
宇宙·地球,1,光·色,2,五彩(名、形),21,五彩,10052
宇宙·地球,1,光·色,2,五彩(名、形),21,斑斓,16026
宇宙·地球,1,光·色,2,五彩(名、形),21,五彩缤纷,18150
宇宙·地球,1,光·色,2,五彩(名、形),21,五颜六色,18669
宇宙·地球,1,光·色,2,五彩(名、形),21,斑驳,22112
宇宙·地球,1,光·色,2,五彩(名、形),21,五色,22999
宇宙·地球,1,光·色,2,五彩(名、形),21,五光十色,23448
宇宙·地球,1,气象,4,气象·气候(一般)(名),1,天气,1288
宇宙·地球,1,气象,4,气象·气候(一般)(名),1,气象,1893
宇宙·地球,1,气象,4,气象·气候(一般)(名),1,气候,2102
宇宙·地球,1,气象,4,气象·气候(一般)(名),1,天候,15617
宇宙·地球,1,气象,4,气象·气候(一般)(名),1,小气候,37771
宇宙·地球,1,气象,4,气象·气候(一般)(名),1,物候,59771
宇宙·地球,1,气象,4,气象·气候(一般)(名),1,海洋性气候,66222
宇宙·地球,1,气象,4,气象·气候(一般)(名),1,大陆性气候,68032
宇宙·地球,1,气象,4,大气(名),2,空气,1639
宇宙·地球,1,气象,4,大气(名),2,大气,3210
宇宙·地球,1,气象,4,大气(名),2,气温,4137
宇宙·地球,1,气象,4,大气(名),2,高压,7027
宇宙·地球,1,气象,4,大气(名),2,气压,15621
宇宙·地球,1,气象,4,大气(名),2,大气层,18163
宇宙·地球,1,气象,4,大气(名),2,低压,20516
宇宙·地球,1,气象,4,大气(名),2,温室效应,31145
宇宙·地球,1,气象,4,大气(名),2,海市蜃楼,35950
宇宙·地球,1,气象,4,大气(名),2,气旋,36714
宇宙·地球,1,气象,4,大气(名),2,气团,49345
宇宙·地球,1,气象,4,气流(名),3,气流,12130
宇宙·地球,1,气象,4,气流(名),3,热浪,15690
宇宙·地球,1,气象,4,气流(名),3,寒流,23628
宇宙·地球,1,气象,4,气流(名),3,寒潮,42561
宇宙·地球,1,气象,4,风(名),4,风,349
宇宙·地球,1,气象,4,风(名),4,风力,5630
宇宙·地球,1,气象,4,风(名),4,东风,6167
宇宙·地球,1,气象,4,风(名),4,和风,6382
宇宙·地球,1,气象,4,风(名),4,风沙,9491
宇宙·地球,1,气象,4,风(名),4,上风,9535
宇宙·地球,1,气象,4,风(名),4,风向,9691
宇宙·地球,1,气象,4,风(名),4,清风,11903
宇宙·地球,1,气象,4,风(名),4,顺风,16832
宇宙·地球,1,气象,4,风(名),4,顶风,18255
宇宙·地球,1,气象,4,风(名),4,下风,20044
宇宙·地球,1,气象,4,风(名),4,西风,21457
宇宙·地球,1,气象,4,风(名),4,风速,22379
宇宙·地球,1,气象,4,风(名),4,季风,24067
宇宙·地球,1,气象,4,风(名),4,风寒,26043
宇宙·地球,1,气象,4,风(名),4,风口,28916
宇宙·地球,1,气象,4,风(名),4,疾风,30284
宇宙·地球,1,气象,4,风(名),4,逆风,38476
宇宙·地球,1,气象,4,风(名),4,朔风,43152
宇宙·地球,1,气象,4,风(名),4,信风,49451
宇宙·地球,1,气象,4,风(名),4,阴风,51526
宇宙·地球,1,气象,4,风(名),4,风色,64645
宇宙·地球,1,气象,4,风(名),4,熏风,71883
宇宙·地球,1,气象,4,风(名),4,过堂风,78089
宇宙·地球,1,气象,4,风暴·狂风(名),5,风暴,5002
宇宙·地球,1,气象,4,风暴·狂风(名),5,台风,6032
宇宙·地球,1,气象,4,风暴·狂风(名),5,狂风,10136
宇宙·地球,1,气象,4,风暴·狂风(名),5,旋风,11932
宇宙·地球,1,气象,4,风暴·狂风(名),5,龙卷风,26752
宇宙·地球,1,气象,4,风暴·狂风(名),5,羊角,31489
宇宙·地球,1,气象,4,风暴·狂风(名),5,狂飙,34883
宇宙·地球,1,气象,4,风暴·狂风(名),5,风雷,42172
宇宙·地球,1,气象,4,雨(名),9,雨,825
宇宙·地球,1,气象,4,雨(名),9,大雨,5616
宇宙·地球,1,气象,4,雨(名),9,小雨,6643
宇宙·地球,1,气象,4,雨(名),9,雨水,8131
宇宙·地球,1,气象,4,雨(名),9,降水,8288
宇宙·地球,1,气象,4,雨(名),9,雨量,10634
宇宙·地球,1,气象,4,雨(名),9,中雨,13040
宇宙·地球,1,气象,4,雨(名),9,雨点,18785
宇宙·地球,1,气象,4,雨(名),9,酸雨,23709
宇宙·地球,1,气象,4,雨(名),9,梅雨,37165
宇宙·地球,1,气象,4,雨(名),9,雨情,42310
宇宙·地球,1,气象,4,雨(名),9,雨幕,55940
宇宙·地球,1,气象,4,雨(名),9,雨脚,71650
宇宙·地球,1,气象,4,雨(名),9,雨意,72872
宇宙·地球,1,气象,4,小雨(名、形),10,蒙蒙,14472
宇宙·地球,1,气象,4,小雨(名、形),10,烟雨,33953
宇宙·地球,1,气象,4,小雨(名、形),10,潇潇,36104
宇宙·地球,1,气象,4,小雨(名、形),10,毛毛雨,52209
宇宙·地球,1,气象,4,大雨(名、形),11,暴雨,4015
宇宙·地球,1,气象,4,大雨(名、形),11,阵雨,10673
宇宙·地球,1,气象,4,大雨(名、形),11,雷阵雨,15539
宇宙·地球,1,气象,4,大雨(名、形),11,雷雨,17025
宇宙·地球,1,气象,4,大雨(名、形),11,倾盆,25216
宇宙·地球,1,气象,4,大雨(名、形),11,滂沱,31125
宇宙·地球,1,气象,4,大雨(名、形),11,霏霏,33950
宇宙·地球,1,气象,4,大雨(名、形),11,丰沛,43604
宇宙·地球,1,气象,4,大雨(名、形),11,透雨,58879
宇宙·地球,1,气象,4,喜雨·苦雨(名),12,甘霖,38104
宇宙·地球,1,气象,4,喜雨·苦雨(名),12,及时雨,38602
宇宙·地球,1,气象,4,喜雨·苦雨(名),12,苦雨,46693
宇宙·地球,1,气象,4,喜雨·苦雨(名),12,喜雨,57381
宇宙·地球,1,气象,4,喜雨·苦雨(名),12,淫雨,59730
宇宙·地球,1,气象,4,喜雨·苦雨(名),12,甘雨,62223
宇宙·地球,1,气象,4,喜雨·苦雨(名),12,霖雨,74151
宇宙·地球,1,气象,4,雷·闪电(名、动),13,雷,963
宇宙·地球,1,气象,4,雷·闪电(名、动),13,闪,1320
宇宙·地球,1,气象,4,雷·闪电(名、动),13,闪电,9247
宇宙·地球,1,气象,4,雷·闪电(名、动),13,霹雳,19019
宇宙·地球,1,气象,4,雷·闪电(名、动),13,雷霆,19474
宇宙·地球,1,气象,4,雷·闪电(名、动),13,雷电,19996
宇宙·地球,1,气象,4,雷·闪电(名、动),13,雷击,23391
宇宙·地球,1,气象,4,雷·闪电(名、动),13,打雷,36350
宇宙·地球,1,气象,4,雷·闪电(名、动),13,雷暴,40530
宇宙·地球,1,气象,4,雷·闪电(名、动),13,炸雷,50177
宇宙·地球,1,气象,4,雷·闪电(名、动),13,闷雷,53174
宇宙·地球,1,气象,4,雷·闪电(名、动),13,打闪,69238
宇宙·地球,1,气象,4,霜·露(名),14,露,990
宇宙·地球,1,气象,4,霜·露(名),14,霜,2349
宇宙·地球,1,气象,4,霜·露(名),14,露珠,28686
宇宙·地球,1,气象,4,霜·露(名),14,霜冻,41484
宇宙·地球,1,气象,4,霜·露(名),14,早霜,69107
宇宙·地球,1,气象,4,雪·霰·冰·雹(名),15,雪,966
宇宙·地球,1,气象,4,雪·霰·冰·雹(名),15,冰,1055
宇宙·地球,1,气象,4,雪·霰·冰·雹(名),15,雹,3420
宇宙·地球,1,气象,4,雪·霰·冰·雹(名),15,雪花,11633
宇宙·地球,1,气象,4,雪·霰·冰·雹(名),15,瑞雪,28727
宇宙·地球,1,气象,4,雪·霰·冰·雹(名),15,雪片,28892
宇宙·地球,1,气象,4,雪·霰·冰·雹(名),15,冰凌,41119
宇宙·地球,1,气象,4,雪·霰·冰·雹(名),15,雾凇,52154
宇宙·地球,1,气象,4,雪·霰·冰·雹(名),15,冰晶,55640
宇宙·地球,1,气象,4,雪·霰·冰·雹(名),15,树挂,55734
宇宙·地球,1,气象,4,雪·霰·冰·雹(名),15,冰排,72363
宇宙·地球,1,气象,4,云·雾(名),18,云,698
宇宙·地球,1,气象,4,云·雾(名),18,雾,1897
宇宙·地球,1,气象,4,云·雾(名),18,烟雾,10074
宇宙·地球,1,气象,4,云·雾(名),18,乌云,12433
宇宙·地球,1,气象,4,云·雾(名),18,云雾,17368
宇宙·地球,1,气象,4,云·雾(名),18,云彩,20467
宇宙·地球,1,气象,4,云·雾(名),18,云层,20664
宇宙·地球,1,气象,4,云·雾(名),18,迷雾,21689
宇宙·地球,1,气象,4,云·雾(名),18,阴云,22716
宇宙·地球,1,气象,4,云·雾(名),18,彩云,25589
宇宙·地球,1,气象,4,云·雾(名),18,云霞,26084
宇宙·地球,1,气象,4,云·雾(名),18,云海,30939
宇宙·地球,1,气象,4,云·雾(名),18,云烟,31991
宇宙·地球,1,气象,4,云·雾(名),18,云端,34440
宇宙·地球,1,气象,4,云·雾(名),18,雾霭,42619
宇宙·地球,1,气象,4,云·雾(名),18,暮霭,46340
宇宙·地球,1,气象,4,云·雾(名),18,云气,47484
宇宙·地球,1,气象,4,云·雾(名),18,烟霞,53605
宇宙·地球,1,气象,4,云·雾(名),18,云头,62299
宇宙·地球,1,气象,4,云·雾(名),18,彤云,65547
宇宙·地球,1,气象,4,云·雾(名),18,积云,66572
宇宙·地球,1,气象,4,云·雾(名),18,云翳,67916
宇宙·地球,1,气象,4,云·雾(名),18,山岚,69284
宇宙·地球,1,气象,4,云·雾(名),18,烟霭,70694
宇宙·地球,1,气象,4,云·雾(名),18,火烧云,72227
宇宙·地球,1,气象,4,虹·霞(名),19,霞,1977
宇宙·地球,1,气象,4,虹·霞(名),19,虹,2192
宇宙·地球,1,气象,4,虹·霞(名),19,晚霞,21432
宇宙·地球,1,气象,4,虹·霞(名),19,朝霞,27161
宇宙·地球,1,气象,4,虹·霞(名),19,彩霞,30059
宇宙·地球,1,气象,4,虹·霞(名),19,彤云,65547
宇宙·地球,1,气象,4,晴·阴(形),21,阴,1218
宇宙·地球,1,气象,4,晴·阴(形),21,晴,1621
宇宙·地球,1,气象,4,晴·阴(形),21,阴沉,12771
宇宙·地球,1,气象,4,晴·阴(形),21,晴朗,14953
宇宙·地球,1,气象,4,晴·阴(形),21,爽朗,19044
宇宙·地球,1,气象,4,晴·阴(形),21,阴霾,23529
宇宙·地球,1,气象,4,晴·阴(形),21,阴冷,28168
宇宙·地球,1,气象,4,晴·阴(形),21,清朗,37904
宇宙·地球,1,气象,4,晴·阴(形),21,晴和,63355
宇宙·地球,1,气象,4,晴·阴(形),21,响晴,76667
宇宙·地球,1,气象,4,暖和(形、动),22,暖,1429
宇宙·地球,1,气象,4,暖和(形、动),22,温暖,3068
宇宙·地球,1,气象,4,暖和(形、动),22,温和,5414
宇宙·地球,1,气象,4,暖和(形、动),22,暖和,11738
宇宙·地球,1,气象,4,暖和(形、动),22,和暖,31202
宇宙·地球,1,气象,4,暖和(形、动),22,和煦,31264
宇宙·地球,1,气象,4,暖和(形、动),22,回暖,33477
宇宙·地球,1,气象,4,暖和(形、动),22,温润,42391
宇宙·地球,1,气象,4,暖和(形、动),22,和畅,44148
宇宙·地球,1,气象,4,暖和(形、动),22,暖烘烘,50361
宇宙·地球,1,气象,4,暖和(形、动),22,温煦,50590
宇宙·地球,1,气象,4,炎热(形、名),23,热,498
宇宙·地球,1,气象,4,炎热(形、名),23,炎,1628
宇宙·地球,1,气象,4,炎热(形、名),23,暑,2337
宇宙·地球,1,气象,4,炎热(形、名),23,炎热,10359
宇宙·地球,1,气象,4,炎热(形、名),23,火热,11117
宇宙·地球,1,气象,4,炎热(形、名),23,酷暑,12973
宇宙·地球,1,气象,4,炎热(形、名),23,炽热,17269
宇宙·地球,1,气象,4,炎热(形、名),23,闷热,18122
宇宙·地球,1,气象,4,炎热(形、名),23,酷热,20920
宇宙·地球,1,气象,4,炎热(形、名),23,灼热,22963
宇宙·地球,1,气象,4,炎热(形、名),23,火辣辣,31639
宇宙·地球,1,气象,4,炎热(形、名),23,暑热,36859
宇宙·地球,1,气象,4,炎热(形、名),23,暑气,43820
宇宙·地球,1,气象,4,炎热(形、名),23,溽暑,68227
宇宙·地球,1,气象,4,凉爽(形),24,凉,1570
宇宙·地球,1,气象,4,凉爽(形),24,清新,6796
宇宙·地球,1,气象,4,凉爽(形),24,清凉,13571
宇宙·地球,1,气象,4,凉爽(形),24,凉爽,17014
宇宙·地球,1,气象,4,凉爽(形),24,清爽,18812
宇宙·地球,1,气象,4,凉爽(形),24,凉快,30311
宇宙·地球,1,气象,4,凉爽(形),24,清冷,30885
宇宙·地球,1,气象,4,凉爽(形),24,阴凉,34128
宇宙·地球,1,气象,4,凉爽(形),24,风凉,39585
宇宙·地球,1,气象,4,凉爽(形),24,荫凉,46720
宇宙·地球,1,气象,4,凉爽(形),24,凉飕飕,64355
宇宙·地球,1,气象,4,凉爽(形),24,凉丝丝,70312
宇宙·地球,1,气象,4,寒冷(形),25,冷,800
宇宙·地球,1,气象,4,寒冷(形),25,寒,1367
宇宙·地球,1,气象,4,寒冷(形),25,凄,2639
宇宙·地球,1,气象,4,寒冷(形),25,寒冷,6570
宇宙·地球,1,气象,4,寒冷(形),25,冰冷,9811
宇宙·地球,1,气象,4,寒冷(形),25,严寒,10670
宇宙·地球,1,气象,4,寒冷(形),25,高寒,13700
宇宙·地球,1,气象,4,寒冷(形),25,刺骨,21889
宇宙·地球,1,气象,4,寒冷(形),25,凛冽,22971
宇宙·地球,1,气象,4,寒冷(形),25,凛凛,24465
宇宙·地球,1,气象,4,寒冷(形),25,阴冷,28168
宇宙·地球,1,气象,4,寒冷(形),25,苦寒,33711
宇宙·地球,1,气象,4,寒冷(形),25,料峭,35486
宇宙·地球,1,气象,4,寒冷(形),25,凄清,40364
宇宙·地球,1,气象,4,寒冷(形),25,清寒,51339
宇宙·地球,1,气象,4,寒冷(形),25,酷寒,56781
宇宙·地球,1,气象,4,寒冷(形),25,冷飕飕,59513
宇宙·地球,1,气象,4,寒冷(形),25,干冷,64269
宇宙·地球,1,气象,4,寒冷(形),25,冷森森,67112
宇宙·地球,1,气象,4,寒冷(形),25,冷峭,69910
宇宙·地球,1,气象,4,寒冷(形),25,冷丝丝,89717
宇宙·地球,1,气象,4,干·湿(形),26,干,226
宇宙·地球,1,气象,4,干·湿(形),26,潮,1196
宇宙·地球,1,气象,4,干·湿(形),26,润,1416
宇宙·地球,1,气象,4,干·湿(形),26,湿,1549
宇宙·地球,1,气象,4,干·湿(形),26,燥,2534
宇宙·地球,1,气象,4,干·湿(形),26,干旱,4913
宇宙·地球,1,气象,4,干·湿(形),26,干燥,8724
宇宙·地球,1,气象,4,干·湿(形),26,潮湿,9641
宇宙·地球,1,气象,4,干·湿(形),26,湿润,11834
宇宙·地球,1,气象,4,干·湿(形),26,滋润,13950
宇宙·地球,1,气象,4,干·湿(形),26,湿漉漉,23443
宇宙·地球,1,气象,4,干·湿(形),26,干巴,29140
宇宙·地球,1,气象,4,干·湿(形),26,润泽,32578
宇宙·地球,1,气象,4,干·湿(形),26,干巴巴,34671
宇宙·地球,1,气象,4,干·湿(形),26,湿淋淋,38672
宇宙·地球,1,气象,4,干·湿(形),26,干松,73368
宇宙·地球,1,气象,4,测候(动、名),27,天气预报,4438
宇宙·地球,1,气象,4,测候(动、名),27,气象台,5814
宇宙·地球,1,时间,8,时间(名),1,时,32
宇宙·地球,1,时间,8,时间(名),1,时间,75
宇宙·地球,1,时间,8,时间(名),1,时候,94
宇宙·地球,1,时间,8,时间(名),1,日子,1089
宇宙·地球,1,时间,8,时间(名),1,时刻,1523
宇宙·地球,1,时间,8,时间(名),1,岁月,3560
宇宙·地球,1,时间,8,时间(名),1,时光,5374
宇宙·地球,1,时间,8,时间(名),1,天时,5419
宇宙·地球,1,时间,8,时间(名),1,工夫,5483
宇宙·地球,1,时间,8,时间(名),1,时分,6066
宇宙·地球,1,时间,8,时间(名),1,年华,8898
宇宙·地球,1,时间,8,时间(名),1,时日,9866
宇宙·地球,1,时间,8,时间(名),1,早晚,10729
宇宙·地球,1,时间,8,时间(名),1,年月,12003
宇宙·地球,1,时间,8,时间(名),1,光阴,15683
宇宙·地球,1,时间,8,时间(名),1,韶华,21467
宇宙·地球,1,时间,8,时间(名),1,年光,23565
宇宙·地球,1,时间,8,时间(名),1,流光,25163
宇宙·地球,1,时间,8,时间(名),1,流年,38105
宇宙·地球,1,时间,8,时间(名),1,韶光,64367
宇宙·地球,1,时间,8,时期(名),2,期,251
宇宙·地球,1,时间,8,时期(名),2,长期,413
宇宙·地球,1,时间,8,时期(名),2,时期,415
宇宙·地球,1,时间,8,时期(名),2,同期,1178
宇宙·地球,1,时间,8,时期(名),2,短期,2848
宇宙·地球,1,时间,8,时期(名),2,初期,2884
宇宙·地球,1,时间,8,时期(名),2,早期,3071
宇宙·地球,1,时间,8,时期(名),2,中期,3935
宇宙·地球,1,时间,8,时期(名),2,后期,4131
宇宙·地球,1,时间,8,时期(名),2,前期,5160
宇宙·地球,1,时间,8,时期(名),2,晚期,9746
宇宙·地球,1,时间,8,时期(名),2,末期,11127
宇宙·地球,1,时间,8,时代(名),3,现代,181
宇宙·地球,1,时间,8,时代(名),3,代,201
宇宙·地球,1,时间,8,时代(名),3,今,218
宇宙·地球,1,时间,8,时代(名),3,世,244
宇宙·地球,1,时间,8,时代(名),3,年代,421
宇宙·地球,1,时间,8,时代(名),3,时代,453
宇宙·地球,1,时间,8,时代(名),3,古,611
宇宙·地球,1,时间,8,时代(名),3,古代,1555
宇宙·地球,1,时间,8,时代(名),3,当代,1704
宇宙·地球,1,时间,8,时代(名),3,年间,2004
宇宙·地球,1,时间,8,时代(名),3,近代,2882
宇宙·地球,1,时间,8,时代(名),3,后代,4665
宇宙·地球,1,时间,8,时代(名),3,世代,6499
宇宙·地球,1,时间,8,时代(名),3,中叶,10541
宇宙·地球,1,时间,8,时代(名),3,年月,12003
宇宙·地球,1,时间,8,时代(名),3,远古,13504
宇宙·地球,1,时间,8,时代(名),3,史前,15481
宇宙·地球,1,时间,8,时代(名),3,中古,17015
宇宙·地球,1,时间,8,时代(名),3,上古,18599
宇宙·地球,1,时间,8,时代(名),3,时世,23092
宇宙·地球,1,时间,8,时代(名),3,太古,28075
宇宙·地球,1,时间,8,时代(名),3,末叶,37776
宇宙·地球,1,时间,8,时代(名),3,近古,38813
宇宙·地球,1,时间,8,时代(名),3,末世,41196
宇宙·地球,1,时间,8,时代(名),3,洪荒,45968
宇宙·地球,1,时间,8,时代(名),3,年头儿,49917
宇宙·地球,1,时间,8,过去(名),6,以来,132
宇宙·地球,1,时间,8,过去(名),6,过去,183
宇宙·地球,1,时间,8,过去(名),6,当时,298
宇宙·地球,1,时间,8,过去(名),6,日前,520
宇宙·地球,1,时间,8,过去(名),6,当年,974
宇宙·地球,1,时间,8,过去(名),6,刚才,1921
宇宙·地球,1,时间,8,过去(名),6,以往,1946
宇宙·地球,1,时间,8,过去(名),6,昔,2276
宇宙·地球,1,时间,8,过去(名),6,顷,2475
宇宙·地球,1,时间,8,过去(名),6,从前,2835
宇宙·地球,1,时间,8,过去(名),6,一向,2979
宇宙·地球,1,时间,8,过去(名),6,当初,3245
宇宙·地球,1,时间,8,过去(名),6,原先,3758
宇宙·地球,1,时间,8,过去(名),6,往年,5748
宇宙·地球,1,时间,8,过去(名),6,往日,6237
宇宙·地球,1,时间,8,过去(名),6,旧时,6393
宇宙·地球,1,时间,8,过去(名),6,早年,6794
宇宙·地球,1,时间,8,过去(名),6,先前,6868
宇宙·地球,1,时间,8,过去(名),6,往常,9019
宇宙·地球,1,时间,8,过去(名),6,方才,9195
宇宙·地球,1,时间,8,过去(名),6,往昔,18100
宇宙·地球,1,时间,8,过去(名),6,适才,21802
宇宙·地球,1,时间,8,过去(名),6,旧日,23273
宇宙·地球,1,时间,8,过去(名),6,有生以来,27452
宇宙·地球,1,时间,8,过去(名),6,昔年,34915
宇宙·地球,1,时间,8,现在(名),7,目前,32
宇宙·地球,1,时间,8,现在(名),7,现在,41
宇宙·地球,1,时间,8,现在(名),7,今天,59
宇宙·地球,1,时间,8,现在(名),7,现,60
宇宙·地球,1,时间,8,现在(名),7,今,218
宇宙·地球,1,时间,8,现在(名),7,当前,668
宇宙·地球,1,时间,8,现在(名),7,如今,750
宇宙·地球,1,时间,8,现在(名),7,当今,2139
宇宙·地球,1,时间,8,现在(名),7,眼下,4062
宇宙·地球,1,时间,8,现在(名),7,而今,5036
宇宙·地球,1,时间,8,现在(名),7,现时,7850
宇宙·地球,1,时间,8,现在(名),7,现今,8097
宇宙·地球,1,时间,8,现在(名),7,现下,14484
宇宙·地球,1,时间,8,现在(名),7,今朝,21189
宇宙·地球,1,时间,8,现在(名),7,刻下,27593
宇宙·地球,1,时间,8,将来(名),8,未来,548
宇宙·地球,1,时间,8,将来(名),8,今后,616
宇宙·地球,1,时间,8,将来(名),8,明天,1399
宇宙·地球,1,时间,8,将来(名),8,将来,1532
宇宙·地球,1,时间,8,将来(名),8,日内,2693
宇宙·地球,1,时间,8,将来(名),8,过后,3648
宇宙·地球,1,时间,8,将来(名),8,日后,5156
宇宙·地球,1,时间,8,将来(名),8,往后,6731
宇宙·地球,1,时间,8,将来(名),8,早晚,10729
宇宙·地球,1,时间,8,将来(名),8,来日,12459
宇宙·地球,1,时间,8,将来(名),8,有朝一日,16503
宇宙·地球,1,时间,8,将来(名),8,他日,17871
宇宙·地球,1,时间,8,将来(名),8,改天,27688
宇宙·地球,1,时间,8,将来(名),8,不日,34786
宇宙·地球,1,时间,8,将来(名),8,异日,59773
宇宙·地球,1,时间,8,古来(名),9,古往今来,22571
宇宙·地球,1,时间,8,古来(名),9,亘古,26477
宇宙·地球,1,时间,8,古来(名),9,古来,28542
宇宙·地球,1,时间,8,古来(名),9,开天辟地,35497
宇宙·地球,1,时间,8,古来(名),9,旷古,56671
宇宙·地球,1,时间,8,近来(名),10,新,97
宇宙·地球,1,时间,8,近来(名),10,年来,115
宇宙·地球,1,时间,8,近来(名),10,最近,447
宇宙·地球,1,时间,8,近来(名),10,近日,839
宇宙·地球,1,时间,8,近来(名),10,近来,3234
宇宙·地球,1,时间,8,近来(名),10,日来,4363
宇宙·地球,1,时间,8,近来(名),10,新近,6678
宇宙·地球,1,时间,8,近来(名),10,晚近,42741
宇宙·地球,1,时间,8,当天·同时(名),11,同时,50
宇宙·地球,1,时间,8,当天·同时(名),11,当天,653
宇宙·地球,1,时间,8,当天·同时(名),11,连夜,8833
宇宙·地球,1,时间,8,当天·同时(名),11,即日,12765
宇宙·地球,1,时间,8,平时·日常(名、形、副),12,经常,758
宇宙·地球,1,时间,8,平时·日常(名、形、副),12,平时,2192
宇宙·地球,1,时间,8,平时·日常(名、形、副),12,日常,2268
宇宙·地球,1,时间,8,平时·日常(名、形、副),12,平常,3879
宇宙·地球,1,时间,8,平时·日常(名、形、副),12,平日,6136
宇宙·地球,1,时间,8,平时·日常(名、形、副),12,平生,11375
宇宙·地球,1,时间,8,平时·日常(名、形、副),12,平素,23020
宇宙·地球,1,时间,8,平时·日常(名、形、副),12,素常,58694
宇宙·地球,1,时间,8,短时间(名),13,一下,330
宇宙·地球,1,时间,8,短时间(名),13,不久,656
宇宙·地球,1,时间,8,短时间(名),13,一时,1130
宇宙·地球,1,时间,8,短时间(名),13,一阵,1260
宇宙·地球,1,时间,8,短时间(名),13,一会儿,1264
宇宙·地球,1,时间,8,短时间(名),13,一旦,1267
宇宙·地球,1,时间,8,短时间(名),13,一刻,4296
宇宙·地球,1,时间,8,短时间(名),13,片刻,4829
宇宙·地球,1,时间,8,短时间(名),13,一瞬,6932
宇宙·地球,1,时间,8,短时间(名),13,刹那,8480
宇宙·地球,1,时间,8,短时间(名),13,一刹那,13246
宇宙·地球,1,时间,8,短时间(名),13,顷刻,14095
宇宙·地球,1,时间,8,短时间(名),13,朝夕,14923
宇宙·地球,1,时间,8,短时间(名),13,一瞥,16232
宇宙·地球,1,时间,8,短时间(名),13,瞬息,19160
宇宙·地球,1,时间,8,短时间(名),13,旦夕,25249
宇宙·地球,1,时间,8,短时间(名),13,须臾,28732
宇宙·地球,1,时间,8,短时间(名),13,分秒,30243
宇宙·地球,1,时间,8,短时间(名),13,俄而,57980
宇宙·地球,1,时间,8,短时间(名),13,有顷,67022
宇宙·地球,1,时间,8,短时间(名),13,寸阴,70025
宇宙·地球,1,时间,8,时间短(形、副),14,短,811
宇宙·地球,1,时间,8,时间短(形、副),14,旋,1648
宇宙·地球,1,时间,8,时间短(形、副),14,回头,2832
宇宙·地球,1,时间,8,时间短(形、副),14,短暂,4964
宇宙·地球,1,时间,8,时间短(形、副),14,转眼,10094
宇宙·地球,1,时间,8,时间短(形、副),14,眨眼,10694
宇宙·地球,1,时间,8,时间短(形、副),14,急促,12650
宇宙·地球,1,时间,8,时间短(形、副),14,一晃,16426
宇宙·地球,1,时间,8,时间短(形、副),14,霎时,17946
宇宙·地球,1,时间,8,时间短(形、副),14,转瞬,19950
宇宙·地球,1,时间,8,时间短(形、副),14,短促,20813
宇宙·地球,1,时间,8,时间短(形、副),14,局促,24450
宇宙·地球,1,时间,8,时间短(形、副),14,弹指,26223
宇宙·地球,1,时间,8,时间短(形、副),14,转脸,27909
宇宙·地球,1,时间,8,时间短(形、副),14,一霎,31228
宇宙·地球,1,时间,8,时间短(形、副),14,倏忽,37360
宇宙·地球,1,时间,8,时间短(形、副),14,既而,56327
宇宙·地球,1,时间,8,长时间(名),15,一阵,1260
宇宙·地球,1,时间,8,长时间(名),15,半天,3508
宇宙·地球,1,时间,8,长时间(名),15,多时,4421
宇宙·地球,1,时间,8,长时间(名),15,连日,5519
宇宙·地球,1,时间,8,长时间(名),15,连年,7458
宇宙·地球,1,时间,8,长时间(名),15,历年,7778
宇宙·地球,1,时间,8,长时间(名),15,连夜,8833
宇宙·地球,1,时间,8,长时间(名),15,许久,12020
宇宙·地球,1,时间,8,长时间(名),15,有年,13799
宇宙·地球,1,时间,8,长时间(名),15,累年,81898
宇宙·地球,1,时间,8,时间长(形、副),16,久,675
宇宙·地球,1,时间,8,时间长(形、副),16,永,803
宇宙·地球,1,时间,8,时间长(形、副),16,永远,959
宇宙·地球,1,时间,8,时间长(形、副),16,长远,2736
宇宙·地球,1,时间,8,时间长(形、副),16,永久,4021
宇宙·地球,1,时间,8,时间长(形、副),16,遥远,4298
宇宙·地球,1,时间,8,时间长(形、副),16,逐年,4408
宇宙·地球,1,时间,8,时间长(形、副),16,悠久,4439
宇宙·地球,1,时间,8,时间长(形、副),16,漫长,4623
宇宙·地球,1,时间,8,时间长(形、副),16,永恒,5298
宇宙·地球,1,时间,8,时间长(形、副),16,长久,5366
宇宙·地球,1,时间,8,时间长(形、副),16,久久,8166
宇宙·地球,1,时间,8,时间长(形、副),16,悠悠,9317
宇宙·地球,1,时间,8,时间长(形、副),16,久远,12356
宇宙·地球,1,时间,8,时间长(形、副),16,遥遥,12806
宇宙·地球,1,时间,8,时间长(形、副),16,良久,14516
宇宙·地球,1,时间,8,时间长(形、副),16,漫漫,14632
宇宙·地球,1,时间,8,时间长(形、副),16,经久,16239
宇宙·地球,1,时间,8,时间长(形、副),16,逐月,20666
宇宙·地球,1,时间,8,时间长(形、副),16,悠长,25280
宇宙·地球,1,时间,8,时间长(形、副),16,永世,28740
宇宙·地球,1,时间,8,时间长(形、副),16,悠远,30191
宇宙·地球,1,时间,8,时间长(形、副),16,逐日,30484
宇宙·地球,1,时间,8,时间长(形、副),16,长年累月,35711
宇宙·地球,1,时间,8,时间长(形、副),16,恒久,37879
宇宙·地球,1,时间,8,时间长(形、副),16,天长地久,40856
宇宙·地球,1,时间,8,时间长(形、副),16,日久天长,53092
宇宙·地球,1,时间,8,时间长(形、副),16,海枯石烂,59223
宇宙·地球,1,时间,8,时间长(形、副),16,天荒地老,76970
宇宙·地球,1,时间,8,长远时间(名),17,百年,1764
宇宙·地球,1,时间,8,长远时间(名),17,万年,4388
宇宙·地球,1,时间,8,长远时间(名),17,千古,10009
宇宙·地球,1,时间,8,长远时间(名),17,万岁,11114
宇宙·地球,1,时间,8,长远时间(名),17,千秋,11681
宇宙·地球,1,时间,8,长远时间(名),17,万古,23185
宇宙·地球,1,时间,8,长远时间(名),17,万世,31698
宇宙·地球,1,时间,8,长远时间(名),17,亿万斯年,76880
宇宙·地球,1,计时,9,历法(名),1,闰,3485
宇宙·地球,1,计时,9,历法(名),1,大年,7642
宇宙·地球,1,计时,9,历法(名),1,农历,10173
宇宙·地球,1,计时,9,历法(名),1,大建,12656
宇宙·地球,1,计时,9,历法(名),1,藏历,19563
宇宙·地球,1,计时,9,历法(名),1,小年,22395
宇宙·地球,1,计时,9,历法(名),1,历法,26928
宇宙·地球,1,计时,9,历法(名),1,平年,30047
宇宙·地球,1,计时,9,历法(名),1,阴历,31366
宇宙·地球,1,计时,9,历法(名),1,阳历,36195
宇宙·地球,1,计时,9,历法(名),1,小月,36240
宇宙·地球,1,计时,9,历法(名),1,公历,39107
宇宙·地球,1,计时,9,历法(名),1,西历,39718
宇宙·地球,1,计时,9,历法(名),1,大月,40990
宇宙·地球,1,计时,9,历法(名),1,闰年,56031
宇宙·地球,1,计时,9,历法(名),1,闰月,60390
宇宙·地球,1,计时,9,历法(名),1,平月,81243
宇宙·地球,1,计时,9,历书(名),2,年历,5098
宇宙·地球,1,计时,9,历书(名),2,挂历,19178
宇宙·地球,1,计时,9,历书(名),2,台历,47229
宇宙·地球,1,计时,9,历书(名),2,历书,47445
宇宙·地球,1,计时,9,历书(名),2,月历,54758
宇宙·地球,1,计时,9,历书(名),2,万年历,58815
宇宙·地球,1,计时,9,纪年(名),3,世纪,241
宇宙·地球,1,计时,9,纪年(名),3,年代,421
宇宙·地球,1,计时,9,纪年(名),3,公元,3312
宇宙·地球,1,计时,9,纪年(名),3,地支,8779
宇宙·地球,1,计时,9,纪年(名),3,元年,13353
宇宙·地球,1,计时,9,纪年(名),3,纪元,13882
宇宙·地球,1,计时,9,纪年(名),3,年号,26576
宇宙·地球,1,计时,9,纪年(名),3,纪年,27018
宇宙·地球,1,计时,9,纪年(名),3,天干,28152
宇宙·地球,1,计时,9,纪年(名),3,干支,29888
宇宙·地球,1,计时,9,纪年(名),3,甲子,35093
宇宙·地球,1,计时,9,年(名),4,年,26
宇宙·地球,1,计时,9,年(名),4,今年,49
宇宙·地球,1,计时,9,年(名),4,去年,111
宇宙·地球,1,计时,9,年(名),4,岁,541
宇宙·地球,1,计时,9,年(名),4,春,691
宇宙·地球,1,计时,9,年(名),4,周年,911
宇宙·地球,1,计时,9,年(名),4,年底,925
宇宙·地球,1,计时,9,年(名),4,当年,974
宇宙·地球,1,计时,9,年(名),4,载,993
宇宙·地球,1,计时,9,年(名),4,秋,1072
宇宙·地球,1,计时,9,年(名),4,明年,1104
宇宙·地球,1,计时,9,年(名),4,年初,1326
宇宙·地球,1,计时,9,年(名),4,年度,1489
宇宙·地球,1,计时,9,年(名),4,年年,1895
宇宙·地球,1,计时,9,年(名),4,成年,2724
宇宙·地球,1,计时,9,年(名),4,年下,3126
宇宙·地球,1,计时,9,年(名),4,春秋,4606
宇宙·地球,1,计时,9,年(名),4,过年,5622
宇宙·地球,1,计时,9,年(名),4,前年,5931
宇宙·地球,1,计时,9,年(名),4,年终,8868
宇宙·地球,1,计时,9,年(名),4,年份,12339
宇宙·地球,1,计时,9,年(名),4,寒暑,20694
宇宙·地球,1,计时,9,年(名),4,年关,20708
宇宙·地球,1,计时,9,年(名),4,翌年,23584
宇宙·地球,1,计时,9,年(名),4,后年,23605
宇宙·地球,1,计时,9,年(名),4,头年,37884
宇宙·地球,1,计时,9,年(名),4,残年,44813
宇宙·地球,1,计时,9,年(名),4,年头儿,49917
宇宙·地球,1,计时,9,年(名),4,去岁,50989
宇宙·地球,1,计时,9,年(名),4,岁首,52604
宇宙·地球,1,计时,9,年(名),4,旧年,53982
宇宙·地球,1,计时,9,年(名),4,转年,56551
宇宙·地球,1,计时,9,年(名),4,岁暮,57425
宇宙·地球,1,计时,9,年(名),4,大前年,63287
宇宙·地球,1,计时,9,季(名),5,春,691
宇宙·地球,1,计时,9,季(名),5,季,991
宇宙·地球,1,计时,9,季(名),5,夏,1022
宇宙·地球,1,计时,9,季(名),5,秋,1072
宇宙·地球,1,计时,9,季(名),5,冬,1158
宇宙·地球,1,计时,9,季(名),5,季度,1739
宇宙·地球,1,计时,9,季(名),5,仲,1914
宇宙·地球,1,计时,9,季(名),5,孟,1964
宇宙·地球,1,计时,9,季(名),5,四季,4822
宇宙·地球,1,计时,9,季(名),5,新春,6166
宇宙·地球,1,计时,9,季(名),5,金秋,13423
宇宙·地球,1,计时,9,季(名),5,四时,15583
宇宙·地球,1,计时,9,季(名),5,阳春,17921
宇宙·地球,1,计时,9,季(名),5,寒冬,19379
宇宙·地球,1,计时,9,季(名),5,早春,21257
宇宙·地球,1,计时,9,季(名),5,严冬,22071
宇宙·地球,1,计时,9,季(名),5,开春,24364
宇宙·地球,1,计时,9,季(名),5,仲夏,30417
宇宙·地球,1,计时,9,季(名),5,暮春,39036
宇宙·地球,1,计时,9,季(名),5,仲春,39411
宇宙·地球,1,计时,9,季(名),5,晚秋,40365
宇宙·地球,1,计时,9,季(名),5,三夏,42836
宇宙·地球,1,计时,9,季(名),5,仲秋,49640
宇宙·地球,1,计时,9,季(名),5,暑天,50815
宇宙·地球,1,计时,9,季(名),5,三秋,51191
宇宙·地球,1,计时,9,季(名),5,孟春,60328
宇宙·地球,1,计时,9,季(名),5,仲冬,65771
宇宙·地球,1,计时,9,季(名),5,残冬,70724
宇宙·地球,1,计时,9,季(名),5,炎暑,73317
宇宙·地球,1,计时,9,季(名),5,孟秋,76049
宇宙·地球,1,计时,9,季(名),5,孟夏,77223
宇宙·地球,1,计时,9,季(名),5,孟冬,81171
宇宙·地球,1,计时,9,月(名),6,月,85
宇宙·地球,1,计时,9,月(名),6,月份,872
宇宙·地球,1,计时,9,月(名),6,月底,1609
宇宙·地球,1,计时,9,月(名),6,月中,2248
宇宙·地球,1,计时,9,月(名),6,月初,2289
宇宙·地球,1,计时,9,月(名),6,正月,10464
宇宙·地球,1,计时,9,月(名),6,当月,12336
宇宙·地球,1,计时,9,月(名),6,腊月,16704
宇宙·地球,1,计时,9,月(名),6,月度,22694
宇宙·地球,1,计时,9,月(名),6,小春,33885
宇宙·地球,1,计时,9,月(名),6,月半,50465
宇宙·地球,1,计时,9,月(名),6,冬月,61584
宇宙·地球,1,计时,9,月(名),6,月头儿,67713
宇宙·地球,1,计时,9,月(名),6,小阳春,68578
宇宙·地球,1,计时,9,旬(名),7,旬,1890
宇宙·地球,1,计时,9,旬(名),7,中旬,3416
宇宙·地球,1,计时,9,旬(名),7,下旬,4705
宇宙·地球,1,计时,9,旬(名),7,上旬,8791
宇宙·地球,1,计时,9,星期(名),8,周,426
宇宙·地球,1,计时,9,星期(名),8,星期,1376
宇宙·地球,1,计时,9,星期(名),8,周末,4092
宇宙·地球,1,计时,9,星期(名),8,礼拜,8090
宇宙·地球,1,计时,9,星期(名),8,星期日,10138
宇宙·地球,1,计时,9,日(名),9,日,53
宇宙·地球,1,计时,9,日(名),9,今天,59
宇宙·地球,1,计时,9,日(名),9,天,64
宇宙·地球,1,计时,9,日(名),9,当天,653
宇宙·地球,1,计时,9,日(名),9,朝,804
宇宙·地球,1,计时,9,日(名),9,日子,1089
宇宙·地球,1,计时,9,日(名),9,今日,1360
宇宙·地球,1,计时,9,日(名),9,昨天,1378
宇宙·地球,1,计时,9,日(名),9,明天,1399
宇宙·地球,1,计时,9,日(名),9,日期,2899
宇宙·地球,1,计时,9,日(名),9,半天,3508
宇宙·地球,1,计时,9,日(名),9,整天,4747
宇宙·地球,1,计时,9,日(名),9,次日,6090
宇宙·地球,1,计时,9,日(名),9,后天,9512
宇宙·地球,1,计时,9,日(名),9,半晌,10362
宇宙·地球,1,计时,9,日(名),9,前天,11422
宇宙·地球,1,计时,9,日(名),9,终日,11808
宇宙·地球,1,计时,9,日(名),9,即日,12765
宇宙·地球,1,计时,9,日(名),9,一天到晚,18046
宇宙·地球,1,计时,9,日(名),9,翌日,20521
宇宙·地球,1,计时,9,日(名),9,今朝,21189
宇宙·地球,1,计时,9,日(名),9,成日,23895
宇宙·地球,1,计时,9,日(名),9,头天,24370
宇宙·地球,1,计时,9,日(名),9,间日,32396
宇宙·地球,1,计时,9,日(名),9,明后天,54029
宇宙·地球,1,计时,9,日(名),9,大前天,66636
宇宙·地球,1,计时,9,日(名),9,大后天,67731
宇宙·地球,1,计时,9,黎明·早晨(名),10,早,477
宇宙·地球,1,计时,9,黎明·早晨(名),10,朝,804
宇宙·地球,1,计时,9,黎明·早晨(名),10,晓,1268
宇宙·地球,1,计时,9,黎明·早晨(名),10,旦,1368
宇宙·地球,1,计时,9,黎明·早晨(名),10,晨,1436
宇宙·地球,1,计时,9,黎明·早晨(名),10,凌晨,2242
宇宙·地球,1,计时,9,黎明·早晨(名),10,早晨,2568
宇宙·地球,1,计时,9,黎明·早晨(名),10,清晨,4348
宇宙·地球,1,计时,9,黎明·早晨(名),10,黎明,6521
宇宙·地球,1,计时,9,黎明·早晨(名),10,一早,8078
宇宙·地球,1,计时,9,黎明·早晨(名),10,天亮,10556
宇宙·地球,1,计时,9,黎明·早晨(名),10,天明,14397
宇宙·地球,1,计时,9,黎明·早晨(名),10,早起,14430
宇宙·地球,1,计时,9,黎明·早晨(名),10,拂晓,21302
宇宙·地球,1,计时,9,黎明·早晨(名),10,平明,25685
宇宙·地球,1,计时,9,黎明·早晨(名),10,天光,28931
宇宙·地球,1,计时,9,黎明·早晨(名),10,破晓,36663
宇宙·地球,1,计时,9,白天(名),11,日,53
宇宙·地球,1,计时,9,白天(名),11,下午,501
宇宙·地球,1,计时,9,白天(名),11,上午,696
宇宙·地球,1,计时,9,白天(名),11,午,761
宇宙·地球,1,计时,9,白天(名),11,中午,2525
宇宙·地球,1,计时,9,白天(名),11,昼,2754
宇宙·地球,1,计时,9,白天(名),11,白天,3161
宇宙·地球,1,计时,9,白天(名),11,白日,16674
宇宙·地球,1,计时,9,白天(名),11,正午,17926
宇宙·地球,1,计时,9,白天(名),11,白昼,20660
宇宙·地球,1,计时,9,白天(名),11,晌午,28804
宇宙·地球,1,计时,9,白天(名),11,过午,32033
宇宙·地球,1,计时,9,傍晚·晚上·夜(名),12,夜,725
宇宙·地球,1,计时,9,傍晚·晚上·夜(名),12,晚上,832
宇宙·地球,1,计时,9,傍晚·晚上·夜(名),12,夕,2165
宇宙·地球,1,计时,9,傍晚·晚上·夜(名),12,宵,2780
宇宙·地球,1,计时,9,傍晚·晚上·夜(名),12,傍晚,4872
宇宙·地球,1,计时,9,傍晚·晚上·夜(名),12,深夜,4907
宇宙·地球,1,计时,9,傍晚·晚上·夜(名),12,黄昏,6352
宇宙·地球,1,计时,9,傍晚·晚上·夜(名),12,通宵,14941
宇宙·地球,1,计时,9,傍晚·晚上·夜(名),12,彻夜,17582
宇宙·地球,1,计时,9,傍晚·晚上·夜(名),12,夜半,23961
宇宙·地球,1,计时,9,傍晚·晚上·夜(名),12,星夜,33572
宇宙·地球,1,计时,9,傍晚·晚上·夜(名),12,深更半夜,34135
宇宙·地球,1,计时,9,傍晚·晚上·夜(名),12,后半夜,34657
宇宙·地球,1,计时,9,傍晚·晚上·夜(名),12,薄暮,43329
宇宙·地球,1,计时,9,傍晚·晚上·夜(名),12,垂暮,45787
宇宙·地球,1,计时,9,傍晚·晚上·夜(名),12,后晌,53011
宇宙·地球,1,计时,9,傍晚·晚上·夜(名),12,前半夜,64326
宇宙·地球,1,计时,9,傍晚·晚上·夜(名),12,漏夜,81803
宇宙·地球,1,计时,9,傍晚·晚上·夜(名),12,擦黑儿,84262
宇宙·地球,1,计时,9,早晚·昼夜(名),13,日夜,3609
宇宙·地球,1,计时,9,早晚·昼夜(名),13,昼夜,6354
宇宙·地球,1,计时,9,早晚·昼夜(名),13,早晚,10729
宇宙·地球,1,计时,9,早晚·昼夜(名),13,旦夕,25249
宇宙·地球,1,计时,9,早晚·昼夜(名),13,晨昏,49336
宇宙·地球,1,计时,9,早晚·昼夜(名),13,日夕,56122
宇宙·地球,1,计时,9,小时·时辰·更(名),14,时,32
宇宙·地球,1,计时,9,小时·时辰·更(名),14,点,77
宇宙·地球,1,计时,9,小时·时辰·更(名),14,分,94
宇宙·地球,1,计时,9,小时·时辰·更(名),14,更,232
宇宙·地球,1,计时,9,小时·时辰·更(名),14,小时,486
宇宙·地球,1,计时,9,小时·时辰·更(名),14,刻,728
宇宙·地球,1,计时,9,小时·时辰·更(名),14,秒,1329
宇宙·地球,1,计时,9,小时·时辰·更(名),14,钟头,9954
宇宙·地球,1,计时,9,小时·时辰·更(名),14,零点,13383
宇宙·地球,1,计时,9,小时·时辰·更(名),14,时辰,15137
宇宙·地球,1,计时,9,小时·时辰·更(名),14,钟点,24645
宇宙·地球,1,计时,9,小时·时辰·更(名),14,五更,30900
宇宙·地球,1,计时,9,标准时(名),18,北京时间,8695
宇宙·地球,1,计时,9,标准时(名),18,世界时,33958
宇宙·地球,1,计时,9,标准时(名),18,标准时,35653
宇宙·地球,1,计时,9,节日(名),17,节,435
宇宙·地球,1,计时,9,节日(名),17,春节,1744
宇宙·地球,1,计时,9,节日(名),17,节日,2470
宇宙·地球,1,计时,9,节日(名),17,新年,3522
宇宙·地球,1,计时,9,节日(名),17,元旦,7069
宇宙·地球,1,计时,9,节日(名),17,七一,7411
宇宙·地球,1,计时,9,节日(名),17,大年,7642
宇宙·地球,1,计时,9,节日(名),17,中秋,8057
宇宙·地球,1,计时,9,节日(名),17,佳节,9012
宇宙·地球,1,计时,9,节日(名),17,纪念日,9816
宇宙·地球,1,计时,9,节日(名),17,除夕,10499
宇宙·地球,1,计时,9,节日(名),17,年节,14819
宇宙·地球,1,计时,9,节日(名),17,元宵,17615
宇宙·地球,1,计时,9,节日(名),17,重阳,20133
宇宙·地球,1,计时,9,节日(名),17,端午,21111
宇宙·地球,1,计时,9,节日(名),17,教师节,21906
宇宙·地球,1,计时,9,节日(名),17,小年,22395
宇宙·地球,1,计时,9,节日(名),17,元宵节,28078
宇宙·地球,1,计时,9,节日(名),17,泼水节,44286
宇宙·地球,1,计时,9,节日(名),17,七夕,47053
宇宙·地球,1,计时,9,节日(名),17,腊八,48173
宇宙·地球,1,计时,9,节日(名),17,寒食,49990
宇宙·地球,1,计时,9,节日(名),17,破五,52090
宇宙·地球,1,计时,9,节日(名),17,乞巧,67987
宇宙·地球,1,计时,9,节日(名),17,五四青年节,72655
宇宙·地球,1,计时,9,节日(名),17,元夜,75253
宇宙·地球,1,计时,9,计时器具(名),20,表,162
宇宙·地球,1,计时,9,计时器具(名),20,钟,778
宇宙·地球,1,计时,9,计时器具(名),20,摆,1144
宇宙·地球,1,计时,9,计时器具(名),20,手表,7211
宇宙·地球,1,计时,9,计时器具(名),20,钟表,13294
宇宙·地球,1,计时,9,计时器具(名),20,指针,15101
宇宙·地球,1,计时,9,计时器具(名),20,时钟,19600
宇宙·地球,1,计时,9,计时器具(名),20,发条,30158
宇宙·地球,1,计时,9,计时器具(名),20,闹钟,30262
宇宙·地球,1,计时,9,计时器具(名),20,怀表,40318
宇宙·地球,1,计时,9,计时器具(名),20,游丝,40346
宇宙·地球,1,计时,9,计时器具(名),20,挂钟,41211
宇宙·地球,1,计时,9,计时器具(名),20,钟摆,44855
宇宙·地球,1,计时,9,计时器具(名),20,座钟,46023
宇宙·地球,1,计时,9,计时器具(名),20,秒表,51617
宇宙·地球,1,计时,9,计时器具(名),20,石英钟,60244
宇宙·地球,1,计时,9,计时器具(名),20,原子钟,61951
宇宙·地球,1,计时,9,计时器具(名),20,电钟,74917
宇宙·地球,1,计时,9,计时器具(名),20,夜光表,75168
宇宙·地球,1,计时,9,计时器具(名),20,马蹄表,81664
生命·生物,2,动物(一般),2,动物(一般)(名),1,鱼,894
生命·生物,2,动物(一般),2,动物(一般)(名),1,鸟,1292
生命·生物,2,动物(一般),2,动物(一般)(名),1,昆虫,9235
生命·生物,2,动物(一般),2,动物(一般)(名),1,哺乳动物,15731
生命·生物,2,动物(一般),2,动物(一般)(名),1,脊椎动物,20070
生命·生物,2,动物(一般),2,动物(一般)(名),1,天敌,26666
生命·生物,2,动物(一般),2,动物(一般)(名),1,水族,31266
生命·生物,2,动物(一般),2,动物(一般)(名),1,爬行动物,34714
生命·生物,2,动物(一般),2,动物(一般)(名),1,高等动物,45028
生命·生物,2,动物(一般),2,动物(一般)(名),1,低等动物,58799
生命·生物,2,动物(一般),2,动物(一般)(名),1,腔肠动物,63051
生命·生物,2,动物(一般),2,禽·兽(名),2,兽,1848
生命·生物,2,动物(一般),2,禽·兽(名),2,禽,2065
生命·生物,2,动物(一般),2,禽·兽(名),2,家禽,9840
生命·生物,2,动物(一般),2,禽·兽(名),2,野兽,10576
生命·生物,2,动物(一般),2,禽·兽(名),2,候鸟,17653
生命·生物,2,动物(一般),2,禽·兽(名),2,猛兽,21179
生命·生物,2,动物(一般),2,禽·兽(名),2,畜生,21903
生命·生物,2,动物(一般),2,禽·兽(名),2,禽兽,24394
生命·生物,2,动物(一般),2,禽·兽(名),2,珍禽,29690
生命·生物,2,动物(一般),2,禽·兽(名),2,走兽,33118
生命·生物,2,动物(一般),2,禽·兽(名),2,益鸟,65466
生命·生物,2,动物(一般),2,禽·兽(名),2,留鸟,72328
生命·生物,2,动物(一般),2,家畜(名),3,畜,2009
生命·生物,2,动物(一般),2,家畜(名),3,牲畜,6262
生命·生物,2,动物(一般),2,家畜(名),3,牲口,11889
生命·生物,2,动物(一般),2,家畜(名),3,家畜,15853
生命·生物,2,动物(一般),2,家畜(名),3,种畜,38886
生命·生物,2,动物(一般),2,家畜(名),3,六畜,54868
生命·生物,2,动物(一般),2,家畜(名),3,母畜,56392
生命·生物,2,动物(一般),2,家畜(名),3,耕畜,69174
生命·生物,2,动物(一般),2,虫子(名),4,虫,1373
生命·生物,2,动物(一般),2,虫子(名),4,害虫,17182
生命·生物,2,动物(一般),2,虫子(名),4,虫子,21551
生命·生物,2,动物(一般),2,虫子(名),4,寄生虫,22947
生命·生物,2,动物(一般),2,虫子(名),4,蛀虫,32154
生命·生物,2,动物(一般),2,虫子(名),4,益虫,64591
生命·生物,2,动物(一般),2,古代动物(名),7,恐龙,10005
生命·生物,2,动物(一般),2,传说中的动物(名),8,龙,765
生命·生物,2,动物(一般),2,传说中的动物(名),8,鹏,2428
生命·生物,2,动物(一般),2,传说中的动物(名),8,凤凰,6447
生命·生物,2,哺乳动物,4,猿·猴(名 ),1,猴,2225
生命·生物,2,哺乳动物,4,猿·猴(名 ),1,猿,3126
生命·生物,2,哺乳动物,4,猿·猴(名 ),1,猩猩,17033
生命·生物,2,哺乳动物,4,猿·猴(名 ),1,猕猴,22679
生命·生物,2,哺乳动物,4,猿·猴(名 ),1,黑猩猩,30441
生命·生物,2,哺乳动物,4,猿·猴(名 ),1,金丝猴,32441
生命·生物,2,哺乳动物,4,猿·猴(名 ),1,大猩猩,41063
生命·生物,2,哺乳动物,4,猿·猴(名 ),1,长臂猿,46553
生命·生物,2,哺乳动物,4,猿·猴(名 ),1,类人猿,48087
生命·生物,2,哺乳动物,4,猿·猴(名 ),1,山魈,82204
生命·生物,2,哺乳动物,4,狮·虎·豹(名 ),2,虎,1343
生命·生物,2,哺乳动物,4,狮·虎·豹(名 ),2,狮,2293
生命·生物,2,哺乳动物,4,狮·虎·豹(名 ),2,豹,2598
生命·生物,2,哺乳动物,4,狮·虎·豹(名 ),2,雪豹,38987
生命·生物,2,哺乳动物,4,狮·虎·豹(名 ),2,金钱豹,44179
生命·生物,2,哺乳动物,4,猫·狸·獴(名 ),3,猫,1332
生命·生物,2,哺乳动物,4,狗·狼·狐·豺(名 ),4,狗,1030
生命·生物,2,哺乳动物,4,狗·狼·狐·豺(名 ),4,狼,1687
生命·生物,2,哺乳动物,4,狗·狼·狐·豺(名 ),4,狐,2340
生命·生物,2,哺乳动物,4,狗·狼·狐·豺(名 ),4,豺,3496
生命·生物,2,哺乳动物,4,狗·狼·狐·豺(名 ),4,獒,5057
生命·生物,2,哺乳动物,4,狗·狼·狐·豺(名 ),4,貉,5156
生命·生物,2,哺乳动物,4,狗·狼·狐·豺(名 ),4,警犬,29342
生命·生物,2,哺乳动物,4,狗·狼·狐·豺(名 ),4,猎狗,31798
生命·生物,2,哺乳动物,4,狗·狼·狐·豺(名 ),4,狼狗,35885
生命·生物,2,哺乳动物,4,狗·狼·狐·豺(名 ),4,哈巴狗,56900
生命·生物,2,哺乳动物,4,狗·狼·狐·豺(名 ),4,白狐,58202
生命·生物,2,哺乳动物,4,狗·狼·狐·豺(名 ),4,鬣狗,63325
生命·生物,2,哺乳动物,4,牛·羊·猪·兔(名 ),5,牛,871
生命·生物,2,哺乳动物,4,牛·羊·猪·兔(名 ),5,猪,1321
生命·生物,2,哺乳动物,4,牛·羊·猪·兔(名 ),5,羊,1335
生命·生物,2,哺乳动物,4,牛·羊·猪·兔(名 ),5,兔,2210
生命·生物,2,哺乳动物,4,牛·羊·猪·兔(名 ),5,豚,3239
生命·生物,2,哺乳动物,4,牛·羊·猪·兔(名 ),5,山羊,11427
生命·生物,2,哺乳动物,4,牛·羊·猪·兔(名 ),5,羚羊,14193
生命·生物,2,哺乳动物,4,牛·羊·猪·兔(名 ),5,黄牛,16955
生命·生物,2,哺乳动物,4,牛·羊·猪·兔(名 ),5,绵羊,17413
生命·生物,2,哺乳动物,4,牛·羊·猪·兔(名 ),5,野猪,25998
生命·生物,2,哺乳动物,4,牛·羊·猪·兔(名 ),5,水牛,28048
生命·生物,2,哺乳动物,4,牛·羊·猪·兔(名 ),5,野兔,30863
生命·生物,2,哺乳动物,4,牛·羊·猪·兔(名 ),5,耕牛,31902
生命·生物,2,哺乳动物,4,牛·羊·猪·兔(名 ),5,黄羊,35231
生命·生物,2,哺乳动物,4,牛·羊·猪·兔(名 ),5,野牛,35576
生命·生物,2,哺乳动物,4,牛·羊·猪·兔(名 ),5,家兔,53085
生命·生物,2,哺乳动物,4,牛·羊·猪·兔(名 ),5,乳牛,57457
生命·生物,2,哺乳动物,4,牛·羊·猪·兔(名 ),5,牯牛,57817
生命·生物,2,哺乳动物,4,牛·羊·猪·兔(名 ),5,菜牛,58507
生命·生物,2,哺乳动物,4,牛·羊·猪·兔(名 ),5,岩羊,58653
生命·生物,2,哺乳动物,4,牛·羊·猪·兔(名 ),5,羚牛,59075
生命·生物,2,哺乳动物,4,牛·羊·猪·兔(名 ),5,猪猡,61465
生命·生物,2,哺乳动物,4,牛·羊·猪·兔(名 ),5,奶羊,66716
生命·生物,2,哺乳动物,4,牛·羊·猪·兔(名 ),5,犍牛,69088
生命·生物,2,哺乳动物,4,牛·羊·猪·兔(名 ),5,滩羊,72025
生命·生物,2,哺乳动物,4,马·驴·貘·犀(名 ),6,马,304
生命·生物,2,哺乳动物,4,马·驴·貘·犀(名 ),6,驴,2610
生命·生物,2,哺乳动物,4,马·驴·貘·犀(名 ),6,犀,3157
生命·生物,2,哺乳动物,4,马·驴·貘·犀(名 ),6,骡,3341
生命·生物,2,哺乳动物,4,马·驴·貘·犀(名 ),6,骏马,16509
生命·生物,2,哺乳动物,4,马·驴·貘·犀(名 ),6,战马,19415
生命·生物,2,哺乳动物,4,马·驴·貘·犀(名 ),6,野马,20057
生命·生物,2,哺乳动物,4,马·驴·貘·犀(名 ),6,斑马,35596
生命·生物,2,哺乳动物,4,马·驴·貘·犀(名 ),6,千里马,37701
生命·生物,2,哺乳动物,4,马·驴·貘·犀(名 ),6,野驴,41343
生命·生物,2,哺乳动物,4,马·驴·貘·犀(名 ),6,叫驴,61823
生命·生物,2,哺乳动物,4,马·驴·貘·犀(名 ),6,骒马,69858
生命·生物,2,哺乳动物,4,马·驴·貘·犀(名 ),6,辕马,73880
生命·生物,2,哺乳动物,4,马·驴·貘·犀(名 ),6,草驴,81675
生命·生物,2,哺乳动物,4,熊·熊猫(名 ),7,熊,1753
生命·生物,2,哺乳动物,4,熊·熊猫(名 ),7,熊猫,6140
生命·生物,2,哺乳动物,4,熊·熊猫(名 ),7,黑熊,33307
生命·生物,2,哺乳动物,4,熊·熊猫(名 ),7,白熊,52205
生命·生物,2,哺乳动物,4,熊·熊猫(名 ),7,小熊猫,52639
生命·生物,2,哺乳动物,4,熊·熊猫(名 ),7,棕熊,55886
生命·生物,2,哺乳动物,4,鼬·獾·貂·獭(名 ),8,貂,4432
生命·生物,2,哺乳动物,4,鼬·獾·貂·獭(名 ),8,獾,5150
生命·生物,2,哺乳动物,4,鼬·獾·貂·獭(名 ),8,水獭,46686
生命·生物,2,哺乳动物,4,鼬·獾·貂·獭(名 ),8,紫貂,59596
生命·生物,2,哺乳动物,4,鼬·獾·貂·獭(名 ),8,水貂,63871
生命·生物,2,哺乳动物,4,鼬·獾·貂·獭(名 ),8,海獭,67993
生命·生物,2,哺乳动物,4,鼬·獾·貂·獭(名 ),8,黄鼬,73657
生命·生物,2,哺乳动物,4,鼠·松鼠·豪猪·河狸等(名 ),9,鼠,1604
生命·生物,2,哺乳动物,4,鼠·松鼠·豪猪·河狸等(名 ),9,耗子,21596
生命·生物,2,哺乳动物,4,鼠·松鼠·豪猪·河狸等(名 ),9,松鼠,28122
生命·生物,2,哺乳动物,4,鼠·松鼠·豪猪·河狸等(名 ),9,田鼠,42482
生命·生物,2,哺乳动物,4,鼠·松鼠·豪猪·河狸等(名 ),9,家鼠,60968
生命·生物,2,哺乳动物,4,鼠·松鼠·豪猪·河狸等(名 ),9,旱獭,61242
生命·生物,2,哺乳动物,4,鼠·松鼠·豪猪·河狸等(名 ),9,豪猪,62910
生命·生物,2,哺乳动物,4,鼠·松鼠·豪猪·河狸等(名 ),9,豚鼠,68344
生命·生物,2,哺乳动物,4,鼠·松鼠·豪猪·河狸等(名 ),9,河狸,71965
生命·生物,2,哺乳动物,4,鹿·獐·长颈鹿·骆驼等(名 ),10,鹿,2223
生命·生物,2,哺乳动物,4,鹿·獐·长颈鹿·骆驼等(名 ),10,麝,4769
生命·生物,2,哺乳动物,4,鹿·獐·长颈鹿·骆驼等(名 ),10,骆驼,10002
生命·生物,2,哺乳动物,4,鹿·獐·长颈鹿·骆驼等(名 ),10,麋鹿,26409
生命·生物,2,哺乳动物,4,鹿·獐·长颈鹿·骆驼等(名 ),10,驯鹿,31483
生命·生物,2,哺乳动物,4,鹿·獐·长颈鹿·骆驼等(名 ),10,长颈鹿,39040
生命·生物,2,哺乳动物,4,鹿·獐·长颈鹿·骆驼等(名 ),10,梅花鹿,40265
生命·生物,2,哺乳动物,4,海狗·象·儒艮·河马等(名 ),11,象,317
生命·生物,2,哺乳动物,4,海狗·象·儒艮·河马等(名 ),11,海豹,27117
生命·生物,2,哺乳动物,4,海狗·象·儒艮·河马等(名 ),11,海狮,27299
生命·生物,2,哺乳动物,4,海狗·象·儒艮·河马等(名 ),11,河马,41746
生命·生物,2,哺乳动物,4,海狗·象·儒艮·河马等(名 ),11,海象,49814
生命·生物,2,哺乳动物,4,鲸·江豚等(名 ),12,鲸,3175
生命·生物,2,哺乳动物,4,鲸·江豚等(名 ),12,海豚,20697
生命·生物,2,哺乳动物,4,鲸·江豚等(名 ),12,海牛,34258
生命·生物,2,哺乳动物,4,鲸·江豚等(名 ),12,白鳍豚,39471
生命·生物,2,哺乳动物,4,鲸·江豚等(名 ),12,江豚,49996
生命·生物,2,哺乳动物,4,鲸·江豚等(名 ),12,蓝鲸,63847
生命·生物,2,哺乳动物,4,鸭嘴兽·袋鼠·刺猬·蝙蝠等(名 ),13,刺猬,22226
生命·生物,2,哺乳动物,4,鸭嘴兽·袋鼠·刺猬·蝙蝠等(名 ),13,蝙蝠,22537
生命·生物,2,哺乳动物,4,鸭嘴兽·袋鼠·刺猬·蝙蝠等(名 ),13,袋鼠,31229
生命·生物,2,哺乳动物,4,鸭嘴兽·袋鼠·刺猬·蝙蝠等(名 ),13,穿山甲,43464
生命·生物,2,哺乳动物,4,鸭嘴兽·袋鼠·刺猬·蝙蝠等(名 ),13,鸭嘴兽,63748
生命·生物,2,哺乳动物,4,鸭嘴兽·袋鼠·刺猬·蝙蝠等(名 ),13,食蚁兽,72492
生命·生物,2,鸟类,5,鸡·雉·松鸡·孔雀等(名 ),1,鸡,1109
生命·生物,2,鸟类,5,鸡·雉·松鸡·孔雀等(名 ),1,孔雀,11582
生命·生物,2,鸟类,5,鸡·雉·松鸡·孔雀等(名 ),1,田鸡,44993
生命·生物,2,鸟类,5,鸡·雉·松鸡·孔雀等(名 ),1,锦鸡,59273
生命·生物,2,鸟类,5,鸡·雉·松鸡·孔雀等(名 ),1,油鸡,61486
生命·生物,2,鸟类,5,鸡·雉·松鸡·孔雀等(名 ),1,草鸡,62105
生命·生物,2,鸟类,5,鸡·雉·松鸡·孔雀等(名 ),1,竹鸡,72719
生命·生物,2,鸟类,5,鸡·雉·松鸡·孔雀等(名 ),1,柴鸡,81318
生命·生物,2,鸟类,5,鸭·鹅·雁·鹈鹕等(名 ),2,鸭,2124
生命·生物,2,鸟类,5,鸭·鹅·雁·鹈鹕等(名 ),2,鹅,2385
生命·生物,2,鸟类,5,鸭·鹅·雁·鹈鹕等(名 ),2,雁,2549
生命·生物,2,鸟类,5,鸭·鹅·雁·鹈鹕等(名 ),2,天鹅,7298
生命·生物,2,鸟类,5,鸭·鹅·雁·鹈鹕等(名 ),2,鸳鸯,18083
生命·生物,2,鸟类,5,鸭·鹅·雁·鹈鹕等(名 ),2,野鸭,26675
生命·生物,2,鸟类,5,鸭·鹅·雁·鹈鹕等(名 ),2,鸿雁,33042
生命·生物,2,鸟类,5,鸭·鹅·雁·鹈鹕等(名 ),2,北京鸭,61882
生命·生物,2,鸟类,5,鸽·斑鸠·鹦鹉·杜鹃等(名 ),3,鸽,2735
生命·生物,2,鸟类,5,鸽·斑鸠·鹦鹉·杜鹃等(名 ),3,杜鹃,17349
生命·生物,2,鸟类,5,鸽·斑鸠·鹦鹉·杜鹃等(名 ),3,鹦鹉,22279
生命·生物,2,鸟类,5,鸽·斑鸠·鹦鹉·杜鹃等(名 ),3,斑鸠,41276
生命·生物,2,鸟类,5,鸽·斑鸠·鹦鹉·杜鹃等(名 ),3,信鸽,42240
生命·生物,2,鸟类,5,鸽·斑鸠·鹦鹉·杜鹃等(名 ),3,鹁鸽,68696
生命·生物,2,鸟类,5,鸽·斑鸠·鹦鹉·杜鹃等(名 ),3,鹁鸪,74216
生命·生物,2,鸟类,5,雀·燕·莺等(名 ),4,燕,1688
生命·生物,2,鸟类,5,雀·燕·莺等(名 ),4,雀,2432
生命·生物,2,鸟类,5,雀·燕·莺等(名 ),4,莺,3122
生命·生物,2,鸟类,5,雀·燕·莺等(名 ),4,麻雀,15119
生命·生物,2,鸟类,5,雀·燕·莺等(名 ),4,百灵,34173
生命·生物,2,鸟类,5,雀·燕·莺等(名 ),4,画眉,34571
生命·生物,2,鸟类,5,雀·燕·莺等(名 ),4,朱雀,35651
生命·生物,2,鸟类,5,雀·燕·莺等(名 ),4,八哥,36796
生命·生物,2,鸟类,5,雀·燕·莺等(名 ),4,云雀,41195
生命·生物,2,鸟类,5,雀·燕·莺等(名 ),4,金丝雀,51598
生命·生物,2,鸟类,5,雀·燕·莺等(名 ),4,白头翁,55300
生命·生物,2,鸟类,5,雀·燕·莺等(名 ),4,黄雀,56453
生命·生物,2,鸟类,5,雀·燕·莺等(名 ),4,燕雀,58180
生命·生物,2,鸟类,5,雀·燕·莺等(名 ),4,家燕,62982
生命·生物,2,鸟类,5,雀·燕·莺等(名 ),4,伯劳,64920
生命·生物,2,鸟类,5,鹊·鸦(名 ),5,鸦,2633
生命·生物,2,鸟类,5,鹊·鸦(名 ),5,乌鸦,16872
生命·生物,2,鸟类,5,鹊·鸦(名 ),5,喜鹊,31161
生命·生物,2,鸟类,5,鹊·鸦(名 ),5,老鸹,56610
生命·生物,2,鸟类,5,鹊·鸦(名 ),5,寒鸦,64164
生命·生物,2,鸟类,5,鹰·鸮·鹗(名 ),6,雕,1871
生命·生物,2,鸟类,5,鹰·鸮·鹗(名 ),6,鹰,2178
生命·生物,2,鸟类,5,鹰·鸮·鹗(名 ),6,鸢,4961
生命·生物,2,鸟类,5,鹰·鸮·鹗(名 ),6,秃鹫,45636
生命·生物,2,鸟类,5,鹰·鸮·鹗(名 ),6,苍鹰,52458
生命·生物,2,鸟类,5,鹭·鹳·鹤等(名 ),7,鹤,2457
生命·生物,2,鸟类,5,鹭·鹳·鹤等(名 ),7,鹳,5512
生命·生物,2,鸟类,5,鹭·鹳·鹤等(名 ),7,白鹭,28970
生命·生物,2,鸟类,5,鹭·鹳·鹤等(名 ),7,丹顶鹤,34379
生命·生物,2,鸟类,5,鹭·鹳·鹤等(名 ),7,白鹳,47020
生命·生物,2,鸟类,5,鹭·鹳·鹤等(名 ),7,苍鹭,58451
生命·生物,2,鸟类,5,海鸥·海燕等(名 ),8,鸥,3268
生命·生物,2,鸟类,5,海鸥·海燕等(名 ),8,海燕,13513
生命·生物,2,鸟类,5,海鸥·海燕等(名 ),8,海鸥,25384
生命·生物,2,鸟类,5,海鸥·海燕等(名 ),8,信天翁,62766
生命·生物,2,鸟类,5,鸵鸟·鸸鹋·企鹅等(名 ),9,鸵鸟,24360
生命·生物,2,鸟类,5,鸵鸟·鸸鹋·企鹅等(名 ),9,企鹅,30353
生命·生物,2,鸟类,5,蜂鸟·翠鸟·犀鸟·啄木鸟等(名 ),10,啄木鸟,43885
生命·生物,2,鸟类,5,蜂鸟·翠鸟·犀鸟·啄木鸟等(名 ),10,翠鸟,53754
生命·生物,2,鸟类,5,蜂鸟·翠鸟·犀鸟·啄木鸟等(名 ),10,戴胜,71817
生命·生物,2,爬行动物·两栖动物,6,蛇·蟒(名 ),1,蛇,1988
生命·生物,2,爬行动物·两栖动物,6,蛇·蟒(名 ),1,蟒,4397
生命·生物,2,爬行动物·两栖动物,6,蛇·蟒(名 ),1,毒蛇,20265
生命·生物,2,爬行动物·两栖动物,6,蛇·蟒(名 ),1,眼镜蛇,40655
生命·生物,2,爬行动物·两栖动物,6,蛇·蟒(名 ),1,响尾蛇,52556
生命·生物,2,爬行动物·两栖动物,6,蛇·蟒(名 ),1,水蛇,53307
生命·生物,2,爬行动物·两栖动物,6,蛇·蟒(名 ),1,竹叶青,54377
生命·生物,2,爬行动物·两栖动物,6,蛇·蟒(名 ),1,长虫,61950
生命·生物,2,爬行动物·两栖动物,6,蛇·蟒(名 ),1,海蛇,71503
生命·生物,2,爬行动物·两栖动物,6,蜥蜴·蛤蚧(名 ),2,壁虎,47520
生命·生物,2,爬行动物·两栖动物,6,蜥蜴·蛤蚧(名 ),2,蛤蚧,63499
生命·生物,2,爬行动物·两栖动物,6,龟·鳖·鳄(名 ),3,龟,2609
生命·生物,2,爬行动物·两栖动物,6,龟·鳖·鳄(名 ),3,鳄,3182
生命·生物,2,爬行动物·两栖动物,6,龟·鳖·鳄(名 ),3,鳖,3370
生命·生物,2,爬行动物·两栖动物,6,龟·鳖·鳄(名 ),3,王八,15928
生命·生物,2,爬行动物·两栖动物,6,龟·鳖·鳄(名 ),3,乌龟,23392
生命·生物,2,爬行动物·两栖动物,6,龟·鳖·鳄(名 ),3,海龟,33447
生命·生物,2,爬行动物·两栖动物,6,龟·鳖·鳄(名 ),3,扬子鳄,40673
生命·生物,2,爬行动物·两栖动物,6,龟·鳖·鳄(名 ),3,玳瑁,47177
生命·生物,2,爬行动物·两栖动物,6,蛙·蟾·鲵·蝾螈(名 ),4,蛙,2770
生命·生物,2,爬行动物·两栖动物,6,蛙·蟾·鲵·蝾螈(名 ),4,青蛙,19121
生命·生物,2,爬行动物·两栖动物,6,蛙·蟾·鲵·蝾螈(名 ),4,蛤蟆,24157
生命·生物,2,爬行动物·两栖动物,6,蛙·蟾·鲵·蝾螈(名 ),4,蟾蜍,42954
生命·生物,2,爬行动物·两栖动物,6,蛙·蟾·鲵·蝾螈(名 ),4,牛蛙,47412
生命·生物,2,爬行动物·两栖动物,6,蛙·蟾·鲵·蝾螈(名 ),4,娃娃鱼,52688
生命·生物,2,鱼类·其他水生动物,7,鲨·鳐·肺鱼等(名 ),1,鲨,3035
生命·生物,2,鱼类·其他水生动物,7,鲟·鲱·鲚·鲑等(名 ),2,沙丁鱼,42755
生命·生物,2,鱼类·其他水生动物,7,鲟·鲱·鲚·鲑等(名 ),2,银鱼,48089
生命·生物,2,鱼类·其他水生动物,7,鲤·鲫·鳊·鲮鱼等(名 ),3,金鱼,19376
生命·生物,2,鱼类·其他水生动物,7,鲤·鲫·鳊·鲮鱼等(名 ),3,草鱼,40766
生命·生物,2,鱼类·其他水生动物,7,鲤·鲫·鳊·鲮鱼等(名 ),3,青鱼,43195
生命·生物,2,鱼类·其他水生动物,7,鳗·鳅·鳝等(名 ),4,泥鳅,35619
生命·生物,2,鱼类·其他水生动物,7,鳗·鳅·鳝等(名 ),4,飞鱼,41477
生命·生物,2,鱼类·其他水生动物,7,鳗·鳅·鳝等(名 ),4,鳗鲡,66901
生命·生物,2,鱼类·其他水生动物,7,鳗·鳅·鳝等(名 ),4,海鳗,68731
生命·生物,2,鱼类·其他水生动物,7,鳜·鲈·鲷·黄鱼等(名 ),5,黄鱼,30055
生命·生物,2,鱼类·其他水生动物,7,鳜·鲈·鲷·黄鱼等(名 ),5,罗非鱼,59746
生命·生物,2,鱼类·其他水生动物,7,带鱼·鲭·马鲛·金枪鱼等(名 ),6,带鱼,31619
生命·生物,2,鱼类·其他水生动物,7,带鱼·鲭·马鲛·金枪鱼等(名 ),6,金枪鱼,43356
生命·生物,2,鱼类·其他水生动物,7,带鱼·鲭·马鲛·金枪鱼等(名 ),6,河豚,47956
生命·生物,2,鱼类·其他水生动物,7,带鱼·鲭·马鲛·金枪鱼等(名 ),6,比目鱼,54629
生命·生物,2,鱼类·其他水生动物,7,虾·蟹·鲎等(名 ),7,蟹,2406
生命·生物,2,鱼类·其他水生动物,7,虾·蟹·鲎等(名 ),7,虾,2426
生命·生物,2,鱼类·其他水生动物,7,虾·蟹·鲎等(名 ),7,对虾,23735
生命·生物,2,鱼类·其他水生动物,7,虾·蟹·鲎等(名 ),7,龙虾,32171
生命·生物,2,鱼类·其他水生动物,7,虾·蟹·鲎等(名 ),7,河蟹,38791
生命·生物,2,鱼类·其他水生动物,7,虾·蟹·鲎等(名 ),7,青虾,54922
生命·生物,2,鱼类·其他水生动物,7,虾·蟹·鲎等(名 ),7,梭子蟹,66667
生命·生物,2,鱼类·其他水生动物,7,海绵·水螅·珊瑚等(名 ),8,海绵,21404
生命·生物,2,鱼类·其他水生动物,7,海绵·水螅·珊瑚等(名 ),8,水母,40991
生命·生物,2,鱼类·其他水生动物,7,海绵·水螅·珊瑚等(名 ),8,海蜇,43398
生命·生物,2,鱼类·其他水生动物,7,海绵·水螅·珊瑚等(名 ),8,珊瑚虫,62683
生命·生物,2,鱼类·其他水生动物,7,海绵·水螅·珊瑚等(名 ),8,海葵,71133
生命·生物,2,鱼类·其他水生动物,7,海参·海星等(名 ),9,海燕,13513
生命·生物,2,鱼类·其他水生动物,7,海参·海星等(名 ),9,海参,13669
生命·生物,2,鱼类·其他水生动物,7,海参·海星等(名 ),9,海星,43400
生命·生物,2,鱼类·其他水生动物,7,海参·海星等(名 ),9,海胆,57749
生命·生物,2,鱼类·其他水生动物,7,海参·海星等(名 ),9,刺参,70024
生命·生物,2,鱼类·其他水生动物,7,鲍鱼·螺·贝·蚝·蚶·蚌等(名 ),10,贝,932
生命·生物,2,鱼类·其他水生动物,7,鲍鱼·螺·贝·蚝·蚶·蚌等(名 ),10,蚌,3348
生命·生物,2,鱼类·其他水生动物,7,鲍鱼·螺·贝·蚝·蚶·蚌等(名 ),10,宝贝,7782
生命·生物,2,鱼类·其他水生动物,7,鲍鱼·螺·贝·蚝·蚶·蚌等(名 ),10,鲍鱼,27772
生命·生物,2,鱼类·其他水生动物,7,鲍鱼·螺·贝·蚝·蚶·蚌等(名 ),10,牡蛎,27898
生命·生物,2,鱼类·其他水生动物,7,鲍鱼·螺·贝·蚝·蚶·蚌等(名 ),10,螺蛳,32477
生命·生物,2,鱼类·其他水生动物,7,鲍鱼·螺·贝·蚝·蚶·蚌等(名 ),10,扇贝,42766
生命·生物,2,鱼类·其他水生动物,7,鲍鱼·螺·贝·蚝·蚶·蚌等(名 ),10,章鱼,43045
生命·生物,2,鱼类·其他水生动物,7,鲍鱼·螺·贝·蚝·蚶·蚌等(名 ),10,乌贼,45351
生命·生物,2,鱼类·其他水生动物,7,鲍鱼·螺·贝·蚝·蚶·蚌等(名 ),10,田螺,45912
生命·生物,2,鱼类·其他水生动物,7,鲍鱼·螺·贝·蚝·蚶·蚌等(名 ),10,蛤蜊,46267
生命·生物,2,鱼类·其他水生动物,7,鲍鱼·螺·贝·蚝·蚶·蚌等(名 ),10,钉螺,55605
生命·生物,2,鱼类·其他水生动物,7,鲍鱼·螺·贝·蚝·蚶·蚌等(名 ),10,珍珠贝,69488
生命·生物,2,鱼类·其他水生动物,7,鲍鱼·螺·贝·蚝·蚶·蚌等(名 ),10,法螺,71937
生命·生物,2,鱼类·其他水生动物,7,鲍鱼·螺·贝·蚝·蚶·蚌等(名 ),10,蛏子,77039
生命·生物,2,鱼类·其他水生动物,7,鲍鱼·螺·贝·蚝·蚶·蚌等(名 ),10,毛蚶,81235
生命·生物,2,昆虫,8,蝗·蟋蟀·螳螂·蝉等(名 ),1,蝉,3183
生命·生物,2,昆虫,8,蝗·蟋蟀·螳螂·蝉等(名 ),1,蝗虫,22398
生命·生物,2,昆虫,8,蝗·蟋蟀·螳螂·蝉等(名 ),1,白蚁,35356
生命·生物,2,昆虫,8,蝗·蟋蟀·螳螂·蝉等(名 ),1,螳螂,43498
生命·生物,2,昆虫,8,蝗·蟋蟀·螳螂·蝉等(名 ),1,飞蝗,50756
生命·生物,2,昆虫,8,蝗·蟋蟀·螳螂·蝉等(名 ),1,蝼蛄,67218
生命·生物,2,昆虫,8,蚊·蝇·蜂·蚁(名 ),2,蜂,2198
生命·生物,2,昆虫,8,蚊·蝇·蜂·蚁(名 ),2,蚁,2723
生命·生物,2,昆虫,8,蚊·蝇·蜂·蚁(名 ),2,蚊,2783
生命·生物,2,昆虫,8,蚊·蝇·蜂·蚁(名 ),2,蝇,2940
生命·生物,2,昆虫,8,蚊·蝇·蜂·蚁(名 ),2,蛆,4827
生命·生物,2,昆虫,8,蚊·蝇·蜂·蚁(名 ),2,蜜蜂,15843
生命·生物,2,昆虫,8,蚊·蝇·蜂·蚁(名 ),2,蜂王,38857
生命·生物,2,昆虫,8,蚊·蝇·蜂·蚁(名 ),2,果蝇,43745
生命·生物,2,昆虫,8,蚊·蝇·蜂·蚁(名 ),2,工蜂,57860
生命·生物,2,昆虫,8,蚊·蝇·蜂·蚁(名 ),2,蚍蜉,64346
生命·生物,2,昆虫,8,蚊·蝇·蜂·蚁(名 ),2,雄蜂,65861
生命·生物,2,昆虫,8,蚊·蝇·蜂·蚁(名 ),2,胡蜂,67835
生命·生物,2,昆虫,8,蚊·蝇·蜂·蚁(名 ),2,雌蜂,74260
生命·生物,2,昆虫,8,蛾·螟·蝶·蚕(名 ),3,蝶,2443
生命·生物,2,昆虫,8,蛾·螟·蝶·蚕(名 ),3,蚕,2757
生命·生物,2,昆虫,8,蛾·螟·蝶·蚕(名 ),3,蛾,3389
生命·生物,2,昆虫,8,蛾·螟·蝶·蚕(名 ),3,棉铃虫,22234
生命·生物,2,昆虫,8,蛾·螟·蝶·蚕(名 ),3,柞蚕,56708
生命·生物,2,昆虫,8,蛾·螟·蝶·蚕(名 ),3,家蚕,57862
生命·生物,2,昆虫,8,蛾·螟·蝶·蚕(名 ),3,凤蝶,58017
生命·生物,2,昆虫,8,蛾·螟·蝶·蚕(名 ),3,蚕蛾,63313
生命·生物,2,昆虫,8,蛾·螟·蝶·蚕(名 ),3,螟虫,65023
生命·生物,2,昆虫,8,蛾·螟·蝶·蚕(名 ),3,玉米螟,69809
生命·生物,2,昆虫,8,蛾·螟·蝶·蚕(名 ),3,粉蝶,70497
生命·生物,2,昆虫,8,蛾·螟·蝶·蚕(名 ),3,尺蠖,71594
生命·生物,2,昆虫,8,蛾·螟·蝶·蚕(名 ),3,地老虎,77241
生命·生物,2,昆虫,8,蚜虫·蚧虫·椿象等(名 ),4,蚜虫,43602
生命·生物,2,昆虫,8,甲虫(名 ),5,甲虫,30716
生命·生物,2,昆虫,8,甲虫(名 ),5,萤火虫,36559
生命·生物,2,昆虫,8,甲虫(名 ),5,金龟子,54116
生命·生物,2,昆虫,8,甲虫(名 ),5,瓢虫,62907
生命·生物,2,昆虫,8,甲虫(名 ),5,象鼻虫,75912
生命·生物,2,昆虫,8,甲虫(名 ),5,斑蝥,78651
生命·生物,2,昆虫,8,虱·蚤·臭虫(名 ),6,蚤,3459
生命·生物,2,昆虫,8,虱·蚤·臭虫(名 ),6,臭虫,38103
生命·生物,2,昆虫,8,衣鱼·蜉蝣·蜻蜓等(名 ),7,蜻蜓,27486
生命·生物,2,昆虫,8,衣鱼·蜉蝣·蜻蜓等(名 ),7,蜉蝣,50318
生命·生物,2,其他低等动物,9,蜈蚣·蜘蛛·蝎等(名 ),1,蝎,2879
生命·生物,2,其他低等动物,9,蜈蚣·蜘蛛·蝎等(名 ),1,蜘蛛,14026
生命·生物,2,其他低等动物,9,蜱·螨等(名 ),2,红蜘蛛,62526
生命·生物,2,其他低等动物,9,蚯蚓·水蛭等(名 ),3,蜗牛,26406
生命·生物,2,其他低等动物,9,蚯蚓·水蛭等(名 ),3,水蛭,55338
生命·生物,2,其他低等动物,9,钩虫·蛔虫等(名 ),4,钩虫,74266
生命·生物,2,其他低等动物,9,血吸虫·绦虫(名 ),5,血吸虫,27242
生命·生物,2,其他低等动物,9,血吸虫·绦虫(名 ),5,绦虫,61054
生命·生物,2,其他低等动物,9,鞭毛虫·病原虫·草履虫等(名 ),6,疟原虫,52588
生命·生物,2,植物(一般),10,植物群落(名),2,森林,1591
生命·生物,2,植物(一般),10,植物群落(名),2,草原,3200
生命·生物,2,植物(一般),10,植物群落(名),2,树林,4614
生命·生物,2,植物(一般),10,植物群落(名),2,草地,5308
生命·生物,2,植物(一般),10,植物群落(名),2,植被,8101
生命·生物,2,植物(一般),10,植物群落(名),2,丛林,11154
生命·生物,2,植物(一般),10,植物群落(名),2,草丛,13442
生命·生物,2,植物(一般),10,植物群落(名),2,树丛,15878
生命·生物,2,植物(一般),10,植物群落(名),2,林带,18967
生命·生物,2,植物(一般),10,植物群落(名),2,草甸,36553
生命·生物,2,植物(一般),10,植物群落(名),2,植物群落,57127
生命·生物,2,各类植物,11,粮食·谷物(名),1,粮食,971
生命·生物,2,各类植物,11,粮食·谷物(名),1,粮,1075
生命·生物,2,各类植物,11,粮食·谷物(名),1,麦,1159
生命·生物,2,各类植物,11,粮食·谷物(名),1,谷,1366
生命·生物,2,各类植物,11,粮食·谷物(名),1,稻,1973
生命·生物,2,各类植物,11,粮食·谷物(名),1,禾,3039
生命·生物,2,各类植物,11,粮食·谷物(名),1,粱,3363
生命·生物,2,各类植物,11,粮食·谷物(名),1,玉米,4114
生命·生物,2,各类植物,11,粮食·谷物(名),1,小麦,4289
生命·生物,2,各类植物,11,粮食·谷物(名),1,水稻,5306
生命·生物,2,各类植物,11,粮食·谷物(名),1,高粱,14388
生命·生物,2,各类植物,11,粮食·谷物(名),1,小米,15565
生命·生物,2,各类植物,11,粮食·谷物(名),1,谷物,16819
生命·生物,2,各类植物,11,粮食·谷物(名),1,早稻,17492
生命·生物,2,各类植物,11,粮食·谷物(名),1,稻谷,18405
生命·生物,2,各类植物,11,粮食·谷物(名),1,谷子,22653
生命·生物,2,各类植物,11,粮食·谷物(名),1,五谷,22827
生命·生物,2,各类植物,11,粮食·谷物(名),1,杂粮,24688
生命·生物,2,各类植物,11,粮食·谷物(名),1,大麦,25073
生命·生物,2,各类植物,11,粮食·谷物(名),1,青稞,25945
生命·生物,2,各类植物,11,粮食·谷物(名),1,晚稻,29799
生命·生物,2,各类植物,11,粮食·谷物(名),1,荞麦,33420
生命·生物,2,各类植物,11,粮食·谷物(名),1,燕麦,33683
生命·生物,2,各类植物,11,粮食·谷物(名),1,冬小麦,35965
生命·生物,2,各类植物,11,粮食·谷物(名),1,黄米,43532
生命·生物,2,各类植物,11,粮食·谷物(名),1,籼稻,44238
生命·生物,2,各类植物,11,粮食·谷物(名),1,黑麦,48688
生命·生物,2,各类植物,11,粮食·谷物(名),1,粳稻,50455
生命·生物,2,各类植物,11,粮食·谷物(名),1,春小麦,50915
生命·生物,2,各类植物,11,粮食·谷物(名),1,芡实,52958
生命·生物,2,各类植物,11,粮食·谷物(名),1,中稻,54218
生命·生物,2,各类植物,11,粮食·谷物(名),1,旱稻,65294
生命·生物,2,各类植物,11,粮食·谷物(名),1,糯稻,74333
生命·生物,2,各类植物,11,豆类(名),2,豆,1450
生命·生物,2,各类植物,11,豆类(名),2,大豆,9005
生命·生物,2,各类植物,11,豆类(名),2,绿豆,17723
生命·生物,2,各类植物,11,豆类(名),2,黄豆,18880
生命·生物,2,各类植物,11,豆类(名),2,蚕豆,30011
生命·生物,2,各类植物,11,豆类(名),2,扁豆,34856
生命·生物,2,各类植物,11,豆类(名),2,黑豆,34977
生命·生物,2,各类植物,11,豆类(名),2,青豆,35922
生命·生物,2,各类植物,11,豆类(名),2,毛豆,44986
生命·生物,2,各类植物,11,豆类(名),2,菜豆,46522
生命·生物,2,各类植物,11,豆类(名),2,豆荚,46867
生命·生物,2,各类植物,11,豆类(名),2,赤豆,57098
生命·生物,2,各类植物,11,豆类(名),2,刀豆,66835
生命·生物,2,各类植物,11,蔬菜(名),3,蔬菜,2059
生命·生物,2,各类植物,11,蔬菜(名),3,葱,2332
生命·生物,2,各类植物,11,蔬菜(名),3,薇,2570
生命·生物,2,各类植物,11,蔬菜(名),3,蒜,2793
生命·生物,2,各类植物,11,蔬菜(名),3,萝卜,6010
生命·生物,2,各类植物,11,蔬菜(名),3,辣椒,7823
生命·生物,2,各类植物,11,蔬菜(名),3,黄瓜,11786
生命·生物,2,各类植物,11,蔬菜(名),3,胡萝卜,13117
生命·生物,2,各类植物,11,蔬菜(名),3,番茄,15671
生命·生物,2,各类植物,11,蔬菜(名),3,青菜,17641
生命·生物,2,各类植物,11,蔬菜(名),3,野菜,18571
生命·生物,2,各类植物,11,蔬菜(名),3,马铃薯,19651
生命·生物,2,各类植物,11,蔬菜(名),3,茄子,19687
生命·生物,2,各类植物,11,蔬菜(名),3,芹菜,20203
生命·生物,2,各类植物,11,蔬菜(名),3,南瓜,20214
生命·生物,2,各类植物,11,蔬菜(名),3,菠菜,20271
生命·生物,2,各类植物,11,蔬菜(名),3,冬瓜,21711
生命·生物,2,各类植物,11,蔬菜(名),3,洋葱,22617
生命·生物,2,各类植物,11,蔬菜(名),3,大白菜,23513
生命·生物,2,各类植物,11,蔬菜(名),3,苦瓜,29524
生命·生物,2,各类植物,11,蔬菜(名),3,山芋,33725
生命·生物,2,各类植物,11,蔬菜(名),3,丝瓜,38038
生命·生物,2,各类植物,11,蔬菜(名),3,甘蓝,45651
生命·生物,2,各类植物,11,蔬菜(名),3,菜瓜,45898
生命·生物,2,各类植物,11,蔬菜(名),3,荠菜,46446
生命·生物,2,各类植物,11,蔬菜(名),3,番薯,47535
生命·生物,2,各类植物,11,蔬菜(名),3,莴笋,48753
生命·生物,2,各类植物,11,蔬菜(名),3,柿子椒,50041
生命·生物,2,各类植物,11,蔬菜(名),3,马齿苋,50732
生命·生物,2,各类植物,11,蔬菜(名),3,茭白,50835
生命·生物,2,各类植物,11,蔬菜(名),3,莴苣,52284
生命·生物,2,各类植物,11,蔬菜(名),3,花椰菜,62711
生命·生物,2,各类植物,11,蔬菜(名),3,蓬蒿,63804
生命·生物,2,各类植物,11,蔬菜(名),3,金瓜,65248
生命·生物,2,各类植物,11,蔬菜(名),3,慈姑,78487
生命·生物,2,各类植物,11,油料作物(名),5,芝麻,7604
生命·生物,2,各类植物,11,油料作物(名),5,橄榄,8531
生命·生物,2,各类植物,11,油料作物(名),5,油菜,11981
生命·生物,2,各类植物,11,油料作物(名),5,椰子,20670
生命·生物,2,各类植物,11,油料作物(名),5,油茶,29167
生命·生物,2,各类植物,11,油料作物(名),5,向日葵,29977
生命·生物,2,各类植物,11,油料作物(名),5,胡桃,33926
生命·生物,2,各类植物,11,油料作物(名),5,腰果,50575
生命·生物,2,各类植物,11,油料作物(名),5,油桐,51283
生命·生物,2,各类植物,11,油料作物(名),5,青果,53596
生命·生物,2,各类植物,11,油料作物(名),5,油橄榄,54296
生命·生物,2,各类植物,11,油料作物(名),5,油棕,54829
生命·生物,2,各类植物,11,油料作物(名),5,乌桕,61143
生命·生物,2,各类植物,11,油料作物(名),5,落花生,61969
生命·生物,2,各类植物,11,油料作物(名),5,山核桃,70015
生命·生物,2,各类植物,11,纤维植物(名),6,麻,1011
生命·生物,2,各类植物,11,纤维植物(名),6,棉,1409
生命·生物,2,各类植物,11,纤维植物(名),6,大麻,12549
生命·生物,2,各类植物,11,纤维植物(名),6,亚麻,21258
生命·生物,2,各类植物,11,纤维植物(名),6,木棉,39931
生命·生物,2,各类植物,11,纤维植物(名),6,黄麻,49946
生命·生物,2,各类植物,11,纤维植物(名),6,剑麻,50917
生命·生物,2,各类植物,11,纤维植物(名),6,红麻,63591
生命·生物,2,各类植物,11,香料植物(名),7,姜,2053
生命·生物,2,各类植物,11,香料植物(名),7,胡椒,8230
生命·生物,2,各类植物,11,香料植物(名),7,花椒,13081
生命·生物,2,各类植物,11,香料植物(名),7,丁香,18066
生命·生物,2,各类植物,11,香料植物(名),7,薄荷,22786
生命·生物,2,各类植物,11,香料植物(名),7,茴香,33001
生命·生物,2,各类植物,11,香料植物(名),7,肉桂,33883
生命·生物,2,各类植物,11,香料植物(名),7,豆蔻,36777
生命·生物,2,各类植物,11,香料植物(名),7,桂皮,37684
生命·生物,2,各类植物,11,药用植物(名),8,艾,1277
生命·生物,2,各类植物,11,药用植物(名),8,人参,2791
生命·生物,2,各类植物,11,药用植物(名),8,车前,9454
生命·生物,2,各类植物,11,药用植物(名),8,甘草,10437
生命·生物,2,各类植物,11,药用植物(名),8,三七,14780
生命·生物,2,各类植物,11,药用植物(名),8,大黄,15207
生命·生物,2,各类植物,11,药用植物(名),8,当归,16056
生命·生物,2,各类植物,11,药用植物(名),8,党参,16403
生命·生物,2,各类植物,11,药用植物(名),8,地黄,21007
生命·生物,2,各类植物,11,药用植物(名),8,黄连,21475
生命·生物,2,各类植物,11,药用植物(名),8,半夏,23008
生命·生物,2,各类植物,11,药用植物(名),8,黄芪,25039
生命·生物,2,各类植物,11,药用植物(名),8,紫荆,25691
生命·生物,2,各类植物,11,药用植物(名),8,杜仲,29726
生命·生物,2,各类植物,11,药用植物(名),8,蒲公英,30652
生命·生物,2,各类植物,11,药用植物(名),8,川芎,34126
生命·生物,2,各类植物,11,药用植物(名),8,丹参,34212
生命·生物,2,各类植物,11,药用植物(名),8,天麻,36853
生命·生物,2,各类植物,11,药用植物(名),8,贝母,38653
生命·生物,2,各类植物,11,药用植物(名),8,五味子,39747
生命·生物,2,各类植物,11,药用植物(名),8,白芷,40945
生命·生物,2,各类植物,11,药用植物(名),8,何首乌,50076
生命·生物,2,各类植物,11,药用植物(名),8,啤酒花,50505
生命·生物,2,各类植物,11,药用植物(名),8,姜黄,55093
生命·生物,2,各类植物,11,药用植物(名),8,罗汉果,57625
生命·生物,2,各类植物,11,药用植物(名),8,益母草,60890
生命·生物,2,各类植物,11,药用植物(名),8,太子参,61185
生命·生物,2,各类植物,11,药用植物(名),8,芸香,67879
生命·生物,2,各类植物,11,药用植物(名),8,臭椿,71106
生命·生物,2,各类植物,11,药用植物(名),8,除虫菊,71433
生命·生物,2,各类植物,11,经济作物(名),9,茶,1188
生命·生物,2,各类植物,11,经济作物(名),9,桑,1625
生命·生物,2,各类植物,11,经济作物(名),9,蔗,3256
生命·生物,2,各类植物,11,经济作物(名),9,咖啡,3951
生命·生物,2,各类植物,11,经济作物(名),9,烟草,6845
生命·生物,2,各类植物,11,经济作物(名),9,可可,15035
生命·生物,2,各类植物,11,经济作物(名),9,甜菜,26331
生命·生物,2,各类植物,11,经济作物(名),9,皂荚,59456
生命·生物,2,各类植物,11,经济作物(名),9,漆树,69417
生命·生物,2,各类植物,11,花卉·观赏植物(名),10,花,402
生命·生物,2,各类植物,11,花卉·观赏植物(名),10,兰,688
生命·生物,2,各类植物,11,花卉·观赏植物(名),10,桂,1716
生命·生物,2,各类植物,11,花卉·观赏植物(名),10,菊,2246
生命·生物,2,各类植物,11,花卉·观赏植物(名),10,玫瑰,5291
生命·生物,2,各类植物,11,花卉·观赏植物(名),10,牡丹,6233
生命·生物,2,各类植物,11,花卉·观赏植物(名),10,花卉,6664
生命·生物,2,各类植物,11,花卉·观赏植物(名),10,菊花,11326
生命·生物,2,各类植物,11,花卉·观赏植物(名),10,花草,12810
生命·生物,2,各类植物,11,花卉·观赏植物(名),10,芙蓉,13083
生命·生物,2,各类植物,11,花卉·观赏植物(名),10,荷花,14278
生命·生物,2,各类植物,11,花卉·观赏植物(名),10,桂花,14704
生命·生物,2,各类植物,11,花卉·观赏植物(名),10,玉兰,14907
生命·生物,2,各类植物,11,花卉·观赏植物(名),10,杜鹃,17349
生命·生物,2,各类植物,11,花卉·观赏植物(名),10,樱花,20910
生命·生物,2,各类植物,11,花卉·观赏植物(名),10,花丛,23413
生命·生物,2,各类植物,11,花卉·观赏植物(名),10,昙花,27342
生命·生物,2,各类植物,11,花卉·观赏植物(名),10,郁金香,28209
生命·生物,2,各类植物,11,花卉·观赏植物(名),10,月季,29060
生命·生物,2,各类植物,11,花卉·观赏植物(名),10,山茶,32310
生命·生物,2,各类植物,11,花卉·观赏植物(名),10,仙人掌,32668
生命·生物,2,各类植物,11,花卉·观赏植物(名),10,紫罗兰,34961
生命·生物,2,各类植物,11,花卉·观赏植物(名),10,金银花,37140
生命·生物,2,各类植物,11,花卉·观赏植物(名),10,铁树,43593
生命·生物,2,各类植物,11,花卉·观赏植物(名),10,睡莲,43681
生命·生物,2,各类植物,11,花卉·观赏植物(名),10,牵牛花,44936
生命·生物,2,各类植物,11,花卉·观赏植物(名),10,石竹,45144
生命·生物,2,各类植物,11,花卉·观赏植物(名),10,君子兰,46203
生命·生物,2,各类植物,11,花卉·观赏植物(名),10,紫藤,46630
生命·生物,2,各类植物,11,花卉·观赏植物(名),10,月桂,46726
生命·生物,2,各类植物,11,花卉·观赏植物(名),10,刺槐,49318
生命·生物,2,各类植物,11,花卉·观赏植物(名),10,夹竹桃,50116
生命·生物,2,各类植物,11,花卉·观赏植物(名),10,常春藤,51421
生命·生物,2,各类植物,11,花卉·观赏植物(名),10,紫薇,54827
生命·生物,2,各类植物,11,花卉·观赏植物(名),10,含羞草,54902
生命·生物,2,各类植物,11,花卉·观赏植物(名),10,碧桃,55629
生命·生物,2,各类植物,11,花卉·观赏植物(名),10,马蹄莲,58514
生命·生物,2,各类植物,11,花卉·观赏植物(名),10,秋海棠,58673
生命·生物,2,各类植物,11,花卉·观赏植物(名),10,鸡冠花,60885
生命·生物,2,各类植物,11,花卉·观赏植物(名),10,一品红,64754
生命·生物,2,各类植物,11,花卉·观赏植物(名),10,凤仙花,65078
生命·生物,2,各类植物,11,花卉·观赏植物(名),10,美人蕉,65510
生命·生物,2,各类植物,11,花卉·观赏植物(名),10,文竹,67865
生命·生物,2,各类植物,11,花卉·观赏植物(名),10,大丽花,69625
生命·生物,2,各类植物,11,花卉·观赏植物(名),10,晚香玉,73725
生命·生物,2,各类植物,11,花卉·观赏植物(名),10,仙人球,76504
生命·生物,2,各类植物,11,草(名),11,草,830
生命·生物,2,各类植物,11,草(名),11,牧草,19587
生命·生物,2,各类植物,11,草(名),11,药草,45869
生命·生物,2,各类植物,11,草(名),11,蒲草,62295
生命·生物,2,各类植物,11,草(名),11,龙须草,63258
生命·生物,2,各类植物,11,草(名),11,芨芨草,64712
生命·生物,2,各类植物,11,草(名),11,蒿子,68506
生命·生物,2,各类植物,11,草(名),11,狗尾草,70218
生命·生物,2,各类植物,11,树木(名),12,树,742
生命·生物,2,各类植物,11,树木(名),12,木,770
生命·生物,2,各类植物,11,树木(名),12,松,901
生命·生物,2,各类植物,11,树木(名),12,杨,975
生命·生物,2,各类植物,11,树木(名),12,柳,1675
生命·生物,2,各类植物,11,树木(名),12,柏,1935
生命·生物,2,各类植物,11,树木(名),12,杉,2067
生命·生物,2,各类植物,11,树木(名),12,荆,2567
生命·生物,2,各类植物,11,树木(名),12,枫,2691
生命·生物,2,各类植物,11,树木(名),12,榆,3057
生命·生物,2,各类植物,11,树木(名),12,槐,3113
生命·生物,2,各类植物,11,树木(名),12,榕,3217
生命·生物,2,各类植物,11,树木(名),12,桦,3221
生命·生物,2,各类植物,11,树木(名),12,樟,3357
生命·生物,2,各类植物,11,树木(名),12,树木,4941
生命·生物,2,各类植物,11,树木(名),12,树干,13898
生命·生物,2,各类植物,11,树木(名),12,梧桐,16108
生命·生物,2,各类植物,11,树木(名),12,树梢,24253
生命·生物,2,各类植物,11,树木(名),12,檀香,24554
生命·生物,2,各类植物,11,树木(名),12,胡杨,28549
生命·生物,2,各类植物,11,树木(名),12,雪松,32177
生命·生物,2,各类植物,11,树木(名),12,树冠,33577
生命·生物,2,各类植物,11,树木(名),12,菩提树,36684
生命·生物,2,各类植物,11,树木(名),12,冬青,37620
生命·生物,2,各类植物,11,树木(名),12,紫檀,38236
生命·生物,2,各类植物,11,树木(名),12,沉香,38744
生命·生物,2,各类植物,11,树木(名),12,云杉,40979
生命·生物,2,各类植物,11,树木(名),12,红松,46552
生命·生物,2,各类植物,11,树木(名),12,落叶松,50044
生命·生物,2,各类植物,11,树木(名),12,水杉,50426
生命·生物,2,各类植物,11,树木(名),12,黄杨,50720
生命·生物,2,各类植物,11,树木(名),12,马尾松,53501
生命·生物,2,各类植物,11,树木(名),12,侧柏,55055
生命·生物,2,各类植物,11,树木(名),12,阔叶树,57065
生命·生物,2,各类植物,11,树木(名),12,珙桐,58767
生命·生物,2,各类植物,11,树木(名),12,白皮松,60508
生命·生物,2,各类植物,11,树木(名),12,毛白杨,62031
生命·生物,2,各类植物,11,树木(名),12,针叶树,63550
生命·生物,2,各类植物,11,树木(名),12,银杉,65006
生命·生物,2,各类植物,11,树木(名),12,罗汉松,68109
生命·生物,2,各类植物,11,树木(名),12,水松,68225
生命·生物,2,各类植物,11,树木(名),12,树墩,69141
生命·生物,2,各类植物,11,树木(名),12,水曲柳,71427
生命·生物,2,各类植物,11,竹·芦苇(名),13,竹,1538
生命·生物,2,各类植物,11,竹·芦苇(名),13,芦苇,15687
生命·生物,2,各类植物,11,竹·芦苇(名),13,毛竹,31426
生命·生物,2,各类植物,11,竹·芦苇(名),13,紫竹,45412
生命·生物,2,各类植物,11,竹·芦苇(名),13,斑竹,57896
生命·生物,2,各类植物,11,棕榈等(名),14,棕榈,19662
生命·生物,2,各类植物,11,蕨类·苔藓(名),15,青苔,32420
生命·生物,2,各类植物,11,菌类·地衣·藻类(名),16,蘑菇,12702
生命·生物,2,各类植物,11,菌类·地衣·藻类(名),16,香菇,14047
生命·生物,2,各类植物,11,菌类·地衣·藻类(名),16,海带,19728
生命·生物,2,各类植物,11,菌类·地衣·藻类(名),16,灵芝,20398
生命·生物,2,各类植物,11,菌类·地衣·藻类(名),16,紫菜,34990
生命·生物,2,各类植物,11,菌类·地衣·藻类(名),16,银耳,35054
生命·生物,2,各类植物,11,菌类·地衣·藻类(名),16,发菜,36588
生命·生物,2,各类植物,11,菌类·地衣·藻类(名),16,黑木耳,42901
生命·生物,2,各类植物,11,菌类·地衣·藻类(名),16,冬虫夏草,43751
生命·生物,2,各类植物,11,菌类·地衣·藻类(名),16,口蘑,45370
生命·生物,2,各类植物,11,菌类·地衣·藻类(名),16,猴头,47690
生命·生物,2,各类植物,11,菌类·地衣·藻类(名),16,蓝藻,50705
生命·生物,2,各类植物,11,菌类·地衣·藻类(名),16,草菇,51238
生命·生物,2,各类植物,11,菌类·地衣·藻类(名),16,绿藻,63216
生命·生物,2,各类植物,11,菌类·地衣·藻类(名),16,石花菜,75401
生命·生物,2,各类植物,11,菌类·地衣·藻类(名),16,石蕊,79522
生命·生物,2,各类植物,11,果树·水果(名),4,李,476
生命·生物,2,各类植物,11,果树·水果(名),4,梅,1214
生命·生物,2,各类植物,11,果树·水果(名),4,瓜,1561
生命·生物,2,各类植物,11,果树·水果(名),4,葡萄,1787
生命·生物,2,各类植物,11,果树·水果(名),4,桃,1849
生命·生物,2,各类植物,11,果树·水果(名),4,杏,2529
生命·生物,2,各类植物,11,果树·水果(名),4,梨,2541
生命·生物,2,各类植物,11,果树·水果(名),4,枣,2615
生命·生物,2,各类植物,11,果树·水果(名),4,栗,2733
生命·生物,2,各类植物,11,果树·水果(名),4,菱,2839
生命·生物,2,各类植物,11,果树·水果(名),4,柿,3024
生命·生物,2,各类植物,11,果树·水果(名),4,橘,3060
生命·生物,2,各类植物,11,果树·水果(名),4,水果,3653
生命·生物,2,各类植物,11,果树·水果(名),4,苹果,4455
生命·生物,2,各类植物,11,果树·水果(名),4,果树,7461
生命·生物,2,各类植物,11,果树·水果(名),4,西瓜,8842
生命·生物,2,各类植物,11,果树·水果(名),4,香蕉,12080
生命·生物,2,各类植物,11,果树·水果(名),4,荔枝,16081
生命·生物,2,各类植物,11,果树·水果(名),4,银杏,17598
生命·生物,2,各类植物,11,果树·水果(名),4,石榴,18325
生命·生物,2,各类植物,11,果树·水果(名),4,山楂,18426
生命·生物,2,各类植物,11,果树·水果(名),4,芒果,19667
生命·生物,2,各类植物,11,果树·水果(名),4,草莓,20847
生命·生物,2,各类植物,11,果树·水果(名),4,鲜果,23990
生命·生物,2,各类植物,11,果树·水果(名),4,龙眼,24006
生命·生物,2,各类植物,11,果树·水果(名),4,芭蕉,27225
生命·生物,2,各类植物,11,果树·水果(名),4,猕猴桃,32387
生命·生物,2,各类植物,11,果树·水果(名),4,无花果,34338
生命·生物,2,各类植物,11,果树·水果(名),4,柑橘,34482
生命·生物,2,各类植物,11,果树·水果(名),4,杨梅,34845
生命·生物,2,各类植物,11,果树·水果(名),4,甜瓜,37166
生命·生物,2,各类植物,11,果树·水果(名),4,哈密瓜,40754
生命·生物,2,各类植物,11,果树·水果(名),4,榴莲,48887
生命·生物,2,各类植物,11,果树·水果(名),4,杨桃,52408
生命·生物,2,各类植物,11,果树·水果(名),4,凤梨,53258
生命·生物,2,各类植物,11,果树·水果(名),4,沙枣,54928
生命·生物,2,各类植物,11,果树·水果(名),4,菠萝蜜,60684
生命·生物,2,各类植物,11,果树·水果(名),4,甜橙,67278
人体·医药·卫生,3,人体(一般),1,人体(名),1,体,138
人体·医药·卫生,3,人体(一般),1,人体(名),1,身,231
人体·医药·卫生,3,人体(一般),1,人体(名),1,身体,808
人体·医药·卫生,3,人体(一般),1,人体(名),1,人体,1930
人体·医药·卫生,3,人体(一般),1,人体(名),1,躯,2624
人体·医药·卫生,3,人体(一般),1,人体(名),1,身子,2707
人体·医药·卫生,3,人体(一般),1,人体(名),1,肉体,7527
人体·医药·卫生,3,人体(一般),1,人体(名),1,下身,9880
人体·医药·卫生,3,人体(一般),1,人体(名),1,身躯,10131
人体·医药·卫生,3,人体(一般),1,人体(名),1,形体,12424
人体·医药·卫生,3,人体(一般),1,人体(名),1,上身,12969
人体·医药·卫生,3,人体(一般),1,人体(名),1,上体,18229
人体·医药·卫生,3,人体(一般),1,人体(名),1,肌体,21183
人体·医药·卫生,3,人体(一般),1,人体(名),1,后身,30747
人体·医药·卫生,3,人体(一般),1,人体(名),1,躯干,31357
人体·医药·卫生,3,人体(一般),1,人体(名),1,躯壳,33050
人体·医药·卫生,3,人体(一般),1,人体(名),1,形骸,46755
人体·医药·卫生,3,人体(一般),1,人体(名),1,胴体,49464
人体·医药·卫生,3,人体(一般),1,组织·器官(总称)(名),5,组织,35
人体·医药·卫生,3,人体(一般),1,组织·器官(总称)(名),5,系统,259
人体·医药·卫生,3,人体(一般),1,组织·器官(总称)(名),5,骨,1115
人体·医药·卫生,3,人体(一般),1,组织·器官(总称)(名),5,膜,1733
人体·医药·卫生,3,人体(一般),1,组织·器官(总称)(名),5,腔,1960
人体·医药·卫生,3,人体(一般),1,组织·器官(总称)(名),5,细胞,2178
人体·医药·卫生,3,人体(一般),1,组织·器官(总称)(名),5,筋,2253
人体·医药·卫生,3,人体(一般),1,组织·器官(总称)(名),5,穴,2372
人体·医药·卫生,3,人体(一般),1,组织·器官(总称)(名),5,腺,2499
人体·医药·卫生,3,人体(一般),1,组织·器官(总称)(名),5,生理,4306
人体·医药·卫生,3,人体(一般),1,组织·器官(总称)(名),5,腱,4648
人体·医药·卫生,3,人体(一般),1,组织·器官(总称)(名),5,部位,4976
人体·医药·卫生,3,人体(一般),1,组织·器官(总称)(名),5,器官,5642
人体·医药·卫生,3,人体(一般),1,组织·器官(总称)(名),5,骨头,5898
人体·医药·卫生,3,人体(一般),1,组织·器官(总称)(名),5,脂肪,7187
人体·医药·卫生,3,人体(一般),1,组织·器官(总称)(名),5,穴位,23701
人体·医药·卫生,3,人体(一般),1,组织·器官(总称)(名),5,官能,29904
人体·医药·卫生,3,人体(一般),1,组织·器官(总称)(名),5,韧带,32124
人体·医药·卫生,3,人体(一般),1,组织·器官(总称)(名),5,瓣膜,44783
人体·医药·卫生,3,人体(一般),1,组织·器官(总称)(名),5,结缔组织,52625
人体·医药·卫生,3,人体(一般),1,全身(名),6,身上,719
人体·医药·卫生,3,人体(一般),1,全身(名),6,全身,2924
人体·医药·卫生,3,人体(一般),1,全身(名),6,一身,3300
人体·医药·卫生,3,人体(一般),1,全身(名),6,浑身,3940
人体·医药·卫生,3,人体(一般),1,全身(名),6,周身,20027
人体·医药·卫生,3,人体(一般),1,全身(名),6,通身,45784
人体·医药·卫生,3,人体(一般),1,骨骼(一般)(名),7,骨干,2591
人体·医药·卫生,3,人体(一般),1,骨骼(一般)(名),7,关节,7277
人体·医药·卫生,3,人体(一般),1,骨骼(一般)(名),7,骨髓,11956
人体·医药·卫生,3,人体(一般),1,骨骼(一般)(名),7,骨骼,12714
人体·医药·卫生,3,人体(一般),1,骨骼(一般)(名),7,骨架,16169
人体·医药·卫生,3,人体(一般),1,骨骼(一般)(名),7,骨质,19842
人体·医药·卫生,3,人体(一般),1,骨骼(一般)(名),7,软骨,28569
人体·医药·卫生,3,人体(一般),1,骨骼(一般)(名),7,骨节,33156
人体·医药·卫生,3,人体(一般),1,骨骼(一般)(名),7,骨膜,69065
人体·医药·卫生,3,人体(一般),1,各部骨骼(名),8,椎,2862
人体·医药·卫生,3,人体(一般),1,各部骨骼(名),8,脊椎,14143
人体·医药·卫生,3,人体(一般),1,各部骨骼(名),8,肋骨,20490
人体·医药·卫生,3,人体(一般),1,各部骨骼(名),8,颈椎,27357
人体·医药·卫生,3,人体(一般),1,各部骨骼(名),8,腰椎,29921
人体·医药·卫生,3,人体(一般),1,各部骨骼(名),8,颅骨,30273
人体·医药·卫生,3,人体(一般),1,各部骨骼(名),8,椎骨,32988
人体·医药·卫生,3,人体(一般),1,各部骨骼(名),8,脊柱,33370
人体·医药·卫生,3,人体(一般),1,各部骨骼(名),8,股骨,34993
人体·医药·卫生,3,人体(一般),1,各部骨骼(名),8,椎间盘,39043
人体·医药·卫生,3,人体(一般),1,各部骨骼(名),8,脊梁骨,40033
人体·医药·卫生,3,人体(一般),1,各部骨骼(名),8,骨盆,43209
人体·医药·卫生,3,人体(一般),1,各部骨骼(名),8,锁骨,45699
人体·医药·卫生,3,人体(一般),1,各部骨骼(名),8,胸骨,46641
人体·医药·卫生,3,人体(一般),1,各部骨骼(名),8,颌骨,47508
人体·医药·卫生,3,人体(一般),1,各部骨骼(名),8,胫骨,48954
人体·医药·卫生,3,人体(一般),1,各部骨骼(名),8,肩胛骨,49911
人体·医药·卫生,3,人体(一般),1,各部骨骼(名),8,坐骨,53097
人体·医药·卫生,3,人体(一般),1,各部骨骼(名),8,指骨,53479
人体·医药·卫生,3,人体(一般),1,各部骨骼(名),8,肋条,55452
人体·医药·卫生,3,人体(一般),1,各部骨骼(名),8,腓骨,61961
人体·医药·卫生,3,人体(一般),1,各部骨骼(名),8,髋骨,62463
人体·医药·卫生,3,人体(一般),1,各部骨骼(名),8,胸椎,63060
人体·医药·卫生,3,人体(一般),1,各部骨骼(名),8,肱骨,64537
人体·医药·卫生,3,人体(一般),1,各部骨骼(名),8,尾骨,66200
人体·医药·卫生,3,人体(一般),1,各部骨骼(名),8,额骨,67355
人体·医药·卫生,3,人体(一般),1,各部骨骼(名),8,枕骨,67687
人体·医药·卫生,3,人体(一般),1,各部骨骼(名),8,耻骨,70006
人体·医药·卫生,3,人体(一般),1,各部骨骼(名),8,趾骨,70792
人体·医药·卫生,3,人体(一般),1,各部骨骼(名),8,髌骨,72620
人体·医药·卫生,3,人体(一般),1,各部骨骼(名),8,骶骨,75213
人体·医药·卫生,3,人体(一般),1,肌肉(名),9,肉,952
人体·医药·卫生,3,人体(一般),1,肌肉(名),9,肌,1895
人体·医药·卫生,3,人体(一般),1,肌肉(名),9,筋,2253
人体·医药·卫生,3,人体(一般),1,肌肉(名),9,肌肉,5482
人体·医药·卫生,3,人体(一般),1,肌肉(名),9,心肌,16103
人体·医药·卫生,3,人体(一般),1,肌肉(名),9,平滑肌,53256
人体·医药·卫生,3,人体(一般),1,肌肉(名),9,筋络,64231
人体·医药·卫生,3,人体(一般),1,皮肤(名),10,皮,810
人体·医药·卫生,3,人体(一般),1,皮肤(名),10,肤,1777
人体·医药·卫生,3,人体(一般),1,皮肤(名),10,皮肤,3139
人体·医药·卫生,3,人体(一般),1,皮肤(名),10,肌肤,12831
人体·医药·卫生,3,人体(一般),1,皮肤(名),10,皮层,20394
人体·医药·卫生,3,人体(一般),1,皮肤(名),10,表皮,24772
人体·医药·卫生,3,人体(一般),1,皮肤(名),10,真皮,29174
人体·医药·卫生,3,人体(一般),1,皮肤(名),10,毛囊,44626
人体·医药·卫生,3,人体(一般),1,皮肤(名),10,汗腺,51505
人体·医药·卫生,3,人体(一般),1,毛发(名),11,发,37
人体·医药·卫生,3,人体(一般),1,毛发(名),11,头,181
人体·医药·卫生,3,人体(一般),1,毛发(名),11,须,531
人体·医药·卫生,3,人体(一般),1,毛发(名),11,毛,717
人体·医药·卫生,3,人体(一般),1,毛发(名),11,眉,1723
人体·医药·卫生,3,人体(一般),1,毛发(名),11,头发,1964
人体·医药·卫生,3,人体(一般),1,毛发(名),11,睫,3197
人体·医药·卫生,3,人体(一般),1,毛发(名),11,鬓,3342
人体·医药·卫生,3,人体(一般),1,毛发(名),11,胡子,4909
人体·医药·卫生,3,人体(一般),1,毛发(名),11,眉毛,9180
人体·医药·卫生,3,人体(一般),1,毛发(名),11,眉睫,14439
人体·医药·卫生,3,人体(一般),1,毛发(名),11,胡须,15092
人体·医药·卫生,3,人体(一般),1,毛发(名),11,须发,18847
人体·医药·卫生,3,人体(一般),1,毛发(名),11,睫毛,19737
人体·医药·卫生,3,人体(一般),1,毛发(名),11,毛发,20243
人体·医药·卫生,3,人体(一般),1,毛发(名),11,汗毛,32280
人体·医药·卫生,3,人体(一般),1,毛发(名),11,鬓发,41527
人体·医药·卫生,3,人体(一般),1,毛发(名),11,鬓角,42545
人体·医药·卫生,3,人体(一般),1,毛发(名),11,胎发,43110
人体·医药·卫生,3,人体(一般),1,毛发(名),11,眼睫毛,49265
人体·医药·卫生,3,人体(一般),1,毛发(名),11,阴毛,59557
人体·医药·卫生,3,人体(一般),1,毛发(名),11,腋毛,68177
人体·医药·卫生,3,人体(一般),1,毛发(名),11,胎毛,74825
人体·医药·卫生,3,头部·面部,2,头(名),1,头,181
人体·医药·卫生,3,头部·面部,2,头(名),1,首,463
人体·医药·卫生,3,头部·面部,2,头(名),1,顶,994
人体·医药·卫生,3,头部·面部,2,头(名),1,颅,3030
人体·医药·卫生,3,头部·面部,2,头(名),1,脑袋,3552
人体·医药·卫生,3,头部·面部,2,头(名),1,头顶,6397
人体·医药·卫生,3,头部·面部,2,头(名),1,头颅,15189
人体·医药·卫生,3,头部·面部,2,面(名),2,面,91
人体·医药·卫生,3,头部·面部,2,面(名),2,脸,645
人体·医药·卫生,3,头部·面部,2,面(名),2,颜,1526
人体·医药·卫生,3,头部·面部,2,面(名),2,面孔,4920
人体·医药·卫生,3,头部·面部,2,面(名),2,脸面,19975
人体·医药·卫生,3,头部·面部,2,面(名),2,面庞,25040
人体·医药·卫生,3,头部·面部,2,面(名),2,颜面,25276
人体·医药·卫生,3,头部·面部,2,面(名),2,脸蛋儿,43268
人体·医药·卫生,3,头部·面部,2,面(名),2,脸盘儿,78363
人体·医药·卫生,3,头部·面部,2,面的各部(名),3,额,933
人体·医药·卫生,3,头部·面部,2,面的各部(名),3,颊,2845
人体·医药·卫生,3,头部·面部,2,面的各部(名),3,腮,3252
人体·医药·卫生,3,头部·面部,2,面的各部(名),3,眉头,6770
人体·医药·卫生,3,头部·面部,2,面的各部(名),3,嘴巴,7317
人体·医药·卫生,3,头部·面部,2,面的各部(名),3,五官,20199
人体·医药·卫生,3,头部·面部,2,面的各部(名),3,太阳穴,27084
人体·医药·卫生,3,头部·面部,2,面的各部(名),3,额角,28047
人体·医药·卫生,3,头部·面部,2,面的各部(名),3,眉梢,29336
人体·医药·卫生,3,头部·面部,2,面的各部(名),3,眉宇,34533
人体·医药·卫生,3,头部·面部,2,面的各部(名),3,腮帮子,39970
人体·医药·卫生,3,头部·面部,2,面的各部(名),3,酒窝,40293
人体·医药·卫生,3,头部·面部,2,面的各部(名),3,笑靥,44317
人体·医药·卫生,3,头部·面部,2,面的各部(名),3,七窍,44790
人体·医药·卫生,3,头部·面部,2,面的各部(名),3,眉心,45141
人体·医药·卫生,3,头部·面部,2,面的各部(名),3,天庭,46413
人体·医药·卫生,3,头部·面部,2,眼(名),4,目,238
人体·医药·卫生,3,头部·面部,2,眼(名),4,眼,381
人体·医药·卫生,3,头部·面部,2,眼(名),4,眼睛,621
人体·医药·卫生,3,头部·面部,2,眼(名),4,眶,3052
人体·医药·卫生,3,头部·面部,2,眼(名),4,眼皮,10902
人体·医药·卫生,3,头部·面部,2,眼(名),4,眼角,12840
人体·医药·卫生,3,头部·面部,2,眼(名),4,眼目,12849
人体·医药·卫生,3,头部·面部,2,眼(名),4,眼帘,14141
人体·医药·卫生,3,头部·面部,2,眼(名),4,眼眶,14349
人体·医药·卫生,3,头部·面部,2,眼(名),4,眼圈,17382
人体·医药·卫生,3,头部·面部,2,眼(名),4,肉眼,18369
人体·医药·卫生,3,头部·面部,2,眼(名),4,眸子,24367
人体·医药·卫生,3,头部·面部,2,眼(名),4,眼窝,28404
人体·医药·卫生,3,头部·面部,2,眼(名),4,眼睑,31048
人体·医药·卫生,3,头部·面部,2,眼(名),4,双眼皮,48579
人体·医药·卫生,3,头部·面部,2,眼(名),4,单眼皮,58518
人体·医药·卫生,3,头部·面部,2,眼(名),4,眼泡,60916
人体·医药·卫生,3,头部·面部,2,眼(名),4,眼梢,62153
人体·医药·卫生,3,头部·面部,2,眼球(名),5,睛,1068
人体·医药·卫生,3,头部·面部,2,眼球(名),5,眼珠,10015
人体·医药·卫生,3,头部·面部,2,眼球(名),5,眼球,16285
人体·医药·卫生,3,头部·面部,2,眼球(名),5,眼底,21517
人体·医药·卫生,3,头部·面部,2,眼球(名),5,角膜,22704
人体·医药·卫生,3,头部·面部,2,眼球(名),5,瞳孔,24395
人体·医药·卫生,3,头部·面部,2,眼球(名),5,视网膜,25859
人体·医药·卫生,3,头部·面部,2,眼球(名),5,盲点,38769
人体·医药·卫生,3,头部·面部,2,眼球(名),5,结膜,42737
人体·医药·卫生,3,头部·面部,2,眼球(名),5,视神经,47903
人体·医药·卫生,3,头部·面部,2,眼球(名),5,眼白,50432
人体·医药·卫生,3,头部·面部,2,眼球(名),5,晶状体,52439
人体·医药·卫生,3,头部·面部,2,眼球(名),5,虹膜,52806
人体·医药·卫生,3,头部·面部,2,眼球(名),5,黄斑,58935
人体·医药·卫生,3,头部·面部,2,眼球(名),5,白眼珠,60075
人体·医药·卫生,3,头部·面部,2,眼球(名),5,巩膜,64451
人体·医药·卫生,3,头部·面部,2,眼球(名),5,眼压,65212
人体·医药·卫生,3,头部·面部,2,耳(名),6,耳,1142
人体·医药·卫生,3,头部·面部,2,耳(名),6,耳朵,3792
人体·医药·卫生,3,头部·面部,2,耳(名),6,耳根,33823
人体·医药·卫生,3,头部·面部,2,耳(名),6,耳垂,44153
人体·医药·卫生,3,头部·面部,2,耳(名),6,中耳,44847
人体·医药·卫生,3,头部·面部,2,耳(名),6,内耳,50856
人体·医药·卫生,3,头部·面部,2,耳(名),6,鼓膜,58089
人体·医药·卫生,3,头部·面部,2,耳(名),6,外耳,59121
人体·医药·卫生,3,头部·面部,2,耳(名),6,耳朵眼儿,60080
人体·医药·卫生,3,头部·面部,2,耳(名),6,耳轮,70738
人体·医药·卫生,3,头部·面部,2,鼻·咽·喉(名),7,鼻,1578
人体·医药·卫生,3,头部·面部,2,鼻·咽·喉(名),7,咽,2384
人体·医药·卫生,3,头部·面部,2,鼻·咽·喉(名),7,喉,2416
人体·医药·卫生,3,头部·面部,2,鼻·咽·喉(名),7,嗓,2483
人体·医药·卫生,3,头部·面部,2,鼻·咽·喉(名),7,吭,3121
人体·医药·卫生,3,头部·面部,2,鼻·咽·喉(名),7,鼻子,3707
人体·医药·卫生,3,头部·面部,2,鼻·咽·喉(名),7,喉咙,9575
人体·医药·卫生,3,头部·面部,2,鼻·咽·喉(名),7,咽喉,12121
人体·医药·卫生,3,头部·面部,2,鼻·咽·喉(名),7,鼻孔,16573
人体·医药·卫生,3,头部·面部,2,鼻·咽·喉(名),7,鼻梁,21356
人体·医药·卫生,3,头部·面部,2,鼻·咽·喉(名),7,鼻尖,29664
人体·医药·卫生,3,头部·面部,2,鼻·咽·喉(名),7,声带,31827
人体·医药·卫生,3,头部·面部,2,鼻·咽·喉(名),7,鼻腔,32034
人体·医药·卫生,3,头部·面部,2,鼻·咽·喉(名),7,鼻翼,46780
人体·医药·卫生,3,头部·面部,2,鼻·咽·喉(名),7,鼻头,51518
人体·医药·卫生,3,头部·面部,2,口·口腔·舌(名),8,口,266
人体·医药·卫生,3,头部·面部,2,口·口腔·舌(名),8,舌,1982
人体·医药·卫生,3,头部·面部,2,口·口腔·舌(名),8,唇,2014
人体·医药·卫生,3,头部·面部,2,口·口腔·舌(名),8,人中,2484
人体·医药·卫生,3,头部·面部,2,口·口腔·舌(名),8,腭,4066
人体·医药·卫生,3,头部·面部,2,口·口腔·舌(名),8,嘴巴,7317
人体·医药·卫生,3,头部·面部,2,口·口腔·舌(名),8,嘴角,11055
人体·医药·卫生,3,头部·面部,2,口·口腔·舌(名),8,口腔,12987
人体·医药·卫生,3,头部·面部,2,口·口腔·舌(名),8,牙关,18284
人体·医药·卫生,3,头部·面部,2,口·口腔·舌(名),8,口角,26068
人体·医药·卫生,3,头部·面部,2,口·口腔·舌(名),8,舌苔,32745
人体·医药·卫生,3,头部·面部,2,口·口腔·舌(名),8,下颌,34661
人体·医药·卫生,3,头部·面部,2,口·口腔·舌(名),8,嘴皮子,40395
人体·医药·卫生,3,头部·面部,2,口·口腔·舌(名),8,腮腺,51163
人体·医药·卫生,3,头部·面部,2,口·口腔·舌(名),8,嘴头,56894
人体·医药·卫生,3,头部·面部,2,口·口腔·舌(名),8,上颌,62127
人体·医药·卫生,3,头部·面部,2,口·口腔·舌(名),8,味蕾,63431
人体·医药·卫生,3,头部·面部,2,牙齿(名),9,牙,1076
人体·医药·卫生,3,头部·面部,2,牙齿(名),9,齿,2092
人体·医药·卫生,3,头部·面部,2,牙齿(名),9,牙齿,6805
人体·医药·卫生,3,头部·面部,2,牙齿(名),9,大牙,17675
人体·医药·卫生,3,头部·面部,2,牙齿(名),9,牙床,44166
人体·医药·卫生,3,头部·面部,2,牙齿(名),9,犬齿,59114
人体·医药·卫生,3,头部·面部,2,牙齿(名),9,齿龈,59265
人体·医药·卫生,3,头部·面部,2,牙齿(名),9,臼齿,60825
人体·医药·卫生,3,头部·面部,2,牙齿(名),9,虎牙,61086
人体·医药·卫生,3,头部·面部,2,牙齿(名),9,板牙,64549
人体·医药·卫生,3,头部·面部,2,牙齿(名),9,釉质,65681
人体·医药·卫生,3,躯干和四肢,3,颈(名),1,领,320
人体·医药·卫生,3,躯干和四肢,3,颈(名),1,项,419
人体·医药·卫生,3,躯干和四肢,3,颈(名),1,脖,2163
人体·医药·卫生,3,躯干和四肢,3,颈(名),1,颈,2272
人体·医药·卫生,3,躯干和四肢,3,肩(名),2,肩,1579
人体·医药·卫生,3,躯干和四肢,3,肩(名),2,膀,2036
人体·医药·卫生,3,躯干和四肢,3,肩(名),2,肩膀,4824
人体·医药·卫生,3,躯干和四肢,3,肩(名),2,肩头,12247
人体·医药·卫生,3,躯干和四肢,3,肩(名),2,肩胛,36429
人体·医药·卫生,3,躯干和四肢,3,肩(名),2,肩窝,75180
人体·医药·卫生,3,躯干和四肢,3,背(名),3,背,841
人体·医药·卫生,3,躯干和四肢,3,背(名),3,脊梁,13915
人体·医药·卫生,3,躯干和四肢,3,背(名),3,背脊,26208
人体·医药·卫生,3,躯干和四肢,3,腰(名),4,腰,1501
人体·医药·卫生,3,躯干和四肢,3,腰(名),4,腰身,34052
人体·医药·卫生,3,躯干和四肢,3,腰(名),4,腰眼,57703
人体·医药·卫生,3,躯干和四肢,3,臀·胯(名),5,臀,2967
人体·医药·卫生,3,躯干和四肢,3,臀·胯(名),5,胯,4541
人体·医药·卫生,3,躯干和四肢,3,臀·胯(名),5,屁股,5873
人体·医药·卫生,3,躯干和四肢,3,臀·胯(名),5,会阴,48850
人体·医药·卫生,3,躯干和四肢,3,胸(名),6,奶,1078
人体·医药·卫生,3,躯干和四肢,3,胸(名),6,胸,1361
人体·医药·卫生,3,躯干和四肢,3,胸(名),6,胁,1712
人体·医药·卫生,3,躯干和四肢,3,胸(名),6,乳,1766
人体·医药·卫生,3,躯干和四肢,3,胸(名),6,肋,3104
人体·医药·卫生,3,躯干和四肢,3,胸(名),6,胸口,8979
人体·医药·卫生,3,躯干和四肢,3,胸(名),6,胸脯,11976
人体·医药·卫生,3,躯干和四肢,3,胸(名),6,胸膛,12009
人体·医药·卫生,3,躯干和四肢,3,胸(名),6,乳腺,12813
人体·医药·卫生,3,躯干和四肢,3,胸(名),6,乳房,14701
人体·医药·卫生,3,躯干和四肢,3,胸(名),6,乳头,31901
人体·医药·卫生,3,躯干和四肢,3,胸(名),6,奶头,35568
人体·医药·卫生,3,躯干和四肢,3,胸(名),6,奶子,41791
人体·医药·卫生,3,躯干和四肢,3,腹(名),7,肚,1719
人体·医药·卫生,3,躯干和四肢,3,腹(名),7,腹,2003
人体·医药·卫生,3,躯干和四肢,3,腹(名),7,脐,3312
人体·医药·卫生,3,躯干和四肢,3,腹(名),7,肚子,3482
人体·医药·卫生,3,躯干和四肢,3,腹(名),7,肚皮,17093
人体·医药·卫生,3,躯干和四肢,3,腹(名),7,小腹,28832
人体·医药·卫生,3,躯干和四肢,3,腹(名),7,肚脐,30012
人体·医药·卫生,3,躯干和四肢,3,腹(名),7,脐带,30685
人体·医药·卫生,3,躯干和四肢,3,腹(名),7,丹田,36697
人体·医药·卫生,3,躯干和四肢,3,体腔·内脏(一般)(名),8,脏,1408
人体·医药·卫生,3,躯干和四肢,3,体腔·内脏(一般)(名),8,膛,2970
人体·医药·卫生,3,躯干和四肢,3,体腔·内脏(一般)(名),8,膈,4833
人体·医药·卫生,3,躯干和四肢,3,体腔·内脏(一般)(名),8,内脏,13449
人体·医药·卫生,3,躯干和四肢,3,体腔·内脏(一般)(名),8,五脏,19813
人体·医药·卫生,3,躯干和四肢,3,体腔·内脏(一般)(名),8,脏器,24422
人体·医药·卫生,3,躯干和四肢,3,体腔·内脏(一般)(名),8,腹腔,27545
人体·医药·卫生,3,躯干和四肢,3,体腔·内脏(一般)(名),8,胸腔,28204
人体·医药·卫生,3,躯干和四肢,3,体腔·内脏(一般)(名),8,脏腑,31278
人体·医药·卫生,3,躯干和四肢,3,体腔·内脏(一般)(名),8,六腑,32164
人体·医药·卫生,3,躯干和四肢,3,体腔·内脏(一般)(名),8,盆腔,49844
人体·医药·卫生,3,躯干和四肢,3,体腔·内脏(一般)(名),8,体腔,67986
人体·医药·卫生,3,躯干和四肢,3,外生殖器(名),9,阳,669
人体·医药·卫生,3,躯干和四肢,3,外生殖器(名),9,阴,1218
人体·医药·卫生,3,躯干和四肢,3,外生殖器(名),9,下身,9880
人体·医药·卫生,3,躯干和四肢,3,外生殖器(名),9,小便,11562
人体·医药·卫生,3,躯干和四肢,3,外生殖器(名),9,阴茎,38584
人体·医药·卫生,3,躯干和四肢,3,外生殖器(名),9,包皮,50023
人体·医药·卫生,3,躯干和四肢,3,外生殖器(名),9,阴囊,54606
人体·医药·卫生,3,躯干和四肢,3,外生殖器(名),9,龟头,62343
人体·医药·卫生,3,躯干和四肢,3,外生殖器(名),9,阴门,84832
人体·医药·卫生,3,躯干和四肢,3,上肢和下肢(一般)(名),10,肢,2448
人体·医药·卫生,3,躯干和四肢,3,上肢和下肢(一般)(名),10,四肢,9745
人体·医药·卫生,3,躯干和四肢,3,上肢和下肢(一般)(名),10,肢体,14224
人体·医药·卫生,3,躯干和四肢,3,上肢和下肢(一般)(名),10,下肢,21872
人体·医药·卫生,3,躯干和四肢,3,上肢和下肢(一般)(名),10,上肢,39389
人体·医药·卫生,3,躯干和四肢,3,臂(名),11,臂,2056
人体·医药·卫生,3,躯干和四肢,3,臂(名),11,膊,2552
人体·医药·卫生,3,躯干和四肢,3,臂(名),11,腕,2574
人体·医药·卫生,3,躯干和四肢,3,臂(名),11,肘,3067
人体·医药·卫生,3,躯干和四肢,3,臂(名),11,腋,3411
人体·医药·卫生,3,躯干和四肢,3,臂(名),11,胳膊,5001
人体·医药·卫生,3,躯干和四肢,3,臂(名),11,膀子,22464
人体·医药·卫生,3,躯干和四肢,3,臂(名),11,前臂,40866
人体·医药·卫生,3,躯干和四肢,3,臂(名),11,肘子,40912
人体·医药·卫生,3,躯干和四肢,3,臂(名),11,上臂,49648
人体·医药·卫生,3,躯干和四肢,3,臂(名),11,膀臂,53242
人体·医药·卫生,3,躯干和四肢,3,臂(名),11,肘腋,78241
人体·医药·卫生,3,躯干和四肢,3,臂(名),11,肘窝,80364
人体·医药·卫生,3,躯干和四肢,3,手(名),12,手,152
人体·医药·卫生,3,躯干和四肢,3,手(名),12,指,323
人体·医药·卫生,3,躯干和四肢,3,手(名),12,掌,1058
人体·医药·卫生,3,躯干和四肢,3,手(名),12,拳,1709
人体·医药·卫生,3,躯干和四肢,3,手(名),12,拇,3059
人体·医药·卫生,3,躯干和四肢,3,手(名),12,手指,3079
人体·医药·卫生,3,躯干和四肢,3,手(名),12,中指,4187
人体·医药·卫生,3,躯干和四肢,3,手(名),12,拳头,5691
人体·医药·卫生,3,躯干和四肢,3,手(名),12,指头,8309
人体·医药·卫生,3,躯干和四肢,3,手(名),12,拇指,8911
人体·医药·卫生,3,躯干和四肢,3,手(名),12,手掌,8978
人体·医药·卫生,3,躯干和四肢,3,手(名),12,指甲,12139
人体·医药·卫生,3,躯干和四肢,3,手(名),12,手心,15172
人体·医药·卫生,3,躯干和四肢,3,手(名),12,食指,15970
人体·医药·卫生,3,躯干和四肢,3,手(名),12,指纹,17078
人体·医药·卫生,3,躯干和四肢,3,手(名),12,手指头,18438
人体·医药·卫生,3,躯干和四肢,3,手(名),12,手背,18617
人体·医药·卫生,3,躯干和四肢,3,手(名),12,五指,19653
人体·医药·卫生,3,躯干和四肢,3,手(名),12,小指,32191
人体·医药·卫生,3,躯干和四肢,3,手(名),12,无名指,39403
人体·医药·卫生,3,躯干和四肢,3,腿(名),13,股,638
人体·医药·卫生,3,躯干和四肢,3,腿(名),13,腿,1180
人体·医药·卫生,3,躯干和四肢,3,腿(名),13,膝,2431
人体·医药·卫生,3,躯干和四肢,3,腿(名),13,大腿,9970
人体·医药·卫生,3,躯干和四肢,3,腿(名),13,小腿,18184
人体·医药·卫生,3,躯干和四肢,3,腿(名),13,腿肚子,50510
人体·医药·卫生,3,躯干和四肢,3,腿(名),13,腹股沟,58174
人体·医药·卫生,3,躯干和四肢,3,脚(名),14,足,586
人体·医药·卫生,3,躯干和四肢,3,脚(名),14,脚,847
人体·医药·卫生,3,躯干和四肢,3,脚(名),14,趾,3019
人体·医药·卫生,3,躯干和四肢,3,脚(名),14,踝,4134
人体·医药·卫生,3,躯干和四肢,3,脚(名),14,脚跟,12658
人体·医药·卫生,3,躯干和四肢,3,脚(名),14,脚趾,19917
人体·医药·卫生,3,躯干和四肢,3,脚(名),14,脚尖,20335
人体·医药·卫生,3,躯干和四肢,3,脚(名),14,脚板,32514
人体·医药·卫生,3,躯干和四肢,3,脚(名),14,脚掌,36654
人体·医药·卫生,3,躯干和四肢,3,脚(名),14,脚背,41639
人体·医药·卫生,3,躯干和四肢,3,脚(名),14,脚心,42853
人体·医药·卫生,3,躯干和四肢,3,脚(名),14,脚腕,51418
人体·医药·卫生,3,躯干和四肢,3,脚(名),14,趾甲,53762
人体·医药·卫生,3,躯干和四肢,3,脚(名),14,脚脖子,55880