definition_id,pinyin_id,ref_hanzi,ref_pinyin,definition_sn,pos,definition_cn
71784,51566,,,1,动词,用劲
71785,51567,,,1,,各有各的爱好
71786,51568,,,1,副词,猛然；冷不防
71787,51569,,,1,名词,骨盆下部靠近外生殖器的左右两块骨头
71788,51570,,,1,名词,十分诚挚的心意
71789,51570,,,2,形容词,十分诚挚
71790,51571,,,1,形容词,平庸
71791,51572,,,1,名词,落叶乔木，羽状复叶。果实也叫山核桃，表面密生黄鳞毛。鲜核仁脱涩后可以吃，也可以榨油。木质坚韧，可做家具、枪托等
71792,51573,,,1,动词,错误地听信
71793,51574,,,1,形容词,形容失意的样子
71794,51575,,,1,,讥讽人动不动就引经据典，卖弄才学
71795,51576,,,1,动词,吹牛拍马
71796,51577,,,1,名词,海参的一种。体呈圆柱形，前端口周有20个触手，背面有4—6行肉刺。再生力很强。可人工养殖
71797,51577,,,2,名词,多刺灌木，小枝密生直刺，叶近圆形，边缘有带短刺和刺毛的锯齿，果实球形。根、茎可以做药材
71798,51578,,,1,名词,日影移动一寸长的时间。指极短的时间
71799,51579,,,1,名词,错误；谬误
71800,51580,,,1,名词,慢性子的人
71801,51580,,,2,形容词,（脾气、性格）缓慢的
71802,51581,,,1,名词,建筑物地面上设置的排水孔，水通过它流入下水道
71803,51582,,,1,名词,支撑桥体的柱子
71804,51583,,,1,,递送纸条；借指上级部门或有权势的个人为某事给有关人写条子打招呼，要求予以通融照顾的不正之风
71805,51584,,,1,名词,土建工程中回填到低洼处的土石方
71806,51584,,,2,动词,土建工程中回填土石方
71807,51585,,,1,名词,田埂
71808,51585,,,2,名词,【垄】在耕地上培起的用来种植农作物的土埂
71809,51586,,,1,名词,饲养牲口的棚或围栏
71810,51587,,,1,名词,旧指出没于山林草莽的盗匪
71811,51588,,,1,名词,含肉类的食物
71812,51589,,,1,名词,对朋友妻子的敬称
71813,51590,,,1,形容词,自己感到内疚
71814,51591,,,1,形容词,浅显而直露；不委婉，不含蓄
71815,51592,,,1,名词,操作钻床的工种
71816,51592,,,2,名词,从事钻工工作的工人
71817,51593,,,1,名词,经过加工的熟肉干
71818,51594,,,1,动词,审理和判决案件
71819,51595,,,1,名词,某些地区指谷子
71820,51596,,,1,名词,一个地区生产和消费的主要粮食品种。如华北、东北地区的主粮是小麦和玉米
71821,51597,,,1,,对某种结果事先作出保证
71822,51598,,,1,名词,标点符号，形式有双书名号和单书名号两种。双书名号横排为“《》”，直排为“”；单书名号横排为“〈〉”，直排为“”。古籍或某些文史著作中的书名号可用浪线（~~~~~~~）。
71823,51599,,,1,名词,一个数中整数以外的尾数
71824,51600,,,1,动词,排斥；抛弃
71825,51601,,,1,动词,不得已；没有办法
71826,51602,,,1,名词,中药剂型之一。浓稠的糊状药剂，分内服、外用两种
71827,51603,,,1,名词,傣族、景颇族等民族的一种乐器，鼓身木制，形似象脚，鼓面蒙羊皮、牛皮或马皮。用手拍击鼓面，鼓声雄壮深沉
71828,51604,,,1,动词,牵挂
71829,51605,,,1,副词,按照惯例或常规
71830,51606,,,1,动词,访问旧友、故地
71831,51607,,,1,名词,多年生常绿草本植物，叶丛生，长条形，从叶丛中长出细长下垂的花轴，春夏间开白花。可盆栽供观赏
71832,51608,,,1,名词,庆祝生日的酒宴；特指老年人生日的酒宴
71833,51609,,,1,名词,加在点心或面包上的佐味辅料。如青丝、红丝、瓜子仁、葡萄干等
71834,51610,,,1,动词,侧着耳朵。表示很注意地听
71835,51611,,,1,名词,所管辖的地区
71836,51611,,,2,名词,所管辖地区的边界
71837,51612,,,1,名词,嫁接植物时承受接穗的植物体。如把大枣树枝嫁接到酸枣树上，酸枣树就是砧木
71838,51613,,,1,动词,随意地闲扯、聊天儿
71839,51614,,,1,名词,不含或仅含少量钙、镁等的可溶性盐类的水。软水煮沸基本不生成水垢。如正常的雨水、蒸馏水等
71840,51615,,,1,动词,按规定时间上班，从未缺勤；全勤
71841,51616,,,1,,得过且过，只图眼前的安逸
71842,51617,,,1,,【坠子】一种曲艺，流行于河南一带。主要用坠琴伴奏，故称。通称河南坠子的通称
71843,51618,,,1,,比喻依靠别人生存，迎合别人的意旨行事（鼻息：从鼻孔里出入的气息）
71844,51619,,,1,,古代一种酷刑，即车裂。把人的四肢和头分别拴在五辆马车上，然后驱马向五个方向奔驰，把人撕碎；泛指处以极刑。比喻把完整的东西分割得很零碎
71845,51620,,,1,,鱼骨头卡在喉咙里。比喻有话憋在心里，不说出来不痛快
71846,51621,,,1,,络腮胡子
71847,51622,,,1,名词,一种白糖，细软如绵，具有不易结成硬块、易溶于水等特点
71848,51623,,,1,,雪中送炭
71849,51624,,,1,动词,转动目光看（多指女子）
71850,51625,,,1,动词,用水冲洗身体；洗澡
71851,51626,,,1,动词,平定叛乱、暴乱
71852,51627,,,1,,《礼记·檀弓下》记载：春秋时齐国闹饥荒，黔敖在路旁施舍食物，对一个饥民说：“嗟!来食。”饥民说，我正是因为不吃“嗟来之食”，才饿成这个样子。后用“嗟来之食”指带有侮辱性的施舍
71853,51628,,,1,,既要以国家、集体的大局为重，又要照顾好个人利益
71854,51628,,,2,,解放初期特指对民族资本主义工商业的政策，兼顾公方（国家）和私方（资本家）的利益
71855,51629,,,1,名词,【莠】一年生草本植物，形状像禾，圆锥形花序密集成圆柱形，像狗尾，是常见的田间杂草。俗称狗尾草的俗称
71856,51630,,,1,动词,阻止；拦住
71857,51631,,,1,名词,中国画的一种，用彩色颜料和墨汁绘成的画
71858,51632,,,1,形容词,（器物）可着地或放置在地面上的
71859,51633,,,1,动词,（部队在紧急情况下）加快速度和延长日行进时间行军
71860,51634,,,1,动词,调整级别；晋级
71861,51635,,,1,,指长途骑马十分劳累；形容旅途或战斗生活十分辛苦疲劳
71862,51636,,,1,,自己夸自己卖的东西；比喻自我吹嘘
71863,51637,,,1,,以磁记录或光记录介质为载体的辞书。是电子出版物的一种
71864,51638,,,1,形容词,形容女子走路时体态轻柔优美的样子
71865,51639,,,1,名词,两性人
71866,51640,,,1,动词,斥责；指斥
71867,51640,,,2,形容词,（意气）奔放
71868,51641,,,1,,散布流言蜚语，拨弄是非
71869,51642,,,1,名词,古代挂在大门上的两块画着门神或写着门神名字的桃木板，据说可以避邪。五代时开始在上面贴春联，于是桃符便成为春联的别名
71870,51643,,,1,,旧指奔走于各地以卖艺、行医、算卦、相面等为生
71871,51644,,,1,名词,学生在上课间歇时间做的集体操，多是广播体操
71872,51645,,,1,名词,把谷物碾轧成米或面粉的作坊
71873,51646,,,1,,指往返于沿海、沿江的城市从事经商等活动
71874,51647,,,1,,即使漂亮女子坐在怀里也不胡思乱想。比喻男子作风正派
71875,51648,,,1,名词,地痞流氓
71876,51649,,,1,名词,空气进入胸膜腔所致的疾病，多因肺组织破裂、胸部创伤或诊疗时注入空气所致
71877,51650,,,1,名词,使流体压力降低到规定标准的阀门。常用以降低蒸气或压缩空气、液压油等的压力
71878,51651,,,1,名词,对吸鸦片成瘾的人的蔑称
71879,51652,,,1,动词,死亡
71880,51653,,,1,名词,古代儿童的发式，即把头发扎起来下垂着。借指儿童或儿童时期
71881,51654,,,1,动词,迎合有权势的人，企望得到宠信
71882,51655,,,1,名词,良性肿瘤，由脂肪组织构成，表现为皮下柔软肿块，与皮肤无粘连，可推动，一般没有特殊症状
71883,51656,,,1,动词,侵吞；侵蚀
71884,51657,,,1,名词,性情直爽的人
71885,51657,,,2,形容词,性情直爽
71886,51658,,,1,,茅塞顿开
71887,51659,,,1,,穿过云雾；也形容冲破阻碍，奋勇向前
71888,51660,,,1,动词,拱手作揖，互相谦让。古代宾主相见的一种礼节
71889,51661,,,1,,比喻两方相争，第三者轻易从中得利
71890,51662,,,1,动词,逃避艰苦的劳动或工作；偷懒
71891,51663,,,1,动词,借口有病
71892,51664,,,1,名词,黑色
71893,51665,,,1,,为防备外来侵害，相邻各处协同守卫瞭望，遇警互相通报支援
71894,51666,,,1,名词,船的桅杆
71895,51667,,,1,名词,妇女穿的一种裤子，较宽松，像裙子
71896,51668,,,1,动词,演员为达到某种目的而拒绝演出
71897,51669,,,1,形容词,形容略微有些凉
71898,51670,,,1,名词,老式剧场正厅前部的座位
71899,51671,,,1,名词,公务文书
71900,51672,,,1,形容词,形容物体很湿
71901,51673,,,1,动词,蜷曲萎缩
71902,51674,,,1,动词,含蓄委婉地规劝君主或尊长
71903,51675,,,1,动词,使友好和睦
71904,51676,,,1,,感激别人给予的恩惠并谋求回报对方
71905,51677,,,1,动词,生眼病
71906,51678,,,1,名词,对一个数进行开平方运算所得的数。如9的平方根是3和-3。在实数范围内，负数没有平方根
71907,51679,,,1,名词,藤本植物，叶互生，掌状分裂，花有红、黄、粉红等颜色，结黄色浆果。原产巴西，供观赏
71908,51680,,,1,名词,支出的款项
71909,51680,,,2,动词,将已经支出的款项、财物登入账簿
71910,51681,,,1,名词,供人冲浪时踏在脚下在水面滑行的板。一般用泡沫塑料制成，中间宽，前后两端稍窄
71911,51682,,,1,动词,显露出富有
71912,51683,,,1,名词,拌上毒药的诱饵
71913,51683,,,2,名词,药用的糕饼类食品
71914,51684,,,1,动词,戏曲演唱时，某字拖长音
71915,51685,,,1,,坐江山
71916,51686,,,1,名词,警察使用的可以放出高压电的特制棍棒
71917,51687,,,1,名词,密信
71918,51688,,,1,,一文钱也没有（名：占有；文：旧时币值最小的铜钱）。形容极其穷困
71919,51689,,,1,名词,用猪肉作原料制成的肉糜罐头食品
71920,51690,,,1,名词,用石头建成的牌坊
71921,51691,,,1,动词,参拜
71922,51692,,,1,动词,旧时在文书上签字或画押，表示承担责任
71923,51693,,,1,动词,请求援助
71924,51694,,,1,动词,竭力掩藏、遮盖
71925,51694,,,2,名词,藏掖的事
71926,51695,,,1,动词,戏剧演出时在幕后给演员提示台词
71927,51696,,,1,动词,迎合他人的意图，以博得欢心；特指侍奉父母，使高兴
71928,51697,,,1,动词,呵斥
71929,51698,,,1,动词,准确把握或搞清楚
71930,51699,,,1,,镜里的花，水里的月。比喻虚幻不实的东西
71931,51700,,,1,,比喻犯了错误或遭受挫折后便自暴自弃，向更坏的方向发展
71932,51701,,,1,形容词,形容机智、灵活，消息灵通，能掌握各方面的情况（六路：上、下、左、右、前、后）
71933,51702,,,1,名词,谦词，用于称自己的见解
71934,51703,,,1,名词,旧时镶嵌在窗间或屋顶上的、用以采光的半透明薄片。多用蛎、蚌等的壳磨制而成
71935,51704,,,1,动词,下棋时挪动棋子；也指下棋
71936,51705,,,1,名词,音高由高而低的声调
71937,51705,,,2,动词,降职调动
71938,51706,,,1,动词,混同冒充
71939,51707,,,1,,原为珠算口诀，意思是九除以九得一；后用来比喻事物几经周转最后又回到原处，相当于“归根到底”
71940,51708,,,1,,遗失在路上的东西都没人拾取。形容社会风气非常好
71941,51709,,,1,名词,驾驭车马的人
71942,51710,,,1,动词,将内情公开
71943,51710,,,2,动词,显示结果
71944,51711,,,1,名词,字母表中字母排列的先后顺序
71945,51712,,,1,,《庄子·秋水》里说，战国时有个燕国人到了赵国都城邯郸，看到那里的人走路姿势很美，就学习起来，结果不但没学会，反而连自己原来的走法也忘了，只好爬着回去。比喻盲目地模仿别人不成，反而把自己原有的技能也丢了
71946,51713,,,1,名词,表面有平整而短密的绒毛的棉织物。厚实柔软，适于做服装、鞋帽及舞台帘幕等
71947,51714,,,1,名词,【戳】〈口〉图章
71948,51715,,,1,名词,非凡的才干；杰出的人才
71949,51716,,,1,动词,旧时处决犯人时，把未犯死罪或暂缓执行死刑的人犯跟立即处决的犯人一同绑赴刑场；现比喻自己没做错事，却要跟着别人一起受责罚
71950,51717,,,1,动词,（肌肉等）抽搐
71951,51718,,,1,名词,一年生草本植物，耐干旱，叶子细长而尖，叶片有平行叶脉。籽实也叫黍子，淡黄色，去皮后称黄米，性黏，可酿酒、做糕，是重要粮食作物之一
71952,51719,,,1,形容词,幽深
71953,51720,,,1,名词,无所畏惧的胆量
71954,51721,,,1,,天崩塌，地陷落。形容发生重大灾难或严重事变
71955,51722,,,1,,比喻交代问题不痛快，像挤牙膏似的挤一点儿出一点儿
71956,51723,,,1,名词,又短又硬的胡子
71957,51724,,,1,形容词,匀称整齐
71958,51725,,,1,名词,由若干单身集合在一起组成的住户；特指“文化大革命”时期到农村插队落户的知识青年住在一起构成的小集体
71959,51726,,,1,动词,凭借；依靠（含贬义）
71960,51727,,,1,,喷吐云雾；多形容抽烟时喷出很多烟，像云雾迷漫
71961,51728,,,1,名词,豪门大族；有钱有势的家族
71962,51729,,,1,名词,佛门
71963,51730,,,1,,被围困的野兽还会拼命相斗。比喻身陷绝境仍然竭力挣扎（多含贬义）
71964,51731,,,1,,用宰牛的刀稍微试一下。比喻有很大本领的人先在小的事情上稍加施展，初显才干
71965,51732,,,1,,吃了亏不敢或不便声张
71966,51733,,,1,,装模作样
71967,51734,,,1,,主持正义，不看重钱财。形容为了正义肯拿出钱财帮助人
71968,51735,,,1,,比喻文学艺术创作不落俗套，有独创性（窠臼：旧式门下承受转轴的臼形小坑，比喻旧格式、老套子）
71969,51736,,,1,名词,窝藏罪犯、赃款、赃物、违禁品等的人
71970,51737,,,1,,像风一样流逝，像云一样飘散。比喻原来相聚在一起的人四散飘零
71971,51738,,,1,名词,蝴蝶的一种。翅白色，多有黑色斑点。幼虫以白菜、萝卜等蔬菜的叶子为食，是农业的害虫
71972,51739,,,1,,没有什么可用来维持生计。指生活没有着落
71973,51740,,,1,名词,【犁】耕田的农具，用人力、畜力或机器牵引
71974,51741,,,1,,通过邮政、银行电子计算机网络进行的汇兑
71975,51742,,,1,,另有一种新的境界。形容风景、意境等很新颖，不同一般
71976,51743,,,1,,《吕氏春秋·察今》记载：一个楚国人乘船过江时，剑掉进江里，他就在掉剑的船帮处刻上记号，船靠岸后，从刻记号处下水找剑，结果当然找不到。后用“刻舟求剑”比喻思想僵化，不懂得随客观情况的变化来处理事情
71977,51744,,,1,,水灾和火灾来势凶猛，破坏性大，毫不留情
71978,51745,,,1,,用功劳抵偿罪过
71979,51746,,,1,动词,有礼貌地表示不接受
71980,51747,,,1,,在乡间或小城镇流动演出的小型戏班子。人数不多，道具、布景都相当简陋
71981,51748,,,1,,比喻外柔内刚，柔中有刚
71982,51748,,,2,,比喻表面柔和而内心尖刻
71983,51749,,,1,拟声词,模拟滑动、撕裂、跑气等声音
71984,51750,,,1,名词,小球形的樟脑，可用来防腐、防虫蛀等
71985,51751,,,1,名词,指老年人的婚恋
71986,51752,,,1,名词,能使所装物较长时间保持原有温度的杯状容器
71987,51753,,,1,名词,指随刀滚动难以切开的肉；比喻胡搅蛮缠、软硬不吃、难以对付的人
71988,51754,,,1,名词,旨在离间敌人、使敌人内部不和的计谋
71989,51755,,,1,名词,地方戏曲剧种，流行于福建南部和台湾等地
71990,51756,,,1,名词,不愿让外人听见的话；只在夫妻之间说的话
71991,51757,,,1,动词,因过度劳累而突然死亡
71992,51758,,,1,名词,通过不平等条件，一国以租借名义在另一国暂时取得使用管理权的地区。所有权仍属于出租国，租借期满归还
71993,51759,,,1,,比喻违背国家政策，向较富裕的单位或个人摊派钱款或索取财物
71994,51759,,,2,,旧时遇到荒年，饥民合伙到富豪家吃饭或抢夺粮食
71995,51760,,,1,名词,某些交通工具上安装的显示里程的仪表
71996,51761,,,1,名词,对幼小男孩儿的昵称
71997,51762,,,1,名词,父亲的姑奶奶
71998,51762,,,2,名词,娘家对已出嫁的长辈女子的尊称
71999,51763,,,1,名词,排泄洪水的河道、渠道、涵洞等
72000,51764,,,1,动词,食物堵住食管，不能下咽
72001,51764,,,2,动词,哽咽
72002,51765,,,1,,指丈夫长期不归，妻子在家独居，形同守寡
72003,51766,,,1,名词,用弹簧制成的秤。利用弹簧受力时的形变测量物体质量或作用力的大小
72004,51767,,,1,名词,外出紧急抢救危重病人时携带的药箱，内装应急药品和器具
72005,51768,,,1,名词,【报纸】一种通常用来印刷书报的普通白纸
72006,51769,,,1,名词,佛教认为人体内污秽不洁，故用“臭皮囊”称人的躯体
72007,51770,,,1,名词,急性传染病，症状是高烧、头痛、肝脾肿大等。因第一次症状消失一周后又重新出现，并反复发作数次，故称
72008,51771,,,1,名词,抗日战争时期对汉奸、伪军的蔑称
72009,51772,,,1,名词,起源并流行于南亚次大陆西北地区的宗教。16世纪由那纳克创立（锡克：梵语Sikha音译）
72010,51773,,,1,名词,全是稀泥浆的洼地
72011,51774,,,1,名词,已经做好的饭；比喻别人已经准备好，不必自己再花力气即可获得的成果
72012,51775,,,1,名词,有机化合物，白色粉状或颗粒状晶体，味甜。代替蔗糖可预防龋齿，也可供糖尿病患者食用
72013,51776,,,1,名词,我国传统工艺丝织品，整匹缎子都织有花鸟、景物等图案，花纹精致，色泽鲜艳，质地厚密。多用来做被面、女装等
72014,51777,,,1,名词,截面为三角形的棱镜
72015,51778,,,1,名词,从事爆破工作的人
72016,51779,,,1,动词,一部分时间脱离原有的工作或生产劳动，从事其他活动
72017,51780,,,1,副词,表示情况突然出现，来不及防备
72018,51781,,,1,名词,主要用蔬菜做馅儿，用玉米面或其他杂粮做皮儿蒸制的球形食品。
72019,51782,,,1,名词,水边；近水的地方
72020,51783,,,1,名词,追求色欲的胆量
72021,51784,,,1,名词,用熔化的玻璃加颜料制成的手工艺品。质地光洁晶莹，色彩斑斓美观
72022,51785,,,1,动词,轻缓地飘动；浮动
72023,51786,,,1,形容词,干枯腐烂
72024,51787,,,1,名词,一种食品。把牛或羊的肚儿（胃）切成片或丝放在滚水里略煮捞出，蘸佐料吃。
72025,51788,,,1,动词,出殡
72026,51789,,,1,动词,夜间巡查
72027,51790,,,1,名词,仕途
72028,51791,,,1,名词,淋病的旧称
72029,51792,,,1,动词,酌情减少
72030,51793,,,1,名词,在蛋壳或蛋形物上绘画的工艺品
72031,51794,,,1,名词,我国传统计时法指晚上7—9点的时间
72032,51795,,,1,名词,彩票
72033,51796,,,1,名词,指表示退让、道歉、求情、讨好的话
72034,51797,,,1,名词,遮盖用的大块雨布
72035,51798,,,1,形容词,迟钝；缓慢
72036,51799,,,1,形容词,形容泪流不止；也形容细雨、露水等不停地下落
72037,51800,,,1,名词,射击训练用的活的目标；比喻批判、斗争的对象
72038,51801,,,1,形容词,瑰丽奇特
72039,51802,,,1,动词,指人的身体承受不了夏天的炎热而出现食欲不振、身体消瘦等症状
72040,51803,,,1,名词,旧指正妻所生的儿子；特指嫡长子
72041,51804,,,1,名词,为获取鸭蛋而饲养的鸭子
72042,51805,,,1,名词,混入毒药的食物，用来诱杀老鼠、害虫等
72043,51806,,,1,名词,烧木炭用以取暖的火盆
72044,51807,,,1,形容词,（局面、形势）动荡不安
72045,51808,,,1,动词,拨动；撩起
72046,51809,,,1,名词,从事锻工的工人
72047,51809,,,2,名词,锻造金属材料的工种
72048,51810,,,1,形容词,冷淡傲慢
72049,51811,,,1,动词,（用逆运算或其他算法）检验运算结果有无差错
72050,51812,,,1,名词,阳光中的紫外线经雪地表面的强烈反射对人眼睛造成的损伤。有眼红痛、畏光、流泪、视物不清等症状，严重者可导致失明
72051,51813,,,1,动词,指挥调度；提取调用
72052,51813,,,2,名词,负责调度的人
72053,51814,,,1,动词,欺骗吓唬
72054,51815,,,1,名词,田埂
72055,51816,,,1,名词,云气；雾气
72056,51817,,,1,名词,带糖馅儿的包子
72057,51818,,,1,名词,敌方的电台
72058,51819,,,1,名词,皇家饲养禽兽、种植林木的园子
72059,51820,,,1,名词,安有铁钉齿的耙子。用于打碎土块儿、平整土地等。（也说钉齿耙。）
72060,51821,,,1,动词,指部队或企事业单位编制中人员空缺
72061,51822,,,1,动词,言语或行动顶撞、冒犯对方
72062,51823,,,1,名词,徽剧的旧称。其声腔包括吹腔、高拨子、西皮、二黄等，清代传入北京，对京剧唱腔的形成有重大影响
72063,51824,,,1,名词,覆盖在胸部，起保护作用的用品
72064,51825,,,1,名词,祝颂的诗篇
72065,51826,,,1,形容词,呆滞；不灵便
72066,51827,,,1,名词,冬季将尽的时候
72067,51828,,,1,动词,督促并鼓励
72068,51829,,,1,动词,享福
72069,51830,,,1,,比喻相互间观点、态度完全一致，言行如出自一人（含贬义）
72070,51831,,,1,名词,耳郭边缘的卷曲部分，下面与耳垂相连
72071,51832,,,1,名词,稿件的来源
72072,51833,,,1,形容词,孤高耿直，愤世嫉俗
72073,51834,,,1,动词,出其不意地攻占
72074,51834,,,2,动词,沿用（旧的或已有的制度、经验、做法等）
72075,51835,,,1,动词,敬词，佩服
72076,51836,,,1,名词,烹调用的淀粉；也可制作粉皮、粉丝等
72077,51837,,,1,动词,承担
72078,51838,,,1,名词,柔软结实的程度
72079,51839,,,1,名词,磨牙的俗称
72080,51840,,,1,名词,动植物体上长的像胡须的东西
72081,51841,,,1,名词,用篾条编制的器具，用来淘米、洗菜等
72082,51842,,,1,名词,谷子的外壳
72083,51843,,,1,动词,长期接触而染上（不良行为或嗜好）
72084,51843,,,2,名词,坏习惯
72085,51844,,,1,名词,整夜
72086,51845,,,1,名词,浆果的汁液
72087,51846,,,1,名词,赌博时用的本钱；比喻进行冒险行动所依仗的力量
72088,51847,,,1,动词,赶去拯救国难
72089,51848,,,1,形容词,憋闷
72090,51849,,,1,名词,构成脚趾的小型长骨。人的拇趾有两节，其余各趾均有三节
72091,51850,,,1,名词,用糜子面或小米面煮成的糊状食品。吃时加麻酱、椒盐等
72092,51851,,,1,量词,土地面积非法定计量单位，1市亩等于1/15公顷，等于666⅔平方米，合60平方市丈
72093,51852,,,1,名词,两倍的工资
72094,51853,,,1,动词,死得没有价值；含冤而死
72095,51854,,,1,名词,银河
72096,51854,,,2,名词,云霄
72097,51855,,,1,形容词,形容人的块头或物体的体积大，脸色或颜色黑，十分粗笨
72098,51856,,,1,,趁对方没有防备的时候或向对方没有防备的地方发起攻击
72099,51857,,,1,动词,不要责怪
72100,51858,,,1,动词,水冻结成冰
72101,51859,,,1,名词,泥和污垢
72102,51860,,,1,动词,赶着驴、骡等供人雇用（乘坐或驮东西）
72103,51861,,,1,动词,被贬官职后住在某地
72104,51862,,,1,名词,发音沙哑的嗓子
72105,51862,,,2,动词,嗓子沙哑
72106,51863,,,1,名词,鹦鹉
72107,51864,,,1,动词,牵扯；纠缠
72108,51865,,,1,,鸡犬的叫声彼此都能听见。形容住得很近
72109,51866,,,1,名词,旧时民间朝山进香的聚会；也指因朝山进香组成的民间团体
72110,51867,,,1,,在力量组织的顺序方面属于第三轮出线的队伍；借指更长远的后备领导干部队伍
72111,51868,,,1,动词,客套话，用于请人帮忙或感谢人替自己做事
72112,51869,,,1,名词,旧时用天干地支中的八个字所表示的人出生的年、月、日、时（庚：年龄）；泛指人出生的时间
72113,51870,,,1,名词,帐子
72114,51871,,,1,名词,指城门外的大街及附近的地区
72115,51872,,,1,,性情豪放，不受拘束（羁：拘束，约束）
72116,51873,,,1,,对社会上各种行业的统称
72117,51874,,,1,名词,含有适量杀菌剂或防腐剂的肥皂
72118,51875,,,1,动词,冬季灌溉农田。可提高地温，减少冻害，以利秋播作物生长；也可使闲置地提高耕作质量，保证春耕不误农时
72119,51876,,,1,,丢弃头盔和铠甲。形容一败涂地、仓皇逃跑的狼狈相
72120,51877,,,1,,秋收后结算一年的收入、支出；比喻事后评判是非、追究责任或进行报复
72121,51878,,,1,名词,用红纸书写的光荣榜
72122,51879,,,1,,《左传·定公四年》：“会同难，啧有烦言，莫之治也。”意思是议论纷纷，大家都抱怨责备
72123,51880,,,1,名词,某些低等动物体内呈针状或其他形状的钙质或硅质小骨。具有支撑和保护身体的作用。如原生动物放射虫、海参等都有不同类型的骨针
72124,51881,,,1,动词,看穿；看透
72125,51882,,,1,名词,【坎】田间高出地面的土埂
72126,51883,,,1,形容词,形容大声喝令、盛气凌人
72127,51883,,,2,,原指掷色子时的呼喊声（五、六是色子的高点，掷到者可望获胜）；泛指赌博时的喧嚣声
72128,51884,,,1,名词,尸骨
72129,51885,,,1,动词,驾着车辕拉车
72130,51886,,,1,名词,垂钓的用具，包括钓竿、钓线、钓钩等
72131,51887,,,1,名词,祸害；灾殃
72132,51888,,,1,动词,响应招募
72133,51889,,,1,名词,影视作品中声音和画面的合称；借指影视作品
72134,51890,,,1,名词,〈文〉黑暗混乱的时代
72135,51890,,,2,名词,佛教指尘世
72136,51891,,,1,动词,完成学业；毕业
72137,51892,,,1,动词,雄壮地屹立
72138,51893,,,1,,指在背后指责耻笑
72139,51894,,,1,动词,弥补缝缀。比喻补救或掩盖过失，以免暴露
72140,51895,,,1,动词,选择可信的人交朋友
72141,51896,,,1,名词,评书表演用的小道具，长方块状，多用硬木制成。说书时用来拍击桌子，以增强气势，引起听众注意或模拟某种声响
72142,51897,,,1,动词,修建；建造（房屋）
72143,51898,,,1,动词,佛教指和尚盘腿端坐而死
72144,51899,,,1,名词,用铁铸成的公鸡。比喻非常吝啬、一毛不拔的人
72145,51900,,,1,名词,指具有一定伸缩性或没有量化的指标（跟“硬指标”相区别）
72146,51901,,,1,名词,冷漠严肃的脸色
72147,51902,,,1,名词,中草药方剂中附加的药物。可调节药性，增强药效
72148,51903,,,1,,行军作战中充当先头部队；比喻工作中起带头作用
72149,51904,,,1,名词,靴靿至膝的靴子
72150,51905,,,1,名词,旧时一千个铜钱串在一起为一吊，五百钱为半吊。比喻知识贫乏或技术不高的人；也比喻不通事理或办事不实在、有始无终的人
72151,51906,,,1,,比喻没有原则立场，哪边势力大就倒向哪边
72152,51907,,,1,名词,由速生树种（如杨树、柳树、泡桐、桉树等）营造的树林
72153,51908,,,1,,显示威势或气派（含贬义）
72154,51909,,,1,名词,安装在窗户上或墙孔中的电风扇，运转时可向室外排放室内的污浊空气以保持室内空气清新
72155,51910,,,1,名词,衰败没落的人家
72156,51911,,,1,名词,物体的中间部位
72157,51911,,,2,名词,比喻事情进行的中间阶段
72158,51912,,,1,名词,爱挑剔、刁难，不好对付的人
72159,51913,,,1,名词,经油炸的豆腐食品，多为方块
72160,51914,,,1,名词,剧场、礼堂等公共场所设置的在紧急情况下能及时疏散群众的旁门
72161,51915,,,1,名词,一种把较多层袼褙重叠起来纳成的鞋底
72162,51916,,,1,名词,机关、企事业等单位的工作人员在工作的间隙集体做的健身体操
72163,51917,,,1,名词,汉代最高一级侯爵，享有万户农民赋税。后泛指高官
72164,51918,,,1,名词,具有同声对比、录音复读等功能的录音机
72165,51919,,,1,名词,起诉状
72166,51920,,,1,名词,〈口〉巧妙的方法、节省力气的手段
72167,51920,,,2,名词,〈口〉凑巧的事
72168,51921,,,1,名词,指红、绿、蓝三种色光。它们在不同强度下可以复合成光谱中的各种色光
72169,51921,,,2,名词,颜料或染料中指品红、黄、青三种颜色
72170,51922,,,1,名词,瓜类植物的种子；特指炒制成食品的西瓜子、南瓜子等，也包括葵花籽
72171,51923,,,1,名词,比喻凶恶丑陋的妇女
72172,51924,,,1,形容词,形容迟钝呆板的样子
72173,51925,,,1,名词,用纸捻成的像细绳的东西。旧时多用来装订书册或点油灯
72174,51926,,,1,,拨开沙砾拣出金粒儿。比喻从大量芜杂的事物中选取精华。
72175,51927,,,1,动词,编造情节取笑（他人）
72176,51927,,,2,动词,夸大或捏造别人的短处
72177,51928,,,1,名词,绪论；多指论文或论著前面论述全文或全书要旨的文字
72178,51929,,,1,名词,存放一年以上的粮食
72179,51930,,,1,动词,灌注液体清洗肠胃或其他器官
72180,51931,,,1,名词,供食用的鸡、鸭等胸部的嫩肉
72181,51932,,,1,动词,玩弄；戏弄
72182,51932,,,2,动词,拨弄调整（乐器）
72183,51933,,,1,动词,无偿地附带赠送
72184,51933,,,2,动词,白费
72185,51934,,,1,形容词,（肉、鱼等）脂肪多得使人不想吃
72186,51935,,,1,动词,参考有关情况加以斟酌
72187,51936,,,1,动词,宗教徒解除戒律；借指一般人解除禁忌
72188,51937,,,1,动词,牵挂想念
72189,51938,,,1,名词,渔家妇女
72190,51939,,,1,名词,嘴唇的外轮廓线；也指用唇笔沿嘴唇的外轮廓勾画的线
72191,51940,,,1,形容词,（气味）又腥又臊
72192,51941,,,1,名词,长期没有治愈的病；老病
72193,51941,,,2,名词,比喻长久积累的弊端
72194,51942,,,1,名词,请人参加婚礼的请柬
72195,51942,,,2,名词,旧时议定婚嫁时，男方送给女方的聘帖
72196,51943,,,1,动词,留头发
72197,51944,,,1,名词,阴德
72198,51945,,,1,形容词,工整而稳妥（多指诗文、书画）
72199,51946,,,1,动词,同龄（庚：年龄）
72200,51947,,,1,名词,头脑不清醒时说的话；胡话
72201,51947,,,2,名词,荒谬无理的话
72202,51948,,,1,名词,功业
72203,51949,,,1,动词,（从财物上）帮助贴补
72204,51950,,,1,名词,戏曲中武将帽子上起装饰作用的雉尾翎
72205,51950,,,2,名词,清代官员礼帽上标志官品高低的孔雀翎或雉尾翎
72206,51951,,,1,动词,把持权力
72207,51952,,,1,名词,虚幻的听觉
72208,51953,,,1,动词,当面致谢
72209,51954,,,1,动词,景仰；思慕
72210,51955,,,1,形容词,（草木等）深绿
72211,51956,,,1,名词,在麦地或场院堆积起来的未脱粒的麦秆堆
72212,51957,,,1,动词,旧指触犯统治者的禁忌
72213,51958,,,1,名词,数字“0”的诙谐说法
72214,51959,,,1,名词,酒
72215,51960,,,1,,不走正道的人改邪归正比金子还珍贵
72216,51961,,,1,名词,尼姑庵
72217,51962,,,1,名词,指钱财（古代曾以布帛代货币）
72218,51963,,,1,名词,落叶乔木，高可达20米，树皮灰色，叶子有臭味。木材粗硬，可供建筑、造纸等用，种子可以榨油，根皮可以做药材
72219,51964,,,1,名词,原指女子梳妆用的镜匣；后泛指嫁妆
72220,51965,,,1,名词,泵的旧称
72221,51966,,,1,动词,【奢望】过分地希望
72222,51966,,,2,名词,【奢望】过分的希望
72223,51967,,,1,动词,暂时空缺
72224,51968,,,1,名词,游标卡尺的简称
72225,51969,,,1,动词,互相替换
72226,51970,,,1,动词,侧转头看旁边
72227,51970,,,2,动词,顾及其他的人和事物
72228,51971,,,1,名词,滞留在胃里的食物
72229,51971,,,2,动词,停食
72230,51972,,,1,动词,两人一起喝酒
72231,51973,,,1,名词,腔肠动物，圆筒状，颜色鲜艳，口周围生着好几圈大小长短不同的触手，在海水中伸展时形如葵花。多生长在海洋石缝或泥沙里，也有的生长在螺壳或蟹壳上，以小鱼等为食
72232,51974,,,1,动词,说谎骗人
72233,51975,,,1,动词,没有根据轻率地作出结论
72234,51976,,,1,名词,路费
72235,51977,,,1,名词,一端系有盘子的杆秤，把东西放在盘子里称出重量
72236,51978,,,1,名词,某些鱼类因产卵、越冬等而成群出现在某一水域适于捕捞的时期
72237,51979,,,1,名词,凶狠蛮横的女人
72238,51980,,,1,名词,处于启蒙时期的儿童
72239,51981,,,1,动词,怕老婆
72240,51982,,,1,形容词,形容哭声、水声低微
72241,51983,,,1,名词,枪炮里的一种机件，用来撞击子弹或炮弹的底火
72242,51984,,,1,名词,（事情的）开头；起因
72243,51985,,,1,动词,改变神态
72244,51985,,,2,动词,改变面容
72245,51986,,,1,动词,命令（身边的下属或仆役等）退出
72246,51986,,,2,动词,旧指免去官职或开除学籍
72247,51987,,,1,动词,以接受惩罚来抵偿应负的罪责
72248,51988,,,1,名词,彩色的装饰
72249,51989,,,1,,抛弃旧的，谋求新的。多指抛弃原来的错误，走向新的正确的道路
72250,51990,,,1,名词,一贯玩弄妇女的坏人
72251,51991,,,1,,讥讽某人妻子有外遇（元、明两朝规定，娼家男子戴绿头巾）
72252,51992,,,1,,唐·韩愈《进学解》：“业精于勤，荒于嬉。”意思是学业上的精深造诣，出于勤奋
72253,51993,,,1,动词,故意做出娇媚的表情或姿态以诱惑人
72254,51994,,,1,,把滚开的水舀起来再倒回去，想使沸腾停止。比喻治标不治本，不解决根本问题
72255,51995,,,1,,得到了合适的地方。指得到适当的安排，称心如意
72256,51996,,,1,形容词,形容心虚胆怯的样子
72257,51996,,,2,,比喻胆子小，怕负责任
72258,51997,,,1,形容词,羞愧、难为情的样子
72259,51998,,,1,名词,各种金属或非金属元素与氢氧化合而成的无机物
72260,51999,,,1,,攻打城池，夺取地盘（略：夺取）
72261,52000,,,1,,甲事物能制服乙事物，却又被另一事物所制服
72262,52001,,,1,,把（自家的）破扫帚当宝贝珍惜。比喻东西虽然不大好，自己却很珍惜
72263,52002,,,1,,容貌俊秀，内心聪慧
72264,52003,,,1,,从一次能源加工转换而成的人工能源。如汽油（由石油分馏而出）、电（由煤、水力、核能等转换而成）等
72265,52004,,,1,叹词,多人从事重体力劳动时为协调动作而呼喊的声音
72266,52005,,,1,,古代原指军队排成的“一”字形横阵；现形容人或物排成很长的队
72267,52006,,,1,动词,珍重保养（身体）
72268,52007,,,1,名词,用黄鼠狼的毛制成的毛笔
72269,52008,,,1,名词,龋（qǔ）齿的俗称
72270,52009,,,1,名词,略图
72271,52010,,,1,动词,（因调度不当等原因）工作人员无事可做或不能充分发挥作用
72272,52011,,,1,动词,用夯砸实地基
72273,52012,,,1,名词,维吾尔语音译。一年或二年生草本植物，产于新疆、甘肃等地。籽实也叫孜然，黄绿色，香味浓烈，常用作调配牛羊肉等食物的调料。
72274,52013,,,1,,指热心公益，爱帮助人
72275,52014,,,1,,鼠肚鸡肠
72276,52015,,,1,名词,指球类比赛出现违例、犯规、争球等情况时，裁判员鸣哨，比赛暂停的状态
72277,52016,,,1,,对软的或硬的手段都不理会
72278,52017,,,1,,姑且随便说一说。含有不一定正确的意思
72279,52018,,,1,名词,成分不纯的或含有各种有机物质的肥料
72280,52019,,,1,名词,天空
72281,52020,,,1,,一碰到就会崩溃。多形容不堪一击
72282,52021,,,1,动词,沾边
72283,52021,,,2,名词,缝在衣服或其他织物里面边缘处的窄条
72284,52022,,,1,,《老子》六十九章：“抗兵相若，哀者胜矣。”意思是实力相当的两军对垒，充满悲愤心情的一方会获得胜利。后多用“哀兵必胜”指受压迫而奋起反抗的一方一定会胜利
72285,52023,,,1,,话说得甜蜜动听，心里却阴险狠毒。形容人狡诈阴险
72286,52024,,,1,名词,比喻懦弱无能的人
72287,52024,,,2,名词,软外壳的禽蛋
72288,52025,,,1,副词,顺便
72289,52026,,,1,,用电子电路和集成电路制成的玩具。可以自控、遥控，也可发出声光。有电子琴、电子动物、电子智能玩具、电子游戏机等多种
72290,52027,,,1,,对某些行为本应追究法律责任，但因有此行为的人多而不便追究
72291,52028,,,1,名词,年龄稍大的已婚的客机女乘务员
72292,52029,,,1,动词,空着身子。指（外出时）身上没有携带东西
72293,52030,,,1,动词,拔去过密的幼苗，使保持适当的株距
72294,52031,,,1,名词,【媳妇】儿子的妻子
72295,52032,,,1,名词,彩色的丝线
72296,52032,,,2,名词,两股或三股拧在一起的包有绝缘材料的电源线
72297,52033,,,1,名词,人死亡的消息
72298,52033,,,2,名词,瞎信
72299,52034,,,1,名词,供凉吃的荤菜。如小肚儿、肉皮冻儿等
72300,52035,,,1,名词,旧式火枪，内装火药、铅弹等，用来打鸟。
72301,52036,,,1,,把利害关系告诉对方，使明白
72302,52037,,,1,,危在旦夕
72303,52038,,,1,动词,拦路抢劫
72304,52039,,,1,名词,花期
72305,52039,,,2,名词,指花信风
72306,52040,,,1,动词,旧指发工资；特指发给军警薪金
72307,52041,,,1,,指开发和提供知识服务的产业，包括教育、科研、信息服务等
72308,52042,,,1,名词,身体或物体上鼓起的疙瘩
72309,52042,,,2,动词,身体或物体上鼓起疙瘩
72310,52043,,,1,名词,二十四节气之一，在公历每年1月6日前后
72311,52044,,,1,,就在当地处以死刑
72312,52045,,,1,名词,编制之内
72313,52046,,,1,名词,雨水过多而淹没庄稼的现象
72314,52047,,,1,动词,请求调兵援助；比喻请求人力支援
72315,52048,,,1,名词,钟乳石
72316,52049,,,1,动词,公开表示谢意
72317,52050,,,1,动词,从事体力劳动；特指妇女做针线活儿
72318,52051,,,1,名词,指专为病人做的饭食，多是流食或半流食
72319,52052,,,1,名词,我国少数民族之一。主要分布在新疆
72320,52053,,,1,,拉家常
72321,52054,,,1,名词,一种泥状的合成材料，有可塑性，不易干，可供儿童手工捏成各种东西
72322,52055,,,1,,商品定价标准划一，卖给谁都不讨价还价
72323,52056,,,1,名词,专门供打字机打字用的纸，较薄，韧性好
72324,52057,,,1,名词,比喻外表装得和善而内心凶狠的人
72325,52058,,,1,形容词,形容碧绿而稠密的样子
72326,52059,,,1,,搭起擂台招人比武。比喻竞赛中向人挑战
72327,52060,,,1,名词,比喻极坏的用心
72328,52061,,,1,名词,人造纤维的一种，长度和纤度与棉纤维相仿，可纯纺或同棉、其他纤维混纺
72329,52062,,,1,,显现出能力的大小或水平的高低
72330,52063,,,1,名词,铺装室内地面用的材料。多以涤纶无纺布作底，上面涂塑料耐磨层制成。不怕水，易于清洗，花样繁多
72331,52064,,,1,名词,电话局设立的供人们查询电话号码的服务机构。我国查号台的电话号码是114（国内查询）和115（国际查询）
72332,52065,,,1,名词,旧时用金属制成的挂在小孩脖子上祈求长寿的锁状饰物
72333,52066,,,1,名词,比喻敢于大胆提意见的人（多指年轻人）
72334,52066,,,2,名词,指小型的轻便火炮
72335,52067,,,1,名词,虚幻的视觉
72336,52068,,,1,,撑门面
72337,52069,,,1,名词,根据对数原理制成的计算工具。由尺身、滑尺和指示滑标三部分组成。可用于乘、除、乘方、开方、三角函数值等运算
72338,52070,,,1,名词,某些地区指方便面
72339,52071,,,1,名词,在阵地堑壕、交通壕的两侧挖的半圆形的简易军事工事
72340,52072,,,1,名词,一种含朱砂而带红色斑块的石料。在我国主要产于浙江临安和内蒙古自治区林西、巴林等地，是石雕和印章的名贵材料
72341,52073,,,1,,每人按份额出钱，凑在一起送礼或办事
72342,52073,,,2,,〈口〉【凑热闹】添麻烦；添乱
72343,52074,,,1,动词,散步；溜（liū）达
72344,52075,,,1,,比喻一个人在一个单位同时担任两份工作，多指兼任行政和业务两种工作
72345,52076,,,1,名词,用檀香木制成的刻有精美花纹的折扇，为我国特种工艺品
72346,52077,,,1,名词,落叶乔木，叶长卵形，雌雄异株，夏季开花。木质坚韧细密，可制胶合板、门窗、家具等，树皮可以做药材
72347,52078,,,1,名词,一种山西风味面食。用弧形铁片把面团削成窄而长的面片儿煮着吃。（也说削面。）
72348,52079,,,1,名词,多年生草本植物，植株灰白淡绿，开白色或红色花，晒干后磨成粉，能用来驱杀蚊、虱及农业害虫等
72349,52080,,,1,名词,多指用石灰、沙子和黏土加水拌和而成的建筑材料。多用来打墙基或铺地面
72350,52081,,,1,名词,坟头
72351,52082,,,1,名词,指顽固守旧的思想；也指思想守旧的人
72352,52083,,,1,动词,固守；死守
72353,52084,,,1,名词,以风力为动力的磨
72354,52085,,,1,名词,书刊上列出的篇目次序
72355,52086,,,1,名词,含有贬义的称呼
72356,52086,,,2,动词,用贬义名词称呼
72357,52087,,,1,形容词,说话不硬气
72358,52088,,,1,动词,消失；止歇
72359,52089,,,1,名词,伴有强降雪的风暴。有雪暴时能见度很低
72360,52090,,,1,名词,我国传统计时法指下午5—7点的时间
72361,52091,,,1,动词,优待
72362,52092,,,1,动词,乘飞机时出现头晕、呕吐现象
72363,52093,,,1,动词,索要；讨取
72364,52094,,,1,形容词,潮湿闷热
72365,52095,,,1,名词,要旨；要义
72366,52096,,,1,动词,无选择地结交
72367,52097,,,1,动词,与匪徒勾结
72368,52098,,,1,名词,佩戴在胸前的花形饰品
72369,52099,,,1,动词,（把照片、证件等）用塑料薄膜套起来，再用塑封机烫贴封口
72370,52099,,,2,名词,用塑料薄膜制成的封皮或封套
72371,52100,,,1,动词,全部洒落（多用于比喻）
72372,52101,,,1,名词,瓷刻
72373,52102,,,1,动词,初步摸索到做某事的门径
72374,52103,,,1,名词,爬行动物，毒蛇的一种。体黄色或橄榄色，全身具黑色环带。生活在海洋中，以鱼为主要食物
72375,52104,,,1,名词,工作单位向职工发放的上下班乘车的费用津贴
72376,52105,,,1,名词,没有正式签字的契约或条约
72377,52106,,,1,形容词,恐惧不安
72378,52107,,,1,名词,指剧场、影院中包厢以外的座位；也指饭馆中包桌、包间以外的零散座位
72379,52107,,,2,名词,旧指人力车夫拉的不固定的乘客
72380,52108,,,1,名词,恶毒的心肠；坏心眼儿
72381,52109,,,1,名词,掌握大权的奸臣
72382,52110,,,1,名词,理发工具，有上下两排重叠的带刃的齿，通过上排齿的左右移动把头发剪下来。有手推子和电推子两种。
72383,52111,,,1,名词,旧指中央政府中重要的部门或官职
72384,52112,,,1,,添油加醋
72385,52113,,,1,,法国作家拉·封丹写的一则寓言，说狡猾的猴子骗猫去偷炉火中烤着的栗子，结果偷出的栗子全被猴子吃了，猫却毫无所得，还把脚上的毛烧掉了。比喻冒险替人出力，吃尽苦头，自己却一无所获
72386,52114,,,1,,为他人排除危难，调解纠纷
72387,52115,,,1,动词,大醉
72388,52116,,,1,名词,用荞麦籽实磨成的面粉，可做面条、扒糕等
72389,52117,,,1,名词,用杏肉制成的蜜饯食品，味酸甜
72390,52118,,,1,名词,善良的人们；好人（多用于否定）
72391,52119,,,1,名词,妹夫
72392,52120,,,1,名词,戏曲演出节目单，主要内容有当天演出剧目、主要演员姓名及票价等
72393,52121,,,1,动词,（将信息、话语等）转告他人
72394,52122,,,1,名词,上旬
72395,52123,,,1,形容词,形容行为举止不正派，有流氓习气
72396,52124,,,1,形容词,形容动物上下跳跃
72397,52124,,,2,,上窜下跳
72398,52125,,,1,名词,辅助练习滑冰的器具。多在木椅下安装一对冰刀，人推椅背练习滑冰
72399,52126,,,1,形容词,愚昧无知
72400,52127,,,1,,同心同德；思想、信念一致
72401,52128,,,1,名词,安装钻探机的平台
72402,52129,,,1,动词,到现场查看
72403,52130,,,1,名词,落叶乔木，花白色，果实倒卵形或卵圆形，浅黄色，皮薄肉嫩，甜而多汁。品种很多，以鸭梨、茌（chí）梨最著名
72404,52131,,,1,名词,尺蠖蛾的幼虫。身体细长，行动时身体一曲一伸，像用大拇指和中指量距离一样，故称。成虫称尺蠖蛾。危害果树、茶树、桑树等林木。因化蛹时常吐丝悬垂在空中，俗称吊死鬼儿
72405,52132,,,1,动词,抓住空闲时间加以利用
72406,52133,,,1,动词,一种游戏。把某些小物件握在手心里让人猜，猜对的算胜
72407,52134,,,1,,国家屡遭灾祸，可以激励民众战胜困难，振兴国家
72408,52135,,,1,名词,偷窃成性、屡教不改的小偷
72409,52136,,,1,名词,用藤子编织的器物
72410,52136,,,2,动词,用藤子编织
72411,52137,,,1,名词,旧军队中品质恶劣、胡作非为的士兵
72412,52138,,,1,,借公事来报私人的仇怨
72413,52139,,,1,名词,已经确立将继承皇位的人
72414,52140,,,1,,一生的经历多有坎坷
72415,52141,,,1,动词,又踢又蹬
72416,52141,,,2,动词,〈口〉折腾；受折磨
72417,52141,,,3,动词,〈口〉挥霍；糟蹋
72418,52141,,,4,动词,〈口〉处理；清理
72419,52142,,,1,动词,敬词，赠送
72420,52143,,,1,形容词,凶恶猖狂
72421,52144,,,1,名词,在岩石上打凿孔眼的工具，一般是一头尖的长钢棍
72422,52145,,,1,,中医诊断疾病的四种常用方法。“望”是观察病人的气色；“闻”是听病人发出的声音，闻病人的气息；“问”是询问病人的症状和病史；“切”是用手诊脉或触按身体其他部位
72423,52146,,,1,名词,用烧焦的细木枝或炭粉制成的笔，多用于素描和写生
72424,52147,,,1,动词,集中多股力量剿灭
72425,52148,,,1,名词,干枯的树木
72426,52149,,,1,名词,拾到的别人遗失的东西
72427,52150,,,1,名词,密集成串的雨点
72428,52151,,,1,名词,防雨的斗篷
72429,52152,,,1,,指自己不干事，光指挥别人干事的人；也指什么都不管，空担其名的人
72430,52153,,,1,,非常纯洁，没有污点
72431,52154,,,1,,指当权者出卖官职爵位，以收受钱财（鬻：卖）
72432,52155,,,1,,装酒饭的口袋。比喻除了吃喝外没有别的本事的人
72433,52156,,,1,形容词,没羞
72434,52157,,,1,,《左传·襄公二十六年》记载：楚国的穿封戌俘虏了郑国的皇颉，王子围要争功，二人发生争执，请伯州犁裁处。伯州犁有意偏袒王子围，叫皇颉出面作证，同他谈到王子围时“上其手”（举起手），谈到穿封戌时“下其手”（放下手）。皇颉领悟，就谎称是王子围抓获他的。后用“上下其手”指玩弄手法，串通作弊
72435,52158,,,1,名词,羊的毛；特指用柔软的羊毛做笔头儿的毛笔
72436,52159,,,1,动词,占取集体或他人的钱物使自己富起来
72437,52160,,,1,,四肢和躯干都短小的身材
72438,52161,,,1,,粗率中有细心之处
72439,52162,,,1,动词,用手接触
72440,52162,,,2,动词,比喻介入某事
72441,52163,,,1,动词,审察检验
72442,52164,,,1,动词,有道理；在理
72443,52165,,,1,名词,炉内燃烧时的温度；特指冶炼炉中的温度
72444,52166,,,1,名词,牛的一种急性传染病，猪、羊、骆驼等也会感染。由病毒引起，症状是高热、寒战，口内黏膜糜烂，鼻子、眼睛流出脓状分泌物，腹泻带脓血，通常在10天左右死亡
72445,52167,,,1,,古代贵族豪门吃饭时鸣钟奏乐，列鼎盛放珍贵的食品。形容奢侈豪华的生活
72446,52168,,,1,名词,卤制的荤菜，如卤鸡、卤蛋
72447,52169,,,1,名词,只有面和里而没有棉絮的被子
72448,52170,,,1,动词,伸进手探取（物品）
72449,52171,,,1,,要表达的意思在言辞之外。表示语言含蓄，不把真正用意直接说出来
72450,52172,,,1,名词,与正路方向不一致的路；比喻不正确的发展方向
72451,52173,,,1,,宁可缺少，也不要不顾质量地一味求多
72452,52174,,,1,名词,指时装模特表演时走的台步。因像猫行走时的步态，故称
72453,52175,,,1,名词,窟窿；洞
72454,52176,,,1,形容词,开阔明朗；豁达开朗
72455,52177,,,1,名词,指珍珠、翡翠一类的饰物
72456,52178,,,1,名词,应该找回的钱
72457,52179,,,1,动词,把初生的婴儿淹死
72458,52180,,,1,动词,水过满，四面流淌
72459,52181,,,1,动词,凭空捏造；制造假象
72460,52182,,,1,动词,减少；节省
72461,52183,,,1,,志向高远而才能达不到（疏：空虚，浅薄）
72462,52184,,,1,名词,邪念
72463,52185,,,1,名词,阴间
72464,52186,,,1,,《韩非子·外储说左上》中说：有个楚国人去郑国卖珍珠，把装珍珠的匣子装饰得非常华美贵重，郑国人买下匣子，而把珍珠还给楚国人。后用“买椟还珠”比喻缺乏见识，取舍不当
72465,52187,,,1,,原指周密严谨，没有漏洞可钻；也指没有机会可以利用
72466,52188,,,1,动词,停止写作或画画
72467,52189,,,1,,机床
72468,52190,,,1,名词,搭在肩上的褡裢
72469,52191,,,1,,经常转动的门轴不会被虫蛀蚀。比喻经常运动着的东西不容易被侵蚀（常跟“流水不腐”连用）
72470,52192,,,1,名词,草书
72471,52192,,,2,名词,拼音字母的手写体
72472,52193,,,1,,对方用什么手段来进攻，我们就用什么手段去还击。表示针锋相对，毫不示弱
72473,52194,,,1,名词,留传下来的风气或风范
72474,52195,,,1,名词,一种可以折叠的屏风，通常是四扇、六扇或八扇连在一起
72475,52196,,,1,,《资治通鉴·唐纪》记载：唐代武则天命来俊臣审问酷吏周兴。来俊臣问周兴：犯人不招供，有什么好法子?周兴说：取个大瓮，把犯人装进去，用炭火在四面烤他即可。于是来俊臣命人取来大瓮，对周兴说：奉命审问老兄，请您自己进入这个大瓮吧!周兴吓得全都招认了。后用“请君入瓮”比喻拿某人整治别人的办法来整治他自己
72476,52197,,,1,名词,一种打击乐器，古称铜钹、铜盘、铜钵
72477,52198,,,1,动词,指谷类作物植株由绿变黄，籽实成熟
72478,52199,,,1,名词,生僻的、不容易认读的字
72479,52200,,,1,名词,书的基本的、主要的部分
72480,52201,,,1,形容词,形容颜色暗紫中带红（多用于书面）
72481,52202,,,1,形容词,惊奇
72482,52203,,,1,,【电子污染】各种电子设备，包括空调机、彩电、卡拉OK、微波炉等，在工作时产生的电磁波，影响其他电子设备的工作和人体健康
72483,52204,,,1,名词,树阴
72484,52205,,,1,名词,呈球状的胶体，多指用胶体裹成的药丸
72485,52206,,,1,动词,守孝
72486,52207,,,1,名词,盛东西的斗状器具
72487,52207,,,2,名词,煤矿里装煤运煤的器具
72488,52208,,,1,,事情纷乱而没有头绪
72489,52209,,,1,动词,相传是商纣王所用的一种酷刑。用炭烧铜柱使烫，让被惩罚的人在铜柱上爬行。后指用烧红的铁烙人
72490,52210,,,1,动词,注销已登记在册的人、物、事项、编号等；也指注销号码
72491,52211,,,1,名词,欺骗人的话
72492,52212,,,1,动词,暂时使用
72493,52213,,,1,,看守摊位；比喻维持局面
72494,52214,,,1,名词,鸟，羽毛多为棕色，羽冠明显，嘴细长略弯。以昆虫为食，对农业有益。俗称呼呼哱、山和尚
72495,52215,,,1,名词,副伤寒沙门杆菌引起的急性肠道传染病。症状比伤寒轻，病程比伤寒短
72496,52216,,,1,名词,指胖人凸起的腹部（多指男性）。人们认为是因常喝啤酒所致，故称
72497,52217,,,1,名词,三幕或三幕以上的大型戏剧。特点是剧情复杂，人物较多，时间或空间跨度大，能反映较复杂的社会生活（跟“独幕剧”相区别）
72498,52218,,,1,形容词,形容矮而粗壮的样子
72499,52219,,,1,,比喻享受特殊待遇或帮助
72500,52219,,,2,,在集体大食堂吃比较好的饭菜（跟“吃大灶”相区别）
72501,52220,,,1,名词,高空作业或表演时为保障人身安全而使用的带子。一端系在腰部，另一端固定在牢固的物体上
72502,52221,,,1,动词,指锻造、铸造、热轧、热处理等，有时也包括焊接。因加工时通常需要对工件加热，故称
72503,52222,,,1,名词,古典小说《西游记》中孙悟空使用的棒，变化万端，威力无穷
72504,52223,,,1,名词,小檗碱的通称。从黄连、黄檗、三棵针等植物中提取，也可人工合成，是一种抗菌性生物碱。用于治疗痢疾、眼结膜炎、中耳炎等
72505,52224,,,1,名词,唐·沈既济《枕中记》中说，一个姓卢的读书人，一天在旅店睡觉做梦，梦中享尽荣华富贵。待梦醒来，旅店为客人准备的小米饭还没有煮熟（黄粱：黄小米）。后用“黄粱梦”比喻虚幻的梦想或根本不能实现的愿望
72506,52225,,,1,名词,英语[combine]音译。联合收割机。
72507,52226,,,1,名词,神话小说中指一种能照出妖精原形的镜子；比喻能识别坏人的依据或方法
72508,52227,,,1,名词,各面均为矩形的平行六面体
72509,52228,,,1,名词,脊髓发炎的病症，由病毒或细菌感染引起，常见于背脊髓。起病急，迅速出现下肢瘫痪、下半身感觉丧失和大小便失禁、滞留等
72510,52229,,,1,动词,中医指妇女在非行经期阴道突然大量出血
72511,52230,,,1,名词,形声
72512,52230,,,2,动词,【谐音】字词的读音相同或相近
72513,52231,,,1,名词,口才好，善于辩论的人
72514,52232,,,1,名词,和暖的东南风或南风
72515,52233,,,1,动词,歇脚
72516,52234,,,1,名词,草本植物燃烧后剩下的灰烬
72517,52234,,,2,形容词,形容颜色灰而微黄
72518,52235,,,1,名词,人和哺乳动物妊娠期间包裹胎儿和羊水的膜质囊袋。临产时胞衣破裂，流出羊水，胎儿娩出时随胎盘一同排出
72519,52236,,,1,动词,使人害羞
72520,52237,,,1,动词,浮水
72521,52238,,,1,名词,用朱笔写的批语；特指皇帝的御批
72522,52239,,,1,名词,指痴迷于电子计算机网络，上网时间长、频度高的人
72523,52240,,,1,形容词,适合心意
72524,52241,,,1,动词,【丛生】（草木等）聚在一起生长
72525,52242,,,1,动词,迅速上升（多用于行情等）
72526,52243,,,1,名词,镜片四周装有护罩，用来阻挡风沙的眼镜
72527,52244,,,1,名词,冷僻的、通常很难想到的试题
72528,52245,,,1,动词,发贱
72529,52246,,,1,名词,香榧的种子
72530,52247,,,1,名词,音乐上指两个音高之间的距离。计算音程的单位称“度”。八度以内的音程叫单音程，超过八度的叫复音程
72531,52248,,,1,名词,特指以孙悟空为主角的戏曲剧目，如《大闹天宫》《孙悟空三打白骨精》等
72532,52248,,,2,名词,耍猴子的把戏。演出者指挥经过训练的猴子模仿人的种种动作进行表演
72533,52249,,,1,动词,谦词，用于称对方对自己的关心爱护
72534,52250,,,1,名词,高明的窍门或方法
72535,52251,,,1,动词,（用威胁或暴力等手段）强迫他人成婚
72536,52252,,,1,形容词,勇猛强悍
72537,52253,,,1,名词,磨去法螺外壳尖顶制成的号角。古代多在航海船上吹奏；做佛事时也常用来吹奏
72538,52253,,,2,名词,软体动物，外壳为螺旋状圆锥体，壁厚，长约三四十厘米。生活在海洋中
72539,52254,,,1,形容词,【飘浮】形容作风不踏实、不深入
72540,52255,,,1,名词,救不活的棋局或棋局中救不活的棋子；比喻注定失败的结局
72541,52256,,,1,动词,举办丧礼
72542,52256,,,2,动词,在丧礼中大声号哭，以示哀悼
72543,52257,,,1,动词,约束自己；不放纵
72544,52257,,,2,动词,自缚其身，以示归顺
72545,52258,,,1,名词,衣服的下摆
72546,52259,,,1,名词,正当吃饭的时候
72547,52260,,,1,动词,抢劫女子成亲
72548,52260,,,2,名词,掠夺婚
72549,52261,,,1,名词,军警等制服领子上的标志，标明不同的军种、兵种、专业、级别等
72550,52261,,,2,名词,领结
72551,52262,,,1,动词,除去或减少物质中的盐分；特指减少盐碱地中的盐分含量以利种植
72552,52263,,,1,动词,仰望羡慕
72553,52264,,,1,形容词,粗疏简略
72554,52264,,,2,动词,疏漏忽略
72555,52265,,,1,名词,哺乳动物，后肢发达，有蹼，善游泳，多栖息于河流或湖沼边缘。雄性能分泌河狸香。旧称海狸
72556,52266,,,1,动词,解除婚约
72557,52267,,,1,名词,比喻本职工作之外得来的收入（含贬义）
72558,52267,,,2,名词,禽兽在野外找到的食物
72559,52268,,,1,动词,狠下决心；决心豁出去
72560,52269,,,1,形容词,又傻又笨
72561,52270,,,1,名词,指女子美好的姿容
72562,52271,,,1,名词,用压力喷射固体粉末或液体等的枪形喷射用具
72563,52272,,,1,动词,开怀
72564,52272,,,2,动词,放心
72565,52273,,,1,名词,首领
72566,52273,,,2,名词,核心部分
72567,52274,,,1,名词,专供暂时寄存货物的场所
72568,52275,,,1,名词,详细的地图、蓝图等
72569,52276,,,1,名词,书刊中印有图画或照片的页面
72570,52277,,,1,动词,销毁罪证
72571,52278,,,1,形容词,迂回弯曲
72572,52279,,,1,动词,仿照原有的式样建造
72573,52280,,,1,名词,妇女裹头的纱巾
72574,52281,,,1,名词,一种能将药液随着叩打皮肤均匀地注入真皮（表皮的下一层）的针具。用药针治疗，可使局部皮肤的药物浓度达到治疗的要求，对某些疾病有一定疗效
72575,52282,,,1,名词,绵羊的一种。公羊有角，母羊多无角，多为白色，有的头部呈黑色，体躯长，毛质较好。主要产于宁夏黄河沿岸
72576,52283,,,1,名词,蜡烛燃烧时滴下的蜡油
72577,52284,,,1,动词,强令；迫使
72578,52285,,,1,动词,探听消息，观察动静
72579,52286,,,1,名词,由冰川侵蚀而形成的谷地，是鉴别古冰川作用的主要地貌标志之一
72580,52287,,,1,名词,无关紧要的话或事
72581,52288,,,1,动词,朗诵；诵读
72582,52289,,,1,名词,指尖锐深刻的话语或文辞，如刀剑的锋芒
72583,52289,,,2,名词,话题
72584,52290,,,1,动词,赶在前面
72585,52291,,,1,名词,一落地立即冻结成冰的雨
72586,52292,,,1,动词,紧密接合
72587,52292,,,2,动词,切合
72588,52293,,,1,形容词,惹人厌恶
72589,52294,,,1,动词,讲述；诉说
72590,52295,,,1,名词,吉利的话
72591,52296,,,1,名词,用木头制作的模具
72592,52297,,,1,名词,被敌人围困，处在危急中的城市
72593,52297,,,2,名词,〈文〉城墙很高的城
72594,52298,,,1,名词,墓碑
72595,52298,,,2,名词,古代一种文体，刻在墓碑上记述死者事迹和功德的文字。如柳宗元《陆文通先生墓表》
72596,52299,,,1,动词,收受贿赂
72597,52299,,,2,动词,进行贿赂
72598,52300,,,1,名词,指我国长江以南地区食品的风味
72599,52301,,,1,名词,比喻物体狭窄的中间部位或特别狭窄的通道；也比喻人的细腰
72600,52301,,,2,名词,蜂体中部细狭的部分
72601,52302,,,1,名词,月底
72602,52303,,,1,名词,旧时统治者对普通百姓的蔑称
72603,52304,,,1,动词,两腿前后或左右分开，裆部着地。多指武术、体操、舞蹈等的一种动作
72604,52305,,,1,名词,用黏土制成的未经烧过的砖、瓦、缸、盆坯子
72605,52306,,,1,动词,招致灾祸；泛指引发不愉快的事
72606,52307,,,1,名词,月亮周围的光环，是月光穿过云层经折射而产生的现象。是天气发生变化的预兆
72607,52308,,,1,动词,耸立于两侧
72608,52309,,,1,形容词,痴呆；智力低下
72609,52310,,,1,副词,几时曾经；何尝。用反问语气表示从未做过某事或发生过某种情况
72610,52311,,,1,动词,临别时赠送（诗文、言辞或礼物等）
72611,52312,,,1,动词,按次序排队
72612,52313,,,1,名词,用蒲葵叶制成的扇子。因形似芭蕉叶，俗称芭蕉扇
72613,52314,,,1,名词,不干净的土；某些地区指垃圾
72614,52315,,,1,名词,大炮里填充炮弹的空间，包括炮弹射出时所经的管道
72615,52316,,,1,动词,【絮叨】啰啰唆唆地说话
72616,52316,,,2,形容词,【絮叨】形容说话啰唆
72617,52316,,,3,动词,〈口〉给别人造成负担或麻烦
72618,52317,,,1,,好像死了父母一样（考：称死去的父亲；妣：称死去的母亲）。形容非常悲伤或着急（多含贬义）
72619,52318,,,1,,赵公明，民间传说中的财神爷
72620,52319,,,1,,原指帝王说的话；现泛指不可更改的话（含讥讽意）
72621,52320,,,1,,洁白的美玉上没有一点斑点。比喻十分完美。
72622,52321,,,1,,泛指音像制品
72623,52322,,,1,,从瓮里抓甲鱼。比喻要捕捉的对象已在掌握之中，极易捉到
72624,52323,,,1,,敲击山头以震惊老虎。比喻故意警示、震慑对方，或迫使隐蔽的对方有所行动而暴露目标
72625,52324,,,1,,祝颂词，福气像东海一样广阔无边（常跟“寿比南山”连用）
72626,52325,,,1,,由地面向空中发展的多层次绿化，如墙体绿化、楼顶绿化
72627,52326,,,1,,无可厚非
72628,52327,,,1,,古乐府《鸡鸣》：“桃生露井上，李树生桃旁。虫来啮桃根，李树代桃僵。”意思是李树代替桃树被虫蛀而枯死。本比喻兄弟应同甘苦，共患难，互相帮助；后多比喻以此代彼或代人受过
72629,52328,,,1,,比喻能力差的人做事唯恐落后，便提前行动（多用作谦词）
72630,52329,,,1,,每个人都做好本职工作
72631,52330,,,1,,古代学者认为孔子修订《春秋》，字寓褒贬，微言大义。后世把文笔曲折而意含褒贬的写作手法称为春秋笔法
72632,52331,,,1,,好像失落了什么东西似的。形容心中不自在、不踏实
72633,52332,,,1,,指道路、地面、墙体、房顶等的多层面综合绿化
72634,52333,,,1,形容词,形容心里焦急万分
72635,52334,,,1,,比喻未被清除干净而存留下来的坏人
72636,52335,,,1,名词,我国新疆地区称伊斯兰教的开斋节（肉孜：波斯语rozah音译）
72637,52336,,,1,,比喻坏人之间相互争斗
72638,52337,,,1,名词,日食的一种
72639,52338,,,1,名词,利用电能加热的火锅
72640,52339,,,1,,建筑时先搭好框架；比喻写文章、组建机构、创办事业等先安排整体结构
72641,52340,,,1,名词,（日出或日落时）火红的云霞
72642,52341,,,1,名词,全篇每句四个字或以四字句为主的诗。是我国汉代以前最通行的诗体
72643,52342,,,1,名词,丈夫的姐姐
72644,52343,,,1,动词,堂兄弟姐妹依长幼排列次序；也指在较大范围内依某种次序排列
72645,52344,,,1,动词,使身边的人离开
72646,52344,,,2,动词,隐退
72647,52345,,,1,动词,呼吸时两肋疼痛。多由于用力过猛导致肌肉或神经受伤而引起
72648,52346,,,1,动词,用华丽的词藻修饰
72649,52347,,,1,名词,做官的强烈欲望或浓厚兴趣（含贬义）
72650,52348,,,1,,原说“驴年马月”。我国传统农历用干支搭配纪年，而十二地支又和十二生肖对应，因十二生肖中无驴，不可能出现驴年，所以就用“驴年马月”指遥遥无期或不能预测的时间。在流传过程中，后人多说成“猴年马月”
72651,52349,,,1,形容词,形容人反应迟钝，头脑不灵活
72652,52349,,,2,,比喻器具等式样粗笨
72653,52350,,,1,,不能作为凭据
72654,52351,,,1,形容词,（钱、物、人等）现成就有，用着方便。
72655,52351,,,2,形容词,顺手；得劲儿。
72656,52352,,,1,动词,把炉火盖起来，只留适当空隙，使火既灭不了又着（zháo）不旺
72657,52353,,,1,动词,（对文稿和书籍）审查校订
72658,52354,,,1,,《汉书·董仲舒传》：“临渊羡鱼，不如退而结网。”意思是看着水里有鱼而眼热，不如先回去织好渔网。后用“临渊羡鱼”比喻虽有愿望而不采取实际行动，就什么也得不到
72659,52355,,,1,动词,改行
72660,52356,,,1,形容词,秀丽挺拔；美好突出
72661,52357,,,1,,指不同于大工业生产、不产生烟尘污染的某些服务行业，如旅游业等
72662,52358,,,1,名词,数字为单数的号码
72663,52359,,,1,,只是嘴上说，没有凭据
72664,52360,,,1,动词,等候招聘或聘任
72665,52361,,,1,形容词,形容来势凶猛、声势浩大
72666,52362,,,1,名词,卷成卷儿的被褥。
72667,52363,,,1,动词,奉命出使
72668,52364,,,1,名词,终年栖息在某一地域，不随季节变化而迁徙的鸟（跟“候鸟”相区别）。如乌鸦、喜鹊等
72669,52365,,,1,动词,将青草、树叶、人粪尿、厩肥、河泥以及垃圾等放入坑内，加水浸泡，使发酵分解而制成肥料
72670,52365,,,2,名词,指用上述方法制成的肥料
72671,52366,,,1,名词,对沉迷于赌博而不能自拔的人的蔑称
72672,52367,,,1,形容词,年幼弱小
72673,52368,,,1,,记载轶闻旧事、闾巷民俗的文字；泛指记载轶闻琐事的著述
72674,52369,,,1,名词,在器乐演奏中起打拍子作用的打击乐器。多用三块硬质木板做成，互相打击发出清脆的声音，是我国戏曲乐队的指挥乐器。
72675,52370,,,1,名词,堞墙；也指房屋外墙高出屋面的矮墙；泛指矮墙
72676,52371,,,1,拟声词,模拟燃烧时发出的爆裂声
72677,52372,,,1,动词,继承君位
72678,52373,,,1,动词,依附他人过活
72679,52374,,,1,名词,高音二胡，即广东音乐中使用的粤胡。定弦比一般二胡高五度。多用钢丝弦。音色明朗清澈，适于演奏抒情、活泼、华丽的旋律
72680,52375,,,1,名词,表示不同意见的言论
72681,52376,,,1,形容词,粗野强悍
72682,52377,,,1,动词,考试之前猜测试题内容并作重点准备
72683,52378,,,1,名词,水面上流动的大块浮冰群
72684,52379,,,1,名词,船家
72685,52379,,,2,名词,长年在船上生活的人家
72686,52380,,,1,名词,管子的拐弯接合部分
72687,52381,,,1,动词,边哭边诉说或控诉
72688,52382,,,1,名词,弯曲的程度
72689,52383,,,1,动词,文学创作的表现手法，在叙述一个情节时，插入另一个情节
72690,52383,,,2,名词,插叙的内容
72691,52384,,,1,形容词,羞愧而恼怒
72692,52385,,,1,动词,一种丧葬方式，把尸体或骨灰投入江河湖海中
72693,52386,,,1,动词,播种方法。把种子撒在长条形的沟中，或用耩子等播成长条，条间保持一定距离（跟“撒播”、“点播”相区别）
72694,52387,,,1,名词,棋类游戏。棋子均按军职和武器定名，有陆军棋和陆海空军棋两种。两人对局，以先夺得对方军旗者为胜
72695,52388,,,1,形容词,强悍勇猛
72696,52389,,,1,名词,某些动物在进化过程中形态、颜色、斑纹等逐渐形成跟周围环境中某些物体相似的现象。可保护自身免受侵害。如尺蠖，体色、形态像树枝，木叶蝶像枯叶。也指人的模拟伪装
72697,52390,,,1,动词,感激爱戴（用于下对上）
72698,52391,,,1,形容词,深沉刚毅
72699,52392,,,1,名词,某些地区指烧开水的大灶；也指出售开水、热水的地方
72700,52393,,,1,名词,牙龈的俗称
72701,52393,,,2,名词,留在牙上或牙缝里的食物残渣
72702,52394,,,1,名词,比喻经常受气、被当作出气对象的人
72703,52395,,,1,名词,对因溃疡在眼角膜上留下的白色瘢痕的俗称
72704,52396,,,1,,指从事写作（多含贬义）
72705,52397,,,1,名词,指能走远路的脚掌；借指擅长走路的人
72706,52398,,,1,形容词,（山势）高峻挺拔
72707,52399,,,1,动词,摔跤时用腿别住对方的腿，使之摔倒；比喻暗中用不正当手段害人
72708,52400,,,1,名词,民俗在端午节饮用或涂抹皮肤的掺有雄黄的酒。传说可以驱散湿热毒气
72709,52401,,,1,名词,某些地区指爆竹中的双响
72710,52402,,,1,形容词,（声音）清脆而嘹亮
72711,52403,,,1,动词,说好听但不切实际的话
72712,52404,,,1,名词,为固住流沙，保护农田、建筑物等免遭流沙侵袭而栽植的防护林
72713,52405,,,1,,使性子；任性
72714,52406,,,1,形容词,形容大声而急速喘气的样子
72715,52407,,,1,,比喻窃取别人的胜利果实或劳动成果
72716,52408,,,1,名词,两树连在一起的枝条。比喻恩爱夫妻
72717,52409,,,1,名词,用于紧急抢救伤病员的小药包。外皮通常由橡胶布制成，内装已消毒的三角巾、绷带卷、棉垫等包扎材料和止痛、抗感染的药品等
72718,52410,,,1,名词,住房拆迁或重建期间，提供给住户、单位临时居住的房屋
72719,52411,,,1,名词,秋季成熟的庄稼
72720,52412,,,1,名词,一种根据血统关系来评定人的错误理论，认为人的阶级立场、政治态度、思想品德等是由家庭出身决定的
72721,52413,,,1,名词,借指体弱多病、经常吃药的人（含谐谑意）
72722,52413,,,2,名词,熬中药的瓦罐
72723,52414,,,1,名词,性病。旧时以“花柳”比喻娼妓，故称
72724,52415,,,1,动词,原指骑自行车双手不扶车把；比喻放任自流，不加管理
72725,52416,,,1,形容词,形容像冰一样凉
72726,52417,,,1,名词,掺混在一起的各种果脯或某些其他食品
72727,52417,,,2,名词,比喻杂凑而成的事物
72728,52418,,,1,名词,公债债权人所持的债权凭证
72729,52419,,,1,名词,指权力机关印信上用手握的部位。借指政权
72730,52420,,,1,名词,哺乳动物，头细长，眼和耳极小，吻呈管状，无齿，舌细长。舔食蚁类和其他昆虫。分布于南美洲和中美洲
72731,52421,,,1,名词,树木的化石。木材的纹理清晰可见
72732,52422,,,1,动词,罗织罪名，陷害别人
72733,52423,,,1,,以馈赠或某种行动取悦于人，使其对自己心存感激
72734,52424,,,1,形容词,形容黑而光亮润泽的样子
72735,52425,,,1,名词,传说中有九个头的不吉祥的怪鸟。比喻奸佞狡猾的人
72736,52426,,,1,名词,法语[crêpe georgette]音意合译。一种丝织品，薄而透明，有细微均匀的皱纹。手感柔软，有良好的透气性和悬垂性。可用作衣料、装饰布等。
72737,52427,,,1,,主动跟人拉拢感情
72738,52428,,,1,名词,水上运输工具，用橡胶布制造，使用时充气使浮于水面
72739,52429,,,1,名词,包有肉、菜等馅儿的面饼。
72740,52430,,,1,名词,淘气鬼
72741,52431,,,1,,指充分利用周围的有利条件发展生产，提高生活水平
72742,52432,,,1,名词,旧时讲风水所说的土地的脉络，即地形的好坏
72743,52433,,,1,名词,以乳汁为食的婴儿，通常指不足周岁的婴儿
72744,52434,,,1,动词,金属丝或金属片因受热局部熔化而断开
72745,52434,,,2,动词,给金属丝或金属片加热使断开
72746,52435,,,1,,有机可乘；有空子可以钻
72747,52436,,,1,动词,打猎
72748,52437,,,1,名词,古代妇女用的芳香润发油；泛指香气
72749,52437,,,2,名词,〈文〉借指女子的仪容
72750,52438,,,1,动词,惦记；挂念
72751,52439,,,1,名词,一种杂技，表演者舞弄顶端有旗子的高大旗杆
72752,52440,,,1,动词,有车辙可以沿着它前进。比喻有办法（跟“没辙”相对）
72753,52441,,,1,动词,【搭伙】合为一伙儿；搭伴
72754,52442,,,1,形容词,僵硬冰冷
72755,52443,,,1,名词,祭祀时摆放的果品
72756,52444,,,1,动词,用手把面团抻成面条
72757,52444,,,2,名词,抻成的面条
72758,52445,,,1,动词,排除干净
72759,52446,,,1,名词,以压缩空气为动力的轻型手持采掘工具。用于破碎岩石等
72760,52447,,,1,名词,用竹竿、竹板等制作的床
72761,52448,,,1,名词,旧时按月发给家庭成员或学徒、仆人的钱
72762,52449,,,1,名词,鲢
72763,52450,,,1,,寒风像刀，霜雪像剑。形容天气异常寒冷；比喻人情或环境险恶
72764,52451,,,1,名词,满族的服饰打扮
72765,52452,,,1,,独自具有的敏锐眼光或高超见解（只眼：原指佛教中大自在天神的双眉之上的第三只眼，据说它能识别善恶）
72766,52453,,,1,形容词,晴朗明亮
72767,52454,,,1,,迷信指把人的魂魄勾取出来。形容事物具有强大的魅力，使人心神不定，不能自制
72768,52455,,,1,名词,比喻多余的累赘
72769,52455,,,2,名词,瘊子
72770,52456,,,1,,贫困和疾病一同袭来
72771,52457,,,1,,含着饴糖，逗弄小孙子玩。形容老年人安享天伦之乐
72772,52458,,,1,动词,修理整治
72773,52458,,,2,动词,中药学上指中药药材的加工、炮（páo）制
72774,52459,,,1,,唐·李公佐《南柯太守传》中说：淳于棼在梦中到了大槐安国，被封为南柯郡太守，享尽荣华富贵。醒来后才知道所谓大槐安国就是住宅庭院里大槐树下的一个蚂蚁洞，南柯郡不过是槐树南枝上边的又一个小蚂蚁洞（柯：草木的枝茎）。后多用“南柯一梦”指一场幻梦或一场空欢喜
72775,52460,,,1,,婉词，以自己的能力不够为理由而恭敬地推辞（谢：辞谢；不敏：没有才能）。常用来客气地表示拒绝做某事
72776,52461,,,1,,用瀑布状的水流形成的水幕代替银幕而放映的电影
72777,52462,,,1,形容词,形容神情十分严肃
72778,52463,,,1,形容词,形容作恶多端，引起极大的公愤
72779,52464,,,1,,捆住手脚。比喻不敢放开手脚，大胆做事
72780,52465,,,1,动词,在人前卖弄、显示（自己的能耐）
72781,52466,,,1,,指心直口快，说话没有经过认真考虑。多形容话虽伤人，却没有恶意
72782,52467,,,1,形容词,形容小孩子说话稚气十足的声音、腔调；也形容成年人说话的声音、腔调像小孩子一样
72783,52468,,,1,,满目疮痍
72784,52469,,,1,名词,组成膝关节的骨头之一。人的髌骨呈扁栗形，能随肌肉的收缩和松弛而移动。通称膝盖骨
72785,52470,,,1,,可以用车装，用斗量。形容数量极多
72786,52471,,,1,动词,内心佩服
72787,52472,,,1,动词,采伐（树木）和培育（树苗）
72788,52473,,,1,动词,打听了解到
72789,52474,,,1,形容词,机敏聪明
72790,52475,,,1,动词,栽植树苗
72791,52476,,,1,名词,耵聍（dīngníng）的通称
72792,52477,,,1,名词,票据的存根
72793,52478,,,1,,为纪念五四运动，继承和发扬我国青年光荣的革命传统，中央人民政府政务院于1949年12月规定5月4日为青年节
72794,52479,,,1,动词,悲伤地啼哭；哀鸣
72795,52480,,,1,名词,酒曲
72796,52481,,,1,动词,伤口愈合后留下疤痕
72797,52482,,,1,,另外树立一面旗帜。比喻另创流派，自成一家
72798,52483,,,1,名词,指凶恶的神色
72799,52483,,,2,名词,指邪气
72800,52483,,,3,动词,轮胎、气球等因有小孔隙而漏气
72801,52484,,,1,拟声词,模拟物体撞击的声音
72802,52485,,,1,动词,因不高兴而板起（面孔）
72803,52485,,,2,动词,滔滔不绝地乱说（含厌恶意）
72804,52486,,,1,名词,袖口
72805,52487,,,1,名词,男子发型，头顶留有长约一寸的短发，脑后、两鬓留发更短
72806,52488,,,1,名词,邮局设置在路旁等处供人投寄信件的筒状设备
72807,52489,,,1,,比喻强行拆散恩爱的夫妻或恋人
72808,52490,,,1,名词,圈（juàn）肥
72809,52491,,,1,动词,入席
72810,52492,,,1,名词,负电
72811,52493,,,1,名词,指原唱者
72812,52493,,,2,动词,某首新歌由某演唱者首次公开演唱或录制成唱片、音带等
72813,52494,,,1,名词,用抽成细丝状的饴糖裹上豆面、米粉、芝麻末儿等制成的糖果，酥软香甜。
72814,52495,,,1,名词,规定的办公时间之外的时间
72815,52496,,,1,名词,从含盐分较多的土中熬制出的食盐
72816,52497,,,1,,比喻盲目行动、乱闯乱撞的人
72817,52498,,,1,,水滴石穿
72818,52499,,,1,名词,用于烘烤食品或取暖的炉子。以前多用木炭为燃料，现一般用电
72819,52500,,,1,,比大雁的毛还轻（鸿毛：大雁的毛）。形容价值极低或毫无价值
72820,52501,,,1,名词,鸟，体长约30厘米，栖息于山丘丛林间，鸣声响亮，雄性好斗。分布于我国长江流域以南各地以及陕西南部、河南南部、四川等地
72821,52502,,,1,名词,盗匪或反动势力盘踞的窝点
72822,52503,,,1,名词,发廊
72823,52504,,,1,,唐·王昌龄《芙蓉楼送辛渐》：“洛阳亲友如相问，一片冰心在玉壶。”形容淡泊名利，心地纯洁
72824,52505,,,1,,拈花惹草
72825,52506,,,1,形容词,（食物）粗糙
72826,52506,,,2,名词,〈文〉糙米；泛指粗糙的食物
72827,52507,,,1,名词,螺旋形的线香或蚊香
72828,52508,,,1,动词,挥动旗子表示特定的意思
72829,52508,,,2,名词,铁路上的一种信号，是装在车站两端立杆上的活动板。板横着表示火车不准进站，板向下倾斜，表示准许进站
72830,52509,,,1,形容词,不顺嘴
72831,52510,,,1,,比喻对工作出色的单位或个人提出过高的要求，而不加以爱护
72832,52511,,,1,动词,把缆绳从碇上解开；借指开船
72833,52512,,,1,形容词,宽敞舒适；宽阔舒展
72834,52512,,,2,形容词,愉快舒畅
72835,52513,,,1,动词,嘲笑
72836,52514,,,1,动词,泄露底细
72837,52515,,,1,名词,拨弦乐器，像琵琶而小，有4根弦。发音清脆爽朗
72838,52516,,,1,动词,叙述；述说
72839,52517,,,1,动词,打着呼噜熟睡
72840,52518,,,1,形容词,周详细密
72841,52519,,,1,动词,一边心算一边说出运算过程和结果
72842,52520,,,1,动词,隐藏
72843,52521,,,1,形容词,淫荡猥亵
72844,52522,,,1,名词,装在留声机、电唱机唱头上的特制的针。是唱头的重要器件
72845,52523,,,1,名词,晒盐的滩地
72846,52524,,,1,名词,蚌的一种。壳长椭圆形，壳皮绿褐色或黑色。生活在淡水中。可产优质珍珠，肉可食，壳可以做药材
72847,52525,,,1,动词,五代·王定保《唐摭言·述进士》：“文皇帝（指唐太宗）……尝私幸端门，见新进士缀行而出，喜曰：‘天下英雄入吾彀中矣!’”（彀：射箭所能达到的范围）后用“入彀”比喻人才被网罗，受人掌握
72848,52525,,,2,动词,比喻合乎一定的程式、标准
72849,52525,,,3,动词,比喻中圈套
72850,52525,,,4,形容词,投合；入神
72851,52526,,,1,动词,偏爱所学课程中的某些课程而忽视其他课程
72852,52527,,,1,名词,对某项工作或技巧熟悉的人
72853,52528,,,1,名词,为了积蓄雨水而挖的井，口小膛大，比水井浅，多见于水源缺少的地区
72854,52528,,,2,名词,用于贮藏蔬菜、薯类等的井式地窖
72855,52529,,,1,名词,举行婚礼时陪伴新郎的男子
72856,52530,,,1,动词,因想说话而嘴唇微动
72857,52531,,,1,名词,多年生草本植物，根状茎粗壮，匍匐，秆圆柱形，叶片条形，夏季开花。生于湖边或浅水中。秆可以编席或作造纸原料，根可以做药材
72858,52532,,,1,动词,在博彩活动中，用手从许多彩券中摸出一张，根据券面所示确定是否中彩。
72859,52533,,,1,动词,投放药物
72860,52534,,,1,动词,眼皮跳动，多由眼睛疲劳引起。迷信认为是某种预兆
72861,52535,,,1,名词,彩礼
72862,52536,,,1,动词,环绕；缠绕
72863,52537,,,1,名词,埋葬无主尸骨的坟墓
72864,52538,,,1,名词,麂的通称
72865,52539,,,1,动词,为侦察对方的活动而暗中监听
72866,52540,,,1,名词,竹简和丝绢。古代用来书写文字；也借指典籍
72867,52541,,,1,,使筋骨舒展自如，使血液循环畅通
72868,52542,,,1,动词,【漂浮】漂
72869,52542,,,2,名词,渔漂
72870,52542,,,3,形容词,比喻做事不踏实，不深入
72871,52543,,,1,动词,摆脱世俗的束缚；不落俗套
72872,52544,,,1,动词,悲哀地哭泣
72873,52545,,,1,名词,用彩绸、花卉等装饰的门。多用于喜庆、纪念等活动
72874,52546,,,1,动词,承接制作
72875,52547,,,1,名词,外圆的直径（跟“内径”相区别）
72876,52548,,,1,,自动或半自动照相机的俗称。照相时操作简单，一般不需要调焦距、选择光圈和测算曝光时间等。因易于操作，几乎连傻瓜都会用，故称
72877,52549,,,1,动词,用温水浸泡、药剂处理等人工方法促使种子、薯块、枝条等提前发芽
72878,52550,,,1,动词,招致生气或不快
72879,52551,,,1,动词,利用电热烤烫头发，使形成一定的发型
72880,52552,,,1,动词,拆开取下
72881,52552,,,2,动词,开脱推卸
72882,52553,,,1,名词,给死人穿戴的衣物
72883,52553,,,2,动词,给死人穿戴衣帽等物
72884,52554,,,1,名词,用米粉、面粉、玉米面等经发酵蒸成的松软的糕
72885,52555,,,1,名词,蚂蚁中的一类。头大体壮，无翅。守卫蚁巢并与敌蚁进行战斗
72886,52556,,,1,名词,要下雨的征候
72887,52557,,,1,动词,当面训斥
72888,52558,,,1,形容词,〈口〉形容食物有韧性，有嚼头
72889,52558,,,2,形容词,〈口〉身体硬朗
72890,52559,,,1,动词,走路不小心跌倒
72891,52560,,,1,动词,父亲的教诲；泛指长辈或上级的教育劝导
72892,52561,,,1,形容词,幽静寂寞
72893,52562,,,1,名词,数学上指三角形中跟底边相对的角；锥体中跟底面相对的立体角
72894,52563,,,1,动词,坐着守夜
72895,52564,,,1,形容词,愉快喜悦
72896,52565,,,1,动词,悬挂
72897,52566,,,1,动词,凭借；依仗
72898,52567,,,1,,像天空中随意飘动的云彩，山野中自由自在的仙鹤。旧时比喻不受世事拘束的隐士、出家人等；现多比喻潇洒自在、无拘无束的人
72899,52568,,,1,名词,小型电焊工具，由电热丝、烙铁头和手柄组成。通电后电热丝发热，传导到烙铁头，用以熔化焊料，进行焊接
72900,52569,,,1,名词,斑竹。相传帝舜南巡苍梧而死，他的两个妃子娥皇、女英在湘水上望着苍梧山哭泣，眼泪洒在竹子上，成了斑点，故称
72901,52570,,,1,动词,来得及
72902,52571,,,1,,比喻享受特殊待遇或照顾
72903,52571,,,2,,在共同生活中搞特殊，吃高于一般标准的饭食
72904,52572,,,1,名词,汉语七大方言之一，包括闽北和闽南方言。闽北方言主要分布在福建北部地区，闽南方言主要分布在福建南部、广东东部、海南一部分和台湾大部分地区
72905,52573,,,1,,指在机关里工作
72906,52574,,,1,名词,行走时两脚向内或向外成“八”字形的脚
72907,52575,,,1,,调动工作时把党派或团体的组织关系转移到新的单位
72908,52576,,,1,,旧时指找借口向别人索取钱物
72909,52577,,,1,副词,【大概】表示估计
72910,52577,,,2,形容词,【大概】区别不很准确或不很详尽的
72911,52577,,,3,名词,【大概】大体情况；大致内容
72912,52578,,,1,名词,发射信号弹用的枪
72913,52579,,,1,名词,传说中的仙童。他前额垂着短发，骑在蟾蜍上，手舞钱串子；后借指妇女或儿童披在前额的整齐短发
72914,52580,,,1,,一些日子；一段时间
72915,52581,,,1,名词,指义务教育阶段中途辍学的学生
72916,52582,,,1,名词,电子计算机的一种信息输入设备，有导线和主机相连，由手掌半握着在桌面上移动以调控显示器上的光标。外形像拖着长尾巴的老鼠，故称。简称鼠标
72917,52583,,,1,动词,出嫁
72918,52584,,,1,,没有什么不可以直说的（讳言：因忌讳或有顾虑而有话不说）。表示可以坦率地说出来
72919,52585,,,1,,在饭馆里就餐
72920,52586,,,1,,早起晚睡。形容勤奋不懈
72921,52587,,,1,,从小的方面来说
72922,52588,,,1,,为仁爱和正义而战斗的军队
72923,52589,,,1,,明·马中锡《中山狼传》记载：东郭先生曾想方设法救助一只被人追逐的中山狼，结果险些被狼吃掉。后用“东郭先生”借指对坏人讲仁慈的糊涂人
72924,52590,,,1,,宋·苏轼《饮湖上初晴后雨》：“欲把西湖比西子，淡妆浓抹总相宜。”意思是西湖就像西施一样，无论打扮得素雅还是浓艳都很漂亮。后用“淡妆浓抹”形容人的不同打扮
72925,52591,,,1,,无缘无故遭受的灾祸
72926,52592,,,1,,尖嘴巴，瘦面颊。形容人脸庞瘦削，相貌丑陋
72927,52593,,,1,,指责别人不对
72928,52594,,,1,名词,指掌柜（商店老板）的妻子；泛指主妇（含谐谑意）
72929,52595,,,1,名词,电话机等的传声器。能把话音转换为声频电信号，传送到对方的受话器中
72930,52596,,,1,名词,指经常打瞌睡的人（含讥讽意）
72931,52596,,,2,名词,神话中指能使人打瞌睡的虫子
72932,52597,,,1,形容词,下流，不自重，没出息
72933,52597,,,2,名词,指下三烂的人
72934,52598,,,1,名词,麦子成熟和收割的季节，一般在夏季（秋：指庄稼成熟的季节）
72935,52599,,,1,名词,【扳手】用来拧紧或旋松螺钉、螺母等的工具
72936,52600,,,1,名词,稗子
72937,52601,,,1,形容词,残破简陋
72938,52602,,,1,名词,蛇本没有足，有人画蛇时硬添上足。比喻多余无用的事物
72939,52603,,,1,,旧时官府强行抓青壮年男子去当兵
72940,52604,,,1,名词,用金属制成，有固定的承重底座作为放置被称物的一种秤
72941,52604,,,2,名词,案秤
72942,52605,,,1,动词,捏造罪名陷害他人
72943,52606,,,1,名词,横断面呈凹字形的长条钢材
72944,52607,,,1,名词,旧时集市上插在物品上的草束，作为出售的标志；也插在人身上作为卖身的标志
72945,52608,,,1,名词,典籍
72946,52609,,,1,名词,夹在被面和被里之间的胎，多用棉花、丝绵、腈纶棉、太空棉等制成
72947,52610,,,1,动词,凋零枯萎
72948,52611,,,1,名词,电话拨号后发出的连续而短促的嘟嘟声。表示线路被占，暂时无法通话
72949,52612,,,1,,各种妖魔鬼怪胡蹦乱跳。比喻一群坏人猖狂活动
72950,52613,,,1,名词,传统戏曲中帝王将相、后妃等角色的袍服，绣有金色的蟒纹
72951,52613,,,2,名词,明清两代大臣的礼服，袍上绣有金色的蟒纹
72952,52614,,,1,形容词,形容说话人的嗓门儿高
72953,52615,,,1,名词,写或画在绢上的字画
72954,52616,,,1,名词,比喻不爽利的性格、作风等；也比喻没有达到应有程度的事物
72955,52616,,,2,名词,不冷不热的水
72956,52617,,,1,,不止（某一数量）
72957,52617,,,2,,不够用
72958,52618,,,1,名词,本姓氏以外的人
72959,52619,,,1,形容词,心里憋得慌
72960,52620,,,1,名词,四川风味的面食，在煮熟的面条中放入葱花、姜末、川冬菜、花椒、辣椒油等调料。因旧时多沿街挑担叫卖，故称
72961,52621,,,1,名词,因灾害多而农作物收成很坏的年份
72962,52622,,,1,动词,扶助；帮助（多用于上级对下级，长辈对晚辈）
72963,52622,,,2,动词,搀扶
72964,52623,,,1,名词,用柳条或竹篾等编成的形状像斗的容器，用于装东西。
72965,52624,,,1,形容词,形容鬼鬼祟祟或邪恶不正的样子
72966,52625,,,1,名词,形状像钉子的圆棍，用来插在两个部件中使连接或固定（也说销钉）。
72967,52626,,,1,名词,系在马、骡等肚子上的皮带，用来将鞍子等固定在背上
72968,52627,,,1,动词,胃酸上涌
72969,52628,,,1,名词,下棋的用具，包括棋盘、棋子等
72970,52629,,,1,动词,反咬
72971,52630,,,1,,彼此心意相通，思想一致，感情相投
72972,52631,,,1,名词,挂在门额上的匾
72973,52632,,,1,名词,指偷漏税款或违犯禁令的货物
72974,52632,,,2,名词,比喻反动腐朽的思想、文化等
72975,52633,,,1,动词,纠缠不休
72976,52634,,,1,动词,纠缠；搅扰
72977,52635,,,1,名词,对跳舞特别迷恋的人
72978,52636,,,1,动词,结为同伴；合伙
72979,52637,,,1,名词,支架
72980,52637,,,2,名词,架在火上烤肉用的有腿的箅（bì）子
72981,52638,,,1,形容词,（植物）干燥枯萎
72982,52639,,,1,名词,古代举行歃血盟礼时定下的誓约；后泛指誓约文书
72983,52640,,,1,名词,指身体强壮且具有阳刚之气的男子
72984,52641,,,1,文,孤孤单单地站在那儿。形容无依无靠
72985,52642,,,1,,泼在地上的水难以收回。比喻事情已成定局，无法挽回
72986,52643,,,1,,比喻心里有不可告人的打算或秘密
72987,52644,,,1,动词,交付邮局寄出
72988,52645,,,1,名词,一种有罩的、可以防风雨的油灯
72989,52646,,,1,名词,某个地区使用的名称
72990,52647,,,1,名词,指私下传播的消息或私下传播消息的人
72991,52647,,,2,名词,传播范围小的有线广播
72992,52648,,,1,名词,指斯斯文文、悠闲稳重的步子
72993,52649,,,1,,可以根据具体情况自行处理事务
72994,52650,,,1,形容词,形容水汽、烟雾等弥漫四周，眼前一片白，看不清楚
72995,52651,,,1,名词,除法运算中除式里含有字母的有理代数式。如1/x，a/b
72996,52652,,,1,,像虎一样蹲着，像龙一样盘着。形容地势雄伟险要
72997,52653,,,1,名词,一种写作手法，先展示结局或矛盾斗争最尖锐、最突出的部分，然后再回过头来叙述经过
72998,52653,,,2,动词,追忆叙述
72999,52654,,,1,,豫剧
73000,52655,,,1,动词,敬词，用于指别人赠送给自己（物品）
73001,52656,,,1,动词,招聘
73002,52657,,,1,,零七八碎
73003,52658,,,1,动词,把繁琐的、不必要的省去
73004,52659,,,1,动词,凝聚冻结
73005,52660,,,1,,没有比这更严重的了。形容程度严重到了极点
73006,52661,,,1,名词,窗式空调机
73007,52662,,,1,名词,银行或较大的企业中，协助经理工作的人
73008,52662,,,2,动词,〈文〉协助办理
73009,52663,,,1,名词,原配妻子死后续娶的妻子
73010,52664,,,1,动词,用别的东西代替需要交纳的钱或物；抵偿交付
73011,52665,,,1,名词,人体感染乙型肝炎病毒后产生的抗体。因科学家最先从一位澳大利亚土著人的血液中发现，故称
73012,52666,,,1,名词,秘密为己方侦察或做内应的人
73013,52666,,,2,名词,文学作品中没有直接描写人物活动或事件进展，而是间接显示出来的故事线索
73014,52667,,,1,动词,胶片等感光材料因封闭不严而感光
73015,52668,,,1,名词,急流
73016,52669,,,1,,出战可以领兵为将，入朝可以理政为相。形容人文武双全；也指出任高官要职
73017,52670,,,1,名词,酷热的暑天
73018,52670,,,2,名词,炎热的暑气
73019,52671,,,1,名词,极圈以内地区，每年夏季有一段时间每天24小时都是白天，这种现象叫做极昼
73020,52672,,,1,名词,多年生草本植物，有毒，叶和根含有莨菪（làngdàng）碱，可制成浸膏和酊剂，供药用
73021,52673,,,1,,按照多数人的观点说话或行事（溜：急速的水流）
73022,52674,,,1,名词,一种芳香清凉剂。可从薄荷油中分离而得，也可用化学方法合成，用于制作牙膏、食品等，也供药用
73023,52675,,,1,动词,缓慢行走
73024,52676,,,1,名词,合唱的一种形式，男女声混合共同演唱同一乐曲。如混声四部合唱，包括女高音、女低音、男高音、男低音四个声部
73025,52677,,,1,形容词,停当；妥帖
73026,52678,,,1,动词,丢下不管而离去
73027,52679,,,1,动词,接着别人的话茬儿说下去
73028,52679,,,2,动词,继续做已经在做的事或紧接着做另一件事
73029,52680,,,1,动词,在原定假期之后继续请假
73030,52681,,,1,形容词,干燥蓬松
73031,52681,,,2,形容词,（土地、道路等）不潮湿
73032,52682,,,1,名词,旧时称老百姓呈递给官府的文书
73033,52683,,,1,名词,从排卵开始到排卵结束的一段时间
73034,52684,,,1,动词,结束；收尾
73035,52684,,,2,名词,文章或事情的末尾部分
73036,52685,,,1,名词,碑的上部。上面常刻有图案或题字
73037,52686,,,1,名词,机器上安装传动带的轮子
73038,52687,,,1,动词,把某物从中取出并换上另外的东西；调换
73039,52688,,,1,,识别人品德、才能高下的眼力（明：眼力）
73040,52689,,,1,,切削铁器就如同削泥土一样。形容兵刃极其锋利
73041,52690,,,1,名词,用于爆破的筒状器物，在钢管内装有炸药、雷管等
73042,52691,,,1,名词,用炭笔或炭粉等绘成的画
73043,52692,,,1,,手脚不知放在什么地方才合适。形容不知如何是好
73044,52693,,,1,动词,洗刷冤屈
73045,52694,,,1,形容词,形容非常困难
73046,52695,,,1,名词,一年生草本植物，茎直立，四棱形，多分枝，叶对生，椭圆形或披针形，花白色或淡紫色。全草可以做药材
73047,52696,,,1,,物产丰盛，人民富足（阜：盛多）
73048,52697,,,1,名词,旧时的一种高利贷，借贷人按放贷人的苛刻要求分期偿还贷款，每偿还一次都在折子上盖一个印作为凭证
73049,52698,,,1,,比喻用别人的东西做人情
73050,52699,,,1,,把人挡在千里之外。形容对人态度非常傲慢，不愿与人接触或商谈
73051,52700,,,1,名词,用于贬称人干坏事的胆量
73052,52701,,,1,名词,妻子的弟兄
73053,52702,,,1,名词,演出日期或期限
73054,52703,,,1,名词,军事机宜；战争
73055,52703,,,2,名词,战斗的时机
73056,52704,,,1,动词,控制和垄断核武器，不让其他国家拥有
73057,52705,,,1,名词,用铁链制成的链网，套在汽车车轮上，防止通过泥泞或冰雪路面时车轮打滑
73058,52706,,,1,,比喻抄袭或因袭别人的言论或观点，没有自己的独立见解
73059,52707,,,1,动词,辱骂
73060,52708,,,1,拟声词,模拟液体受压向外排出的声音
73061,52709,,,1,动词,小声交谈或自言自语
73062,52710,,,1,名词,在山坡上挖的交错排列成鱼鳞状的坑，用以蓄水或植树
73063,52711,,,1,,比喻光拿报酬而不做事
73064,52711,,,2,,吃白食
73065,52711,,,3,,只吃饭不就菜
73066,52712,,,1,,双方数量的多少、力量的大小相差很远
73067,52713,,,1,动词,从简办丧事（跟“厚葬”相对）
73068,52714,,,1,名词,穿过相对的门窗或过道的自然风
73069,52715,,,1,动词,记入账簿
73070,52716,,,1,形容词,（感情）深厚
73071,52717,,,1,名词,为请假而写的便条
73072,52718,,,1,形容词,迷人；吸引人
73073,52719,,,1,名词,拇指和中指向掌内弯曲、其余三指翘起的手势，状似兰花。多运用于传统戏曲旦角的表演
73074,52720,,,1,动词,用筷子夹食物（吃）
73075,52721,,,1,副词,顺便
73076,52721,,,2,副词,【顺路】表示顺着要去某处的路线（到另一处去）
73077,52721,,,3,形容词,【顺路】不绕道；方便
73078,52722,,,1,名词,瓜类植物的茎蔓
73079,52723,,,1,动词,嗳气的俗称
73080,52724,,,1,动词,该收对方的钱不收，反而拿钱付给对方
73081,52725,,,1,名词,客轮底层的大舱。一般不分隔成房间，也无固定的铺位，能容纳较多旅客
73082,52726,,,1,动词,倒换休息的时间
73083,52727,,,1,名词,表现男女情爱的诗
73084,52728,,,1,名词,战争造成的灾难
73085,52729,,,1,动词,登记备案
73086,52730,,,1,动词,躺着来回滚动
73087,52730,,,2,动词,比喻长期处在某种艰难困苦的环境中
73088,52731,,,1,动词,一些国家中反对派利用合法手段推翻当权内阁
73089,52732,,,1,名词,为迷惑对方而布置的阵势
73090,52733,,,1,动词,振作勉力
73091,52734,,,1,名词,用来吊起物品的钩子
73092,52735,,,1,动词,用力捶打
73093,52736,,,1,名词,蒸汽锤
73094,52737,,,1,动词,飘动摇曳
73095,52738,,,1,动词,付账（多用于在饭店请人吃饭等）
73096,52739,,,1,名词,从事铆接工作的工人
73097,52739,,,2,名词,铆接金属的工种
73098,52740,,,1,名词,大桌面；席面
73099,52740,,,2,名词,借指交际应酬或公开的场合
73100,52741,,,1,名词,用含水较少的面团在平底锅里烙成的又厚又硬的大饼
73101,52742,,,1,形容词,深蓝
73102,52743,,,1,动词,延误期限
73103,52744,,,1,动词,趁着土壤湿润抢时间播种
73104,52745,,,1,动词,动身；出发
73105,52746,,,1,形容词,清香
73106,52747,,,1,动词,诬告指控；诬蔑指责
73107,52748,,,1,名词,女式手表
73108,52749,,,1,名词,蕴含的意义
73109,52750,,,1,动词,旧俗认为农历腊月二十四日为灶君升天奏事的日子，家家户户在前一天的晚上上供祭送灶君
73110,52751,,,1,动词,附带寄送
73111,52752,,,1,名词,雌蚁
73112,52753,,,1,名词,对当官着迷的人
73113,52754,,,1,动词,附带记载；附带登录
73114,52755,,,1,动词,江河湖海解冻；冻土融解
73115,52756,,,1,名词,柑树的果实
73116,52757,,,1,名词,栓皮栎等树干上的厚栓皮层，可加工成软木，有广泛用途
73117,52758,,,1,动词,陪伴病人住院并负责照料
73118,52758,,,2,动词,陪着在一起居住
73119,52759,,,1,,另起炉灶
73120,52760,,,1,名词,哺乳动物，体型细长，四肢较短，背部棕灰色，胸腹淡黄褐色。肛门旁有臭腺一对，能释放臭气，用以自卫。昼伏夜出，以鼠类等为食，有时也吃家禽。通称黄鼠狼
73121,52761,,,1,名词,旧指青年女子的居室
73122,52762,,,1,名词,相貌较丑而演技出众的著名演员；也指著名的丑角演员
73123,52763,,,1,,铁树（指苏铁）原生长在热带、亚热带，花不常开，移植北方后，多年才开一次；比喻事情特别罕见或极难实现
73124,52764,,,1,名词,窗台
73125,52765,,,1,,指人交上好运时，心思也灵巧起来
73126,52766,,,1,形容词,形容轻微麻木的感觉
73127,52767,,,1,名词,老年人；特指有一定声望的老年人
73128,52768,,,1,名词,用蜡皮包裹的丸药
73129,52768,,,2,名词,用蜡做成的空心球，古代用以封存机密文件，有防潮、防泄露等作用
73130,52769,,,1,,奇异的光亮和色彩
73131,52770,,,1,名词,凶杀案件中的主要凶手
73132,52771,,,1,,原指军队中年老、病弱或因伤而不能打仗的士兵；比喻年老体弱或缺乏工作能力的成员
73133,52772,,,1,,实行粮油配给制时期借指享受城镇居民待遇
73134,52773,,,1,,一片铠甲也没留下。形容全军覆没
73135,52774,,,1,名词,落叶乔木，树冠圆柱形，笔直高耸，叶三角形或菱状卵形，春季开花，雌雄异株。可培育为防护林、行道树。木材供造纸、制火柴杆等用
73136,52775,,,1,名词,工业上用作磨料的金刚石、石榴子石、碳化硅及刚玉的统称
73137,52776,,,1,名词,合印在一页上一式三份的空白单据。在骑缝处盖章并编号
73138,52777,,,1,名词,多年生草本植物，根茎块状，叶丛生，夏秋开花。花也叫晚香玉，白色，香气浓，晚上更甚。可供观赏，也可提取芳香油
73139,52778,,,1,,插上翅膀也难飞走。形容极难逃脱被困的境地
73140,52779,,,1,,打寒战
73141,52780,,,1,名词,清末民间秘密团体，主要活动在我国东南沿海及山东一带。曾多次起义，抗击清军和外国侵略者
73142,52781,,,1,名词,有机酸，无色晶体，在光和空气的作用下会逐渐变为粉红色。用于制染料、合成树脂等，也用作消毒剂
73143,52782,,,1,名词,比喻不露形迹地使人受到折磨或伤害的手段
73144,52783,,,1,名词,迷信指阴曹地府中记载着每个人生死寿限的簿子
73145,52784,,,1,,对于德才超过自己的人心怀嫉恨
73146,52785,,,1,,加快完成所承担的任务
73147,52786,,,1,名词,中秋节
73148,52787,,,1,,漫无边际地夸口
73149,52788,,,1,名词,多年生草本植物，紧密丛生，叶细长，花穗绿褐色，茎、叶干燥后垫在鞋、靴内有抗寒保暖作用，主要生长在我国东北地区
73150,52789,,,1,,以此给予鼓励（资：提供）
73151,52790,,,1,名词,铁路运输上指没有窗子的货车车厢，像个闷罐儿。（也说闷子车。）
73152,52791,,,1,形容词,形容表面很光亮
73153,52792,,,1,形容词,形容颜色像绿孔雀颈部羽毛的色泽一样深蓝而富有光泽。景泰蓝的底色、蓝琉璃瓦的颜色都属孔雀蓝
73154,52793,,,1,名词,指正常人的模样
73155,52793,,,2,名词,指有本事或有出息的样子
73156,52794,,,1,名词,用来放置电视机，对电视机起保护作用而又不影响收视的柜子
73157,52795,,,1,名词,方言
73158,52796,,,1,名词,金文的旧称
73159,52797,,,1,名词,向日葵。因花朝向太阳，故称
73160,52798,,,1,名词,用于优抚的钱
73161,52799,,,1,名词,用来擦脸的纸巾
73162,52800,,,1,名词,用高粱的籽实磨成的面粉
73163,52801,,,1,形容词,形容气势很盛，如同好斗的公牛。常与“胆小如鼠”对照使用，说明外强中干
73164,52802,,,1,形容词,形容柔软、绵软的样子
73165,52803,,,1,,摆架子
73166,52804,,,1,,儿童游戏，在地上画出相连的若干方格，单腿跳着向前踢瓦片、小沙包等，依次经过每一方格
73167,52805,,,1,,专心学习，永不满足（厌：满足）。形容勤奋好学
73168,52806,,,1,名词,一端系有活套的用来套牲口的长木杆
73169,52807,,,1,名词,抗菌素的一种，金黄色结晶，味苦。主要用于治疗肺炎、葡萄球菌败血症、斑疹伤寒、阿米巴痢疾等
73170,52808,,,1,名词,（价格等）上涨的势头
73171,52809,,,1,,客套话，常在准备接受礼物或接受邀请时说，意思是拒绝了就显得不尊敬对方
73172,52810,,,1,,指决不计较
73173,52811,,,1,,古人对天地的尊称
73174,52812,,,1,形容词,形容灾荒、战乱或横征暴敛致使百姓破产流亡的萧条景象（室：家）
73175,52813,,,1,,传说中害人的妖魔鬼怪的统称。比喻形形色色的坏人
73176,52814,,,1,,拖家带口
73177,52815,,,1,,一根木头难以支撑（将要倒塌的大厦）。比喻一个人的力量难以维持衰败局面或支撑全局
73178,52816,,,1,,危险得像堆积起来的蛋，随时会倒下来摔破。形容形势极其危险
73179,52817,,,1,动词,敬词，用于称对方给予同情怜悯
73180,52818,,,1,动词,依靠，秉承（多用于下对上）
73181,52818,,,2,动词,遵从
73182,52818,,,3,动词,迎合，奉承
73183,52819,,,1,名词,用针刺激耳郭特定的穴位以治疗疾病的方法
73184,52820,,,1,名词,肥肉和精粮；泛指美味佳肴
73185,52820,,,2,名词,借指富贵人家
73186,52821,,,1,动词,送殡
73187,52822,,,1,名词,驾辕的马
73188,52823,,,1,名词,品位较低的矿石或矿床（跟“富矿”相区别）
73189,52824,,,1,名词,指一个字表示同一意义，但在习惯上有两种或两种以上的不同读音。如“质”，过去有 zhǐ、zhì 两种读音
73190,52825,,,1,名词,镀在其他金属或物体表面的金属层，如镀锌铁主要用锌做镀层
73191,52826,,,1,动词,用手术切除或摘除器官的病变部分以达到治疗的目的
73192,52827,,,1,名词,极少量的细盐
73193,52828,,,1,形容词,遂心
73194,52829,,,1,动词,争到荣誉，使人感到脸上有光彩
73195,52830,,,1,动词,显示才能（含贬义）
73196,52831,,,1,动词,〈口〉增添烦闷
73197,52831,,,2,动词,加剧堵塞程度
73198,52832,,,1,名词,汁多味甜的柑
73199,52833,,,1,名词,用于洗涤等的粉末状碳酸钠
73200,52834,,,1,名词,弯曲的棍子
73201,52834,,,2,名词,某些地区指剔了肉的牛、羊、猪等的腿骨
73202,52835,,,1,名词,厨师分工中属于烹调菜肴的工作（跟“白案”相区别）
73203,52836,,,1,名词,指食堂或饭店里做主食（烙饼、馒头等）的工作（跟“红案”相区别）
73204,52837,,,1,动词,交通部门查验旅客票证时，在票上剪出缺口（表示已经查验）
73205,52838,,,1,动词,留下祸害
73206,52839,,,1,动词,迷信指享受过度或受到的礼遇过分等而减损寿命
73207,52840,,,1,动词,游玩
73208,52841,,,1,形容词,狡诈阴险
73209,52842,,,1,名词,铺在褥子上的单层布
73210,52843,,,1,名词,旧指在前一朝代做官，投降新一朝代后又做官的人
73211,52843,,,2,名词,指有叛逆思想或行为的人
73212,52844,,,1,动词,某些地区指挨饿
73213,52845,,,1,名词,我国传统计时法指夜间1—3点的时间
73214,52846,,,1,名词,同一行植株中相邻两株间的距离
73215,52847,,,1,名词,承载门扇转轴的石墩或木墩
73216,52848,,,1,名词,屋门或厅室入口处设置的小间，内外各设一道门，有挡风、防寒作用
73217,52849,,,1,名词,宫殿、庙宇等大门上一行行的大铜钉，外露部分呈半球形
73218,52850,,,1,名词,裤腿前后正中从上到下的笔直褶线
73219,52851,,,1,名词,指武术、学术、技艺等得到传授者亲授的一派
73220,52851,,,2,名词,【嫡系】旧指家族相传的正支
73221,52852,,,1,名词,子嗣
73222,52852,,,2,名词,利息
73223,52853,,,1,名词,气魄很大的举动；也指显示阔绰的举动
73224,52854,,,1,名词,义军
73225,52855,,,1,名词,二十四节气之一，在公历每年7月7日前后
73226,52856,,,1,动词,一种健身方法，将身体埋在海滩的沙子里，让日光照射，使身体发热出汗，消除疲劳
73227,52856,,,2,动词,鸡和火鸡斜躺在沙土上，抖动两翅，使沙土进入羽毛内，借以清洁皮肤并除去寄生虫
73228,52857,,,1,动词,吃了上顿，没有下顿。指穷得没有饭吃
73229,52858,,,1,动词,指球类、棋类比赛中每场每局都失败；泛指完全失败
73230,52859,,,1,名词,款式和型号
73231,52860,,,1,名词,一种艺术体操项目
73232,52860,,,2,动词,带领多人一起做操
73233,52861,,,1,名词,由植株形态划分的类型
73234,52862,,,1,名词,指汉字笔画的具体形态
73235,52863,,,1,名词,毫毛的末梢。比喻极微小的数目或极细微的东西
73236,52864,,,1,名词,原指用于殉葬的各种器物；后指烧给死者的纸制器物
73237,52865,,,1,名词,铁路客运中普通快车的简称。中途停车比普客少、比直快和特快多，就全程而言比普客略快
73238,52866,,,1,动词,客套话，表示有事麻烦对方
73239,52867,,,1,名词,棋类的一种下法。棋手不看棋盘，用嘴说出每一步棋的走法
73240,52868,,,1,名词,传统戏曲中一种语调抑扬顿挫、有较强节奏感和音乐性的道白
73241,52868,,,2,名词,京剧中指按照传统念法念的道白，有的字音和北京音略有不同（跟“京白”相区别）
73242,52869,,,1,名词,指可以从中捞到很多私利的差事
73243,52870,,,1,名词,自动扶梯
73244,52871,,,1,动词,在约定的时间和地点聚齐
73245,52871,,,2,动词,定好标准，使数量、长短、高低等一致
73246,52872,,,1,名词,婶母
73247,52873,,,1,动词,诊脉
73248,52874,,,1,名词,未成年的卖淫女子
73249,52875,,,1,动词,【裱】用纸、布或丝织品把字画、古书等衬托粘贴起来，使它美观耐久
73250,52876,,,1,名词,谦词，用于对别人称自己的弟弟
73251,52877,,,1,名词,不用扣眼而能使两边联结在一起的扣子，如用金属或塑料制成的钩状扣、用带毛的尼龙布制成的黏合扣等
73252,52878,,,1,名词,绪论
73253,52879,,,1,名词,悲惨的变故
73254,52879,,,2,动词,（脸色）突然变得惨白
73255,52880,,,1,名词,中药指蛇蜕下的外皮。呈薄膜状，半透明，有光泽
73256,52881,,,1,名词,旧指女子出嫁时随带的女仆
73257,52882,,,1,名词,紧贴堤岸外侧、保护堤岸免受流水冲刷的建筑物，多用石块砌成
73258,52883,,,1,动词,把切薄的肉片儿放在火锅里烫一下就取出来，蘸着佐料吃。某些地区（也说涮锅子。）
73259,52884,,,1,,掌握国家政权
73260,52885,,,1,名词,政党中依仗权势为非作歹的人
73261,52886,,,1,形容词,客套话，表示自己没认出对方或记不准是否见过面
73262,52887,,,1,,《后汉书·岑彭传》：“人苦不知足，既平陇，复望蜀。”后用“得陇望蜀”比喻贪心不足
73263,52888,,,1,,言行不知轻重，没有分寸
73264,52889,,,1,,提起渔网的总绳一撒，所有网眼就都张开了。比喻做事抓住要领，就可带动其他环节；也比喻文章条理分明
73265,52890,,,1,,动不动就受到指责或惩罚
73266,52891,,,1,,天刚亮就赶路，夜晚才住店；形容旅途奔波
73267,52892,,,1,形容词,形容胆量大，无所畏惧
73268,52893,,,1,,遇到不公平的事就发出不满的呼声，表示愤慨
73269,52894,,,1,,脾气、秉性或志趣互相投合
73270,52895,,,1,形容词,形容文化水平很低，没有知识
73271,52896,,,1,,比喻扰乱社会、给人们带来严重灾难的恶人或骄横恣肆的坏人
73272,52896,,,2,,戏称家中特别调皮捣蛋小孩儿
73273,52897,,,1,,原指佛教寺庙中守门的两尊凶神。一叫郑伦，能从鼻中哼出白气；一叫陈奇，能从口中哈出黄气。后多用来比喻某头目手下的两个得力干将
73274,52898,,,1,,不忍心读完（卒：完毕，结束）。形容作品悲楚感人
73275,52899,,,1,名词,连绵大雨
73276,52900,,,1,名词,领导干部的作风、品德修养
73277,52900,,,2,名词,官僚主义风气
73278,52901,,,1,动词,走漏风声
73279,52902,,,1,动词,僧尼或道士求人施舍财物；化缘
73280,52903,,,1,名词,驾牲口用的绳子
73281,52903,,,2,名词,牧民套牲口用的长绳，一端有一个活结
73282,52904,,,1,动词,依次降低或减少
73283,52905,,,1,名词,原始社会早期的婚姻形态，指某氏族的一群男子同另一氏族的一群女子共为夫妻
73284,52906,,,1,动词,依次升高或提升
73285,52907,,,1,动词,敬词，表示向对方提出请求
73286,52908,,,1,动词,跺脚
73287,52909,,,1,名词,把鸡蛋等的蛋白、蛋黄搅匀后，加上水和调料蒸熟的食物
73288,52910,,,1,动词,指锅炉、水壶等容器烧水时，水中溶解的钙、镁、碳酸氢盐受热分解，析出白色沉淀物，附着在容器内壁上
73289,52911,,,1,名词,夏朝末代君主桀和商朝末代君主纣，相传都是暴君；泛指暴虐的统治者
73290,52912,,,1,名词,指在政治上不讲原则，惯于见风使舵、投机取巧的一类人
73291,52913,,,1,名词,霉变的斑痕
73292,52914,,,1,名词,戏曲中旦角的一种，扮演勇武善斗的年轻女子
73293,52915,,,1,动词,隐蔽形迹，不公开活动
73294,52915,,,2,动词,隐居
73295,52916,,,1,名词,零散不够装满一车的货物
73296,52917,,,1,名词,从植物的主干上分出来的较大的枝杈
73297,52918,,,1,名词,地方戏曲剧种，流行于湖北以及江西部分地区。清末由湖北黄冈、孝感一带的“哦呵腔”发展而成
73298,52919,,,1,形容词,声音嘈杂刺耳
73299,52919,,,2,动词,喧哗鼓噪
73300,52920,,,1,名词,露天的排水沟（跟“暗沟”相区别）
73301,52921,,,1,名词,鸟，羽毛灰色，天将下雨或刚晴时，常在树上咕咕地叫
73302,52922,,,1,名词,用开水和（huó）的面
73303,52923,,,1,名词,有彩绘的厅堂；泛指装饰华丽的厅堂
73304,52924,,,1,名词,把银朱加在粉红色的颜料里调和而成的颜色
73305,52925,,,1,动词,上账
73306,52926,,,1,名词,留底儿的样子
73307,52927,,,1,动词,招女婿入赘
73308,52928,,,1,名词,谦词，用于称自己的意见
73309,52929,,,1,名词,田地里划分地界或挡水用的土埂子
73310,52930,,,1,动词,提拔；选拔
73311,52931,,,1,名词,雌性的蜂类；特指雌性蜜蜂，包括生殖器官发育完全的蜂王和生殖器官发育不完全的工蜂。
73312,52932,,,1,动词,自己责备自己，怪罪自己
73313,52933,,,1,名词,一种寄生虫。成虫线形，口部有钩，寄生在人的小肠内，能引起贫血、丘疹等
73314,52934,,,1,动词,摄影时用仪器测量被摄物体的亮度；也指测量天体亮度
73315,52935,,,1,名词,旧时存放印刷铅字和中文打字用的铅字的盘子
73316,52936,,,1,形容词,娇嫩柔弱
73317,52936,,,2,形容词,年轻；幼稚
73318,52937,,,1,动词,吊唁祭奠
73319,52938,,,1,动词,仔细察看
73320,52939,,,1,名词,由主枝或副主枝向周围长出来的小枝
73321,52940,,,1,名词,佩戴在胸前的小装饰品
73322,52941,,,1,动词,降低价格
73323,52942,,,1,名词,电子计算机中用来处理声音信号的硬件设备
73324,52943,,,1,动词,崩塌
73325,52944,,,1,名词,用麦芽糖制成的瓜状糖果
73326,52945,,,1,名词,用涤纶纤维和棉纱混纺织成的卡其布。布面斜纹明显，经纬纱密度大
73327,52946,,,1,动词,用药物让小孩迷糊，然后拐骗走
73328,52947,,,1,名词,旧指以商店名义所作的担保
73329,52948,,,1,名词,用酱或酱油腌制的黄瓜等
73330,52949,,,1,形容词,指南方某些手工业品、食品的式样或制法
73331,52950,,,1,名词,用麦芽或谷芽熬成的淡黄色胶状体软糖，可用来制糖果、糕点等
73332,52951,,,1,形容词,骄傲轻慢
73333,52952,,,1,名词,笔帽
73334,52952,,,2,名词,用线、丝等织成的或用布做成的套笔的袋儿
73335,52953,,,1,名词,利用杠杆原理把物品从低处提到高处的工具
73336,52954,,,1,名词,狡诈的计策
73337,52955,,,1,名词,就某一类事物作的简要、概括的书面说明（多作标题或书名）
73338,52956,,,1,名词,古代帝王或诸侯的继承人（多为嫡长子）
73339,52956,,,2,名词,指过继的儿子
73340,52957,,,1,名词,稻的变种，籽实黏性强
73341,52958,,,1,名词,从师学艺的徒弟
73342,52959,,,1,动词,把旧衣服拆开改做
73343,52960,,,1,动词,迎接
73344,52961,,,1,名词,扬场（cháng）用的木制农具，形似铁锨而宽大
73345,52962,,,1,名词,臀部的周长尺寸
73346,52963,,,1,名词,蛾子
73347,52964,,,1,名词,深棕色和接近黑色的水晶的通称，可制作眼镜片等
73348,52965,,,1,,太阳能电池。用半导体硅、硒等材料把太阳能直接转变为电能的装置。广泛应用于人造卫星、钟表、收录机、交通工具等
73349,52966,,,1,,凭借势力强行夺取（多指财物）
73350,52967,,,1,,违心地迎合别人
73351,52968,,,1,,指以风花雪月等景物为题材写诗作文；现多形容诗文内容空虚，脱离现实
73352,52969,,,1,,指初成年时结成的夫妻（结发：束发，古代男童长到成年时开始束发）；泛指原配夫妻
73353,52970,,,1,名词,一种极细的面条
73354,52971,,,1,名词,一种交际舞。源于美国黑人的民间舞蹈，4/4拍，有快、慢两种舞步
73355,52972,,,1,名词,睡觉时叠成筒状的被子
73356,52973,,,1,,使用不正当的方法对付别人
73357,52974,,,1,名词,一般指密度小于4.5克/厘米3的金属。分有色轻金属与稀有轻金属，前者有铝、镁、钙、钠等；后者有锂、铍、铷、铯等
73358,52975,,,1,形容词,形容鲜血流出后涂得到处都是的样子
73359,52976,,,1,名词,含碳量低于2%的铁碳合金的总称
73360,52977,,,1,名词,用大米加水磨成的浆制成的一种食品，形状像豆腐
73361,52978,,,1,名词,用棉纱针织的内裤
73362,52979,,,1,名词,行走时步子缓慢，两脚向内或向外成“八”字形的步伐
73363,52980,,,1,名词,不正当的办法；坏主意
73364,52981,,,1,,同老虎商量要它的皮（谋：商量）。比喻跟恶人商量，要他放弃自己的利益，那是办不到的
73365,52982,,,1,名词,粗纤维含量高、营养价值较低的植物性饲料。如干草、荚壳等
73366,52983,,,1,,指婴幼儿（黄口：雏鸟的嘴）。多用于讥讽无知的年轻人
73367,52984,,,1,动词,对排尿失去控制能力，尿液经尿道自动流出
73368,52985,,,1,名词,月宫
73369,52986,,,1,名词,复利
73370,52987,,,1,名词,曾祖父的父亲
73371,52988,,,1,名词,铁制的蒺藜状军用障碍物。布设在要道上或浅水中，用来阻止敌方人马、车辆前进
73372,52989,,,1,名词,戏曲舞台上各种武打演技；比喻各种暴力行动（多指激烈的打架斗殴）
73373,52990,,,1,,比喻见利忘义，谁对自己有好处就依附谁
73374,52991,,,1,,像花朵和锦缎那样绚丽多彩。形容前程美好或风景优美
73375,52992,,,1,,知道对方的冷暖。形容非常体贴关心，照顾得十分周到
73376,52993,,,1,,又跑又跳
73377,52994,,,1,,比喻相互勾结的一帮坏人
73378,52995,,,1,形容词,形容极公平合理；引申为理所当然
73379,52996,,,1,,观看的人一层层挤着，好像围墙一样（堵：墙壁）。形容观众极多
73380,52997,,,1,,感情破裂，原有的情义一笔勾销
73381,52998,,,1,,兄弟在家里争吵。后用“兄弟阋墙”比喻内部争斗
73382,52999,,,1,,一万或将近一万
73383,53000,,,1,,指祸患发生在内部
73384,53001,,,1,,外国的奇异传闻；也指荒诞无稽的言论或稀奇古怪的传说
73385,53002,,,1,,引火烧身
73386,53003,,,1,,下象棋时为了保住车而丢掉卒，比喻为了保住主要的而舍弃次要的
73387,53004,,,1,,胡说八道
73388,53005,,,1,,声响直上云霄，阻止住了流动的浮云。形容声音极其响亮
73389,53006,,,1,形容词,形容众人议论纷纷，说法多种多样；也形容在场的人多，容易泄露机密
73390,53007,,,1,,没有什么可以用来作回报
73391,53008,,,1,,比喻条件成熟、一触即发的形势；也比喻在一起的情欲旺盛的男女
73392,53009,,,1,名词,先天性疾病。患者体内缺乏色素，毛发呈白色，皮肤呈粉白色，眼睛怕光
73393,53010,,,1,形容词,形容快乐闲适的样子
73394,53011,,,1,,托人找门路以达到某种目的
73395,53012,,,1,名词,具有良好弹性的专用结构钢
73396,53013,,,1,名词,落叶灌木，羽状复叶，花序穗状簇生，紫蓝色。嫩枝叶可以做饲料和绿肥，老枝可编织篮、筐
73397,53014,,,1,名词,千里马（驹：少壮的马）
73398,53015,,,1,,空出位置等候，表示恭候。
73399,53016,,,1,,存心取得不应得的利益
73400,53017,,,1,形容词,形容女子容貌极美
73401,53018,,,1,动词,采取措施度过饥荒
73402,53019,,,1,名词,娱乐用具，在棍棒的一端或两端钉上团成球的碎布，蘸上油或酒精，点燃后在黑暗处舞动，形成多变的火光曲线
73403,53020,,,1,名词,能发育成新枝条的芽
73404,53021,,,1,动词,乞求投降
73405,53022,,,1,名词,对年轻女警察的美称
73406,53023,,,1,名词,水井的围栏
73407,53024,,,1,,比喻外表好看而没有真才实学的人或外表好看而质量并不高的东西
73408,53025,,,1,名词,盗匪
73409,53026,,,1,动词,失身
73410,53027,,,1,动词,敬词，表示希望对方能够委屈一下（多用于邀请对方）
73411,53028,,,1,动词,迷恋地看；呆呆地看
73412,53028,,,2,动词,痴迷地盼望或期待
73413,53029,,,1,形容词,（气味）又腥又膻
73414,53030,,,1,名词,从发射机传送信号到天线的传输线
73415,53031,,,1,名词,灵柩
73416,53032,,,1,名词,刀口；刀锋
73417,53033,,,1,动词,振臂
73418,53034,,,1,动词,用铆钉连接金属构件，先打眼，然后穿上铆钉，在没有帽的一端锤打出帽来，使构件固定在一起
73419,53035,,,1,名词,标点符号，形式为“：”。用在称呼语、提示性词语后边，表示提起下文；用在需要解释的词语后边，表示引出解释或说明；用在总括性话语前边，表示总结上文
73420,53036,,,1,名词,加入团体后所取得的团体成员的资格；特指加入中国共产主义青年团后所取得的团员资格
73421,53037,,,1,动词,中医指食物滞留在胃里不消化
73422,53038,,,1,动词,盘查追问
73423,53039,,,1,名词,仿照皮革的性能、外观制造的皮革代用品
73424,53040,,,1,名词,用于吃饭的费用
73425,53041,,,1,名词,绘图用具，木制或塑料制的直角三角形薄板，两块为一副，一块的两个锐角均为45°，另一块的两个锐角分别为30°和60°
73426,53042,,,1,名词,车站、码头等专为旅客办理寄存、托运行李的地方
73427,53043,,,1,,性格、才干或境遇相似的人互相爱慕、敬重或同情（惺惺：聪明的人）
73428,53044,,,1,,没头苍蝇
73429,53045,,,1,名词,厨师的副手；借指对某项工作一知半解、技术不高的人
73430,53046,,,1,,含辛茹苦
73431,53047,,,1,,汉语七大方言之一，主要分布在广东、广西、福建、江西、湖南、四川、海南、台湾等地
73432,53048,,,1,,不切实际或没有必要地过分追求
73433,53049,,,1,名词,一种制暖电器，把吸入的空气加热排出，以提高室温
73434,53050,,,1,名词,镜片能随光线强弱而改变颜色深浅的眼镜
73435,53051,,,1,,一种绘画技法。比喻描写渲染周围事物，以突出中心事物的写作手法
73436,53052,,,1,动词,因兴奋而又跑又跳，非常活跃
73437,53053,,,1,名词,比喻人间黑暗而悲惨的生活环境
73438,53054,,,1,名词,用鹅翎制成的扇子。在小说和戏曲中，三国时期蜀国军师诸葛亮的打扮是羽扇（即鹅毛扇）纶巾。后来常用“摇鹅毛扇的”借指智囊人物
73439,53055,,,1,名词,由若干人集合在一起拍摄的相片
73440,53056,,,1,,跟在别人的后面走（后尘：人或车、马行进时后面扬起的尘土）。比喻追随、模仿别人
73441,53057,,,1,名词,电话机等的听筒或耳机，能把送话器传来的声频电信号变成声音，使受话人听到
73442,53058,,,1,名词,检测机器、仪器工作表面的水平度、平面度或垂直度的量具。主要装有一个密封玻璃管，内装液体，留有气泡。气泡居中时，其底面即为水平位置
73443,53059,,,1,,《战国策·齐策四》：“狡兔有三窟，仅得免其死耳。今君有一窟，未得高枕而卧也。请为君复凿二窟。”后用“狡兔三窟”比喻避祸藏身的地方多
73444,53060,,,1,,指为人固执，难以沟通；难以听进别人的话
73445,53060,,,2,,指坚持原则，不轻易通融
73446,53061,,,1,,美好的名声永远流传
73447,53062,,,1,形容词,形容伤心啼哭的样子
73448,53063,,,1,名词,事情发生的紧要时刻
73449,53064,,,1,,幸运的事不会接二连三到来（常跟“祸不单行”连用）
73450,53065,,,1,,比喻对某些知识或某种技术一知半解的人
73451,53066,,,1,动词,早晨正式上课以前学生自学
73452,53067,,,1,名词,比喻在男女关系方面忌妒心极强的人
73453,53068,,,1,动词,赤裸
73454,53069,,,1,名词,抹灰泥的工具
73455,53070,,,1,形容词,〈口〉重要；关键
73456,53070,,,2,动词,能承受重量；顶事
73457,53071,,,1,名词,地方戏曲剧种，流行于云南全省和四川、贵州的部分地区
73458,53072,,,1,名词,乌龙茶
73459,53073,,,1,名词,常绿乔木，叶子长卵形，花白色。果实叫香橙或橙子，有香味，橙黄色，是常见水果
73460,53074,,,1,形容词,遥远
73461,53075,,,1,名词,皇宫或寺院正殿两侧的殿堂
73462,53076,,,1,名词,用彩纸、彩绸、树枝、鲜花等装饰的棚子。用于喜庆、纪念等活动
73463,53077,,,1,动词,眼睛怕光线刺激，是一种眼科疾病
73464,53078,,,1,动词,原定休假的时间不休息而调整到另外的时间再休息
73465,53079,,,1,名词,初生婴儿身上的毛发；也指哺乳动物初生的幼崽身上的毛
73466,53080,,,1,名词,公家按规定给予的假期。如产假、工伤假、因公事暂离岗位而请的假等
73467,53081,,,1,动词,一种丧葬仪式，把遗体放入棺中，钉上棺盖
73468,53082,,,1,名词,套在脚上的像蹼一样的用具，可以增加划水的能力
73469,53083,,,1,动词,漏电
73470,53084,,,1,名词,春小麦
73471,53085,,,1,名词,因原任职人员离职或死亡而空缺的职位
73472,53086,,,1,动词,寻找求取
73473,53087,,,1,名词,一种爆竹，火药分装两截，下截爆炸发出第一响，把上截送上天空再爆炸，发出第二响。某些地区
73474,53088,,,1,名词,物体上没有显露在外部的损伤
73475,53088,,,2,名词,内伤
73476,53089,,,1,名词,疾病的征象
73477,53090,,,1,名词,耵聍（dīngníng）的俗称
73478,53091,,,1,动词,用车载客或替人运货获取报酬
73479,53092,,,1,动词,竖起
73480,53093,,,1,名词,打苍蝇用的拍子
73481,53094,,,1,名词,只有一个字的汉族姓氏（跟“复姓”相区别）。如张、王、李、赵
73482,53095,,,1,动词,彼此心里有隔阂，不能沟通
73483,53096,,,1,形容词,妩媚；美好
73484,53097,,,1,名词,口味淡薄的酒（多用作谦词）
73485,53098,,,1,动词,用人工方法促进雌性动物发情排卵
73486,53099,,,1,形容词,劳累；辛苦
73487,53100,,,1,动词,打听寻找；查访寻求
73488,53101,,,1,名词,纱线等做的烛芯在燃烧时结成的花状灰烬；也指烛火中迸出的火花
73489,53102,,,1,动词,油脂渗出或耗失
73490,53103,,,1,形容词,殷实富有
73491,53104,,,1,动词,把物件向较硬的地方碰撞，以震掉附着物
73492,53105,,,1,名词,蟾蜍耳后腺和皮肤腺分泌的白色黏液，有毒，可以做药材
73493,53106,,,1,动词,指复习已学过的书本知识；温习功课
73494,53107,,,1,动词,烘烤制作
73495,53108,,,1,名词,我国明清时期一种刺绣技法及其制品。所绣山水、花鸟、人物、走兽极为生动逼真。始创于明代进士顾名世之家，故称
73496,53109,,,1,名词,用电能作动力的时钟
73497,53110,,,1,动词,产量低于原定的指标
73498,53111,,,1,动词,（按一定的规定和要求）参加接受检查、检阅或检验
73499,53112,,,1,名词,【篷】用竹木、帆布等制成的遮蔽风雨的设备
73500,53113,,,1,名词,阉割过的鸡。体大、肥嫩，专供食用
73501,53113,,,2,动词,阉割公鸡
73502,53114,,,1,动词,把物体放入水中摇晃着洗或把水放入容器摇晃着洗
73503,53115,,,1,动词,在空中盘旋
73504,53116,,,1,动词,新近死了丈夫
73505,53117,,,1,动词,疲倦时打哈欠，伸懒腰
73506,53118,,,1,动词,禾谷类作物（如稻、麦等）的穗在叶鞘内逐渐形成
73507,53119,,,1,动词,摘取要点
73508,53119,,,2,名词,所摘取的要点
73509,53120,,,1,名词,医学上指堵塞血管使发生栓塞的物质。血栓或异物都能成为栓子
73510,53121,,,1,名词,嗉子
73511,53122,,,1,动词,遭受委屈或冤屈
73512,53123,,,1,名词,（水果、种子及其他物品上）虫子蛀咬的小孔
73513,53124,,,1,形容词,（形势、心情等）和缓或松弛
73514,53125,,,1,动词,驱使；逼迫
73515,53126,,,1,名词,忧愁苦闷的心情
73516,53127,,,1,形容词,新颖而巧妙
73517,53128,,,1,,洁白的美玉上有小斑点。比喻美中略有不足
73518,53129,,,1,名词,夫妻中一方或双方为现役军人的婚姻
73519,53130,,,1,名词,比喻对社会有害的风气、潮流
73520,53130,,,2,名词,传说中妖魔鬼怪施行妖术时兴起的风
73521,53131,,,1,名词,植物的枝杈
73522,53132,,,1,名词,用细菌培养成的能使机体产生免疫力的疫苗。有死菌苗和活菌苗两种，前者如霍乱、百日咳、伤寒疫苗等，后者如鼠疫菌苗、卡介苗等
73523,53133,,,1,动词,昧良心
73524,53134,,,1,动词,论辩时针对对方的论点加以批驳，同时阐述己方的观点
